 
****************************************
Report : timing
        -path full
        -delay min
        -max_paths 100
Design : System_TOP
Version: O-2018.06-SP1
Date   : Wed Oct  7 00:45:59 2026
****************************************

Operating Conditions: scmetro_tsmc_cl013g_rvt_ff_1p32v_m40c   Library: scmetro_tsmc_cl013g_rvt_ff_1p32v_m40c
Wire Load Model Mode: top

  Startpoint: UART_RX_IN (input port clocked by UART_CLK)
  Endpoint: Domain_2_TOP_U1/UART_U0/U1/U2/sample_2_reg
            (rising edge-triggered flip-flop clocked by RX_CLK)
  Path Group: INREG
  Path Type: min

  Point                                                   Incr       Path
  --------------------------------------------------------------------------
  clock UART_CLK (rise edge)                              0.00       0.00
  clock network delay (ideal)                             0.00       0.00
  input external delay                                   54.25      54.25 f
  UART_RX_IN (in)                                         0.01      54.26 f
  U3/Y (BUFX2M)                                           0.15      54.41 f
  Domain_2_TOP_U1/RX_IN (Domain_2_TOP)                    0.00      54.41 f
  Domain_2_TOP_U1/UART_U0/RX_IN_S (UART_TOP)              0.00      54.41 f
  Domain_2_TOP_U1/UART_U0/U1/RX_IN (TOP_RX)               0.00      54.41 f
  Domain_2_TOP_U1/UART_U0/U1/U2/RX_IN (data_sampling)     0.00      54.41 f
  Domain_2_TOP_U1/UART_U0/U1/U2/U3/Y (INVX2M)             0.06      54.47 r
  Domain_2_TOP_U1/UART_U0/U1/U2/U8/Y (OAI2BB2X1M)         0.07      54.55 f
  Domain_2_TOP_U1/UART_U0/U1/U2/sample_2_reg/D (DFFRQX2M)
                                                          0.00      54.55 f
  data arrival time                                                 54.55

  clock RX_CLK (rise edge)                                0.00       0.00
  clock network delay (ideal)                             0.00       0.00
  Domain_2_TOP_U1/UART_U0/U1/U2/sample_2_reg/CK (DFFRQX2M)
                                                          0.00       0.00 r
  library hold time                                      -0.03      -0.03
  data required time                                                -0.03
  --------------------------------------------------------------------------
  data required time                                                -0.03
  data arrival time                                                -54.55
  --------------------------------------------------------------------------
  slack (MET)                                                       54.58


  Startpoint: UART_RX_IN (input port clocked by UART_CLK)
  Endpoint: Domain_2_TOP_U1/UART_U0/U1/U2/sample_1_reg
            (rising edge-triggered flip-flop clocked by RX_CLK)
  Path Group: INREG
  Path Type: min

  Point                                                   Incr       Path
  --------------------------------------------------------------------------
  clock UART_CLK (rise edge)                              0.00       0.00
  clock network delay (ideal)                             0.00       0.00
  input external delay                                   54.25      54.25 f
  UART_RX_IN (in)                                         0.01      54.26 f
  U3/Y (BUFX2M)                                           0.15      54.41 f
  Domain_2_TOP_U1/RX_IN (Domain_2_TOP)                    0.00      54.41 f
  Domain_2_TOP_U1/UART_U0/RX_IN_S (UART_TOP)              0.00      54.41 f
  Domain_2_TOP_U1/UART_U0/U1/RX_IN (TOP_RX)               0.00      54.41 f
  Domain_2_TOP_U1/UART_U0/U1/U2/RX_IN (data_sampling)     0.00      54.41 f
  Domain_2_TOP_U1/UART_U0/U1/U2/U3/Y (INVX2M)             0.06      54.47 r
  Domain_2_TOP_U1/UART_U0/U1/U2/U4/Y (OAI2BB2X1M)         0.07      54.55 f
  Domain_2_TOP_U1/UART_U0/U1/U2/sample_1_reg/D (DFFRQX2M)
                                                          0.00      54.55 f
  data arrival time                                                 54.55

  clock RX_CLK (rise edge)                                0.00       0.00
  clock network delay (ideal)                             0.00       0.00
  Domain_2_TOP_U1/UART_U0/U1/U2/sample_1_reg/CK (DFFRQX2M)
                                                          0.00       0.00 r
  library hold time                                      -0.03      -0.03
  data required time                                                -0.03
  --------------------------------------------------------------------------
  data required time                                                -0.03
  data arrival time                                                -54.55
  --------------------------------------------------------------------------
  slack (MET)                                                       54.58


  Startpoint: UART_RX_IN (input port clocked by UART_CLK)
  Endpoint: Domain_2_TOP_U1/UART_U0/U1/U2/sample_3_reg
            (rising edge-triggered flip-flop clocked by RX_CLK)
  Path Group: INREG
  Path Type: min

  Point                                                   Incr       Path
  --------------------------------------------------------------------------
  clock UART_CLK (rise edge)                              0.00       0.00
  clock network delay (ideal)                             0.00       0.00
  input external delay                                   54.25      54.25 f
  UART_RX_IN (in)                                         0.01      54.26 f
  U3/Y (BUFX2M)                                           0.15      54.41 f
  Domain_2_TOP_U1/RX_IN (Domain_2_TOP)                    0.00      54.41 f
  Domain_2_TOP_U1/UART_U0/RX_IN_S (UART_TOP)              0.00      54.41 f
  Domain_2_TOP_U1/UART_U0/U1/RX_IN (TOP_RX)               0.00      54.41 f
  Domain_2_TOP_U1/UART_U0/U1/U2/RX_IN (data_sampling)     0.00      54.41 f
  Domain_2_TOP_U1/UART_U0/U1/U2/U10/Y (OAI2BB2X1M)        0.19      54.60 f
  Domain_2_TOP_U1/UART_U0/U1/U2/sample_3_reg/D (DFFRX1M)
                                                          0.00      54.60 f
  data arrival time                                                 54.60

  clock RX_CLK (rise edge)                                0.00       0.00
  clock network delay (ideal)                             0.00       0.00
  Domain_2_TOP_U1/UART_U0/U1/U2/sample_3_reg/CK (DFFRX1M)
                                                          0.00       0.00 r
  library hold time                                      -0.03      -0.03
  data required time                                                -0.03
  --------------------------------------------------------------------------
  data required time                                                -0.03
  data arrival time                                                -54.60
  --------------------------------------------------------------------------
  slack (MET)                                                       54.63


  Startpoint: UART_RX_IN (input port clocked by UART_CLK)
  Endpoint: Domain_2_TOP_U1/UART_U0/U1/U1/cur_state_reg[2]
            (rising edge-triggered flip-flop clocked by RX_CLK)
  Path Group: INREG
  Path Type: min

  Point                                                   Incr       Path
  --------------------------------------------------------------------------
  clock UART_CLK (rise edge)                              0.00       0.00
  clock network delay (ideal)                             0.00       0.00
  input external delay                                   54.25      54.25 r
  UART_RX_IN (in)                                         0.01      54.26 r
  U3/Y (BUFX2M)                                           0.12      54.39 r
  Domain_2_TOP_U1/RX_IN (Domain_2_TOP)                    0.00      54.39 r
  Domain_2_TOP_U1/UART_U0/RX_IN_S (UART_TOP)              0.00      54.39 r
  Domain_2_TOP_U1/UART_U0/U1/RX_IN (TOP_RX)               0.00      54.39 r
  Domain_2_TOP_U1/UART_U0/U1/U1/RX_IN (FSM_RX)            0.00      54.39 r
  Domain_2_TOP_U1/UART_U0/U1/U1/U18/Y (NOR2X2M)           0.05      54.44 f
  Domain_2_TOP_U1/UART_U0/U1/U1/U17/Y (AOI32X1M)          0.16      54.60 r
  Domain_2_TOP_U1/UART_U0/U1/U1/U14/Y (OAI211X2M)         0.08      54.68 f
  Domain_2_TOP_U1/UART_U0/U1/U1/cur_state_reg[2]/D (DFFRQX2M)
                                                          0.00      54.68 f
  data arrival time                                                 54.68

  clock RX_CLK (rise edge)                                0.00       0.00
  clock network delay (ideal)                             0.00       0.00
  Domain_2_TOP_U1/UART_U0/U1/U1/cur_state_reg[2]/CK (DFFRQX2M)
                                                          0.00       0.00 r
  library hold time                                      -0.03      -0.03
  data required time                                                -0.03
  --------------------------------------------------------------------------
  data required time                                                -0.03
  data arrival time                                                -54.68
  --------------------------------------------------------------------------
  slack (MET)                                                       54.71


  Startpoint: Domain_1_TOP_U0/SYS_CTRL_U3/opB_reg_reg[7]
              (rising edge-triggered flip-flop clocked by REF_CLK)
  Endpoint: Domain_1_TOP_U0/SYS_CTRL_U3/opB_reg_reg[7]
            (rising edge-triggered flip-flop clocked by REF_CLK)
  Path Group: REF_CLK
  Path Type: min

  Point                                                   Incr       Path
  --------------------------------------------------------------------------
  clock REF_CLK (rise edge)                               0.00       0.00
  clock network delay (ideal)                             0.00       0.00
  Domain_1_TOP_U0/SYS_CTRL_U3/opB_reg_reg[7]/CK (DFFRX1M)
                                                          0.00       0.00 r
  Domain_1_TOP_U0/SYS_CTRL_U3/opB_reg_reg[7]/QN (DFFRX1M)
                                                          0.35       0.35 r
  Domain_1_TOP_U0/SYS_CTRL_U3/U133/Y (OAI22X1M)           0.09       0.44 f
  Domain_1_TOP_U0/SYS_CTRL_U3/opB_reg_reg[7]/D (DFFRX1M)
                                                          0.00       0.44 f
  data arrival time                                                  0.44

  clock REF_CLK (rise edge)                               0.00       0.00
  clock network delay (ideal)                             0.00       0.00
  clock uncertainty                                       0.10       0.10
  Domain_1_TOP_U0/SYS_CTRL_U3/opB_reg_reg[7]/CK (DFFRX1M)
                                                          0.00       0.10 r
  library hold time                                      -0.01       0.09
  data required time                                                 0.09
  --------------------------------------------------------------------------
  data required time                                                 0.09
  data arrival time                                                 -0.44
  --------------------------------------------------------------------------
  slack (MET)                                                        0.35


  Startpoint: Domain_1_TOP_U0/SYS_CTRL_U3/opB_reg_reg[4]
              (rising edge-triggered flip-flop clocked by REF_CLK)
  Endpoint: Domain_1_TOP_U0/SYS_CTRL_U3/opB_reg_reg[4]
            (rising edge-triggered flip-flop clocked by REF_CLK)
  Path Group: REF_CLK
  Path Type: min

  Point                                                   Incr       Path
  --------------------------------------------------------------------------
  clock REF_CLK (rise edge)                               0.00       0.00
  clock network delay (ideal)                             0.00       0.00
  Domain_1_TOP_U0/SYS_CTRL_U3/opB_reg_reg[4]/CK (DFFRX1M)
                                                          0.00       0.00 r
  Domain_1_TOP_U0/SYS_CTRL_U3/opB_reg_reg[4]/QN (DFFRX1M)
                                                          0.35       0.35 r
  Domain_1_TOP_U0/SYS_CTRL_U3/U136/Y (OAI22X1M)           0.09       0.44 f
  Domain_1_TOP_U0/SYS_CTRL_U3/opB_reg_reg[4]/D (DFFRX1M)
                                                          0.00       0.44 f
  data arrival time                                                  0.44

  clock REF_CLK (rise edge)                               0.00       0.00
  clock network delay (ideal)                             0.00       0.00
  clock uncertainty                                       0.10       0.10
  Domain_1_TOP_U0/SYS_CTRL_U3/opB_reg_reg[4]/CK (DFFRX1M)
                                                          0.00       0.10 r
  library hold time                                      -0.01       0.09
  data required time                                                 0.09
  --------------------------------------------------------------------------
  data required time                                                 0.09
  data arrival time                                                 -0.44
  --------------------------------------------------------------------------
  slack (MET)                                                        0.35


  Startpoint: Domain_1_TOP_U0/SYS_CTRL_U3/opB_reg_reg[6]
              (rising edge-triggered flip-flop clocked by REF_CLK)
  Endpoint: Domain_1_TOP_U0/SYS_CTRL_U3/opB_reg_reg[6]
            (rising edge-triggered flip-flop clocked by REF_CLK)
  Path Group: REF_CLK
  Path Type: min

  Point                                                   Incr       Path
  --------------------------------------------------------------------------
  clock REF_CLK (rise edge)                               0.00       0.00
  clock network delay (ideal)                             0.00       0.00
  Domain_1_TOP_U0/SYS_CTRL_U3/opB_reg_reg[6]/CK (DFFRX1M)
                                                          0.00       0.00 r
  Domain_1_TOP_U0/SYS_CTRL_U3/opB_reg_reg[6]/QN (DFFRX1M)
                                                          0.35       0.35 r
  Domain_1_TOP_U0/SYS_CTRL_U3/U134/Y (OAI22X1M)           0.09       0.44 f
  Domain_1_TOP_U0/SYS_CTRL_U3/opB_reg_reg[6]/D (DFFRX1M)
                                                          0.00       0.44 f
  data arrival time                                                  0.44

  clock REF_CLK (rise edge)                               0.00       0.00
  clock network delay (ideal)                             0.00       0.00
  clock uncertainty                                       0.10       0.10
  Domain_1_TOP_U0/SYS_CTRL_U3/opB_reg_reg[6]/CK (DFFRX1M)
                                                          0.00       0.10 r
  library hold time                                      -0.01       0.09
  data required time                                                 0.09
  --------------------------------------------------------------------------
  data required time                                                 0.09
  data arrival time                                                 -0.44
  --------------------------------------------------------------------------
  slack (MET)                                                        0.35


  Startpoint: Domain_1_TOP_U0/SYS_CTRL_U3/opB_reg_reg[5]
              (rising edge-triggered flip-flop clocked by REF_CLK)
  Endpoint: Domain_1_TOP_U0/SYS_CTRL_U3/opB_reg_reg[5]
            (rising edge-triggered flip-flop clocked by REF_CLK)
  Path Group: REF_CLK
  Path Type: min

  Point                                                   Incr       Path
  --------------------------------------------------------------------------
  clock REF_CLK (rise edge)                               0.00       0.00
  clock network delay (ideal)                             0.00       0.00
  Domain_1_TOP_U0/SYS_CTRL_U3/opB_reg_reg[5]/CK (DFFRX1M)
                                                          0.00       0.00 r
  Domain_1_TOP_U0/SYS_CTRL_U3/opB_reg_reg[5]/QN (DFFRX1M)
                                                          0.35       0.35 r
  Domain_1_TOP_U0/SYS_CTRL_U3/U135/Y (OAI22X1M)           0.09       0.44 f
  Domain_1_TOP_U0/SYS_CTRL_U3/opB_reg_reg[5]/D (DFFRX1M)
                                                          0.00       0.44 f
  data arrival time                                                  0.44

  clock REF_CLK (rise edge)                               0.00       0.00
  clock network delay (ideal)                             0.00       0.00
  clock uncertainty                                       0.10       0.10
  Domain_1_TOP_U0/SYS_CTRL_U3/opB_reg_reg[5]/CK (DFFRX1M)
                                                          0.00       0.10 r
  library hold time                                      -0.01       0.09
  data required time                                                 0.09
  --------------------------------------------------------------------------
  data required time                                                 0.09
  data arrival time                                                 -0.44
  --------------------------------------------------------------------------
  slack (MET)                                                        0.35


  Startpoint: Domain_1_TOP_U0/SYS_CTRL_U3/opB_reg_reg[3]
              (rising edge-triggered flip-flop clocked by REF_CLK)
  Endpoint: Domain_1_TOP_U0/SYS_CTRL_U3/opB_reg_reg[3]
            (rising edge-triggered flip-flop clocked by REF_CLK)
  Path Group: REF_CLK
  Path Type: min

  Point                                                   Incr       Path
  --------------------------------------------------------------------------
  clock REF_CLK (rise edge)                               0.00       0.00
  clock network delay (ideal)                             0.00       0.00
  Domain_1_TOP_U0/SYS_CTRL_U3/opB_reg_reg[3]/CK (DFFRX1M)
                                                          0.00       0.00 r
  Domain_1_TOP_U0/SYS_CTRL_U3/opB_reg_reg[3]/QN (DFFRX1M)
                                                          0.35       0.35 r
  Domain_1_TOP_U0/SYS_CTRL_U3/U137/Y (OAI22X1M)           0.09       0.44 f
  Domain_1_TOP_U0/SYS_CTRL_U3/opB_reg_reg[3]/D (DFFRX1M)
                                                          0.00       0.44 f
  data arrival time                                                  0.44

  clock REF_CLK (rise edge)                               0.00       0.00
  clock network delay (ideal)                             0.00       0.00
  clock uncertainty                                       0.10       0.10
  Domain_1_TOP_U0/SYS_CTRL_U3/opB_reg_reg[3]/CK (DFFRX1M)
                                                          0.00       0.10 r
  library hold time                                      -0.01       0.09
  data required time                                                 0.09
  --------------------------------------------------------------------------
  data required time                                                 0.09
  data arrival time                                                 -0.44
  --------------------------------------------------------------------------
  slack (MET)                                                        0.35


  Startpoint: Domain_1_TOP_U0/SYS_CTRL_U3/wr_data_reg_reg[7]
              (rising edge-triggered flip-flop clocked by REF_CLK)
  Endpoint: Domain_1_TOP_U0/SYS_CTRL_U3/wr_data_reg_reg[7]
            (rising edge-triggered flip-flop clocked by REF_CLK)
  Path Group: REF_CLK
  Path Type: min

  Point                                                   Incr       Path
  --------------------------------------------------------------------------
  clock REF_CLK (rise edge)                               0.00       0.00
  clock network delay (ideal)                             0.00       0.00
  Domain_1_TOP_U0/SYS_CTRL_U3/wr_data_reg_reg[7]/CK (DFFRX1M)
                                                          0.00       0.00 r
  Domain_1_TOP_U0/SYS_CTRL_U3/wr_data_reg_reg[7]/QN (DFFRX1M)
                                                          0.35       0.35 r
  Domain_1_TOP_U0/SYS_CTRL_U3/U141/Y (OAI22X1M)           0.09       0.44 f
  Domain_1_TOP_U0/SYS_CTRL_U3/wr_data_reg_reg[7]/D (DFFRX1M)
                                                          0.00       0.44 f
  data arrival time                                                  0.44

  clock REF_CLK (rise edge)                               0.00       0.00
  clock network delay (ideal)                             0.00       0.00
  clock uncertainty                                       0.10       0.10
  Domain_1_TOP_U0/SYS_CTRL_U3/wr_data_reg_reg[7]/CK (DFFRX1M)
                                                          0.00       0.10 r
  library hold time                                      -0.01       0.09
  data required time                                                 0.09
  --------------------------------------------------------------------------
  data required time                                                 0.09
  data arrival time                                                 -0.44
  --------------------------------------------------------------------------
  slack (MET)                                                        0.35


  Startpoint: Domain_1_TOP_U0/SYS_CTRL_U3/opB_reg_reg[1]
              (rising edge-triggered flip-flop clocked by REF_CLK)
  Endpoint: Domain_1_TOP_U0/SYS_CTRL_U3/opB_reg_reg[1]
            (rising edge-triggered flip-flop clocked by REF_CLK)
  Path Group: REF_CLK
  Path Type: min

  Point                                                   Incr       Path
  --------------------------------------------------------------------------
  clock REF_CLK (rise edge)                               0.00       0.00
  clock network delay (ideal)                             0.00       0.00
  Domain_1_TOP_U0/SYS_CTRL_U3/opB_reg_reg[1]/CK (DFFRX1M)
                                                          0.00       0.00 r
  Domain_1_TOP_U0/SYS_CTRL_U3/opB_reg_reg[1]/QN (DFFRX1M)
                                                          0.35       0.35 r
  Domain_1_TOP_U0/SYS_CTRL_U3/U139/Y (OAI22X1M)           0.09       0.44 f
  Domain_1_TOP_U0/SYS_CTRL_U3/opB_reg_reg[1]/D (DFFRX1M)
                                                          0.00       0.44 f
  data arrival time                                                  0.44

  clock REF_CLK (rise edge)                               0.00       0.00
  clock network delay (ideal)                             0.00       0.00
  clock uncertainty                                       0.10       0.10
  Domain_1_TOP_U0/SYS_CTRL_U3/opB_reg_reg[1]/CK (DFFRX1M)
                                                          0.00       0.10 r
  library hold time                                      -0.01       0.09
  data required time                                                 0.09
  --------------------------------------------------------------------------
  data required time                                                 0.09
  data arrival time                                                 -0.44
  --------------------------------------------------------------------------
  slack (MET)                                                        0.35


  Startpoint: Domain_1_TOP_U0/SYS_CTRL_U3/opB_reg_reg[2]
              (rising edge-triggered flip-flop clocked by REF_CLK)
  Endpoint: Domain_1_TOP_U0/SYS_CTRL_U3/opB_reg_reg[2]
            (rising edge-triggered flip-flop clocked by REF_CLK)
  Path Group: REF_CLK
  Path Type: min

  Point                                                   Incr       Path
  --------------------------------------------------------------------------
  clock REF_CLK (rise edge)                               0.00       0.00
  clock network delay (ideal)                             0.00       0.00
  Domain_1_TOP_U0/SYS_CTRL_U3/opB_reg_reg[2]/CK (DFFRX1M)
                                                          0.00       0.00 r
  Domain_1_TOP_U0/SYS_CTRL_U3/opB_reg_reg[2]/QN (DFFRX1M)
                                                          0.35       0.35 r
  Domain_1_TOP_U0/SYS_CTRL_U3/U138/Y (OAI22X1M)           0.09       0.44 f
  Domain_1_TOP_U0/SYS_CTRL_U3/opB_reg_reg[2]/D (DFFRX1M)
                                                          0.00       0.44 f
  data arrival time                                                  0.44

  clock REF_CLK (rise edge)                               0.00       0.00
  clock network delay (ideal)                             0.00       0.00
  clock uncertainty                                       0.10       0.10
  Domain_1_TOP_U0/SYS_CTRL_U3/opB_reg_reg[2]/CK (DFFRX1M)
                                                          0.00       0.10 r
  library hold time                                      -0.01       0.09
  data required time                                                 0.09
  --------------------------------------------------------------------------
  data required time                                                 0.09
  data arrival time                                                 -0.44
  --------------------------------------------------------------------------
  slack (MET)                                                        0.35


  Startpoint: Domain_1_TOP_U0/SYS_CTRL_U3/opB_reg_reg[0]
              (rising edge-triggered flip-flop clocked by REF_CLK)
  Endpoint: Domain_1_TOP_U0/SYS_CTRL_U3/opB_reg_reg[0]
            (rising edge-triggered flip-flop clocked by REF_CLK)
  Path Group: REF_CLK
  Path Type: min

  Point                                                   Incr       Path
  --------------------------------------------------------------------------
  clock REF_CLK (rise edge)                               0.00       0.00
  clock network delay (ideal)                             0.00       0.00
  Domain_1_TOP_U0/SYS_CTRL_U3/opB_reg_reg[0]/CK (DFFRX1M)
                                                          0.00       0.00 r
  Domain_1_TOP_U0/SYS_CTRL_U3/opB_reg_reg[0]/QN (DFFRX1M)
                                                          0.35       0.35 r
  Domain_1_TOP_U0/SYS_CTRL_U3/U132/Y (OAI22X1M)           0.09       0.44 f
  Domain_1_TOP_U0/SYS_CTRL_U3/opB_reg_reg[0]/D (DFFRX1M)
                                                          0.00       0.44 f
  data arrival time                                                  0.44

  clock REF_CLK (rise edge)                               0.00       0.00
  clock network delay (ideal)                             0.00       0.00
  clock uncertainty                                       0.10       0.10
  Domain_1_TOP_U0/SYS_CTRL_U3/opB_reg_reg[0]/CK (DFFRX1M)
                                                          0.00       0.10 r
  library hold time                                      -0.01       0.09
  data required time                                                 0.09
  --------------------------------------------------------------------------
  data required time                                                 0.09
  data arrival time                                                 -0.44
  --------------------------------------------------------------------------
  slack (MET)                                                        0.35


  Startpoint: Domain_1_TOP_U0/SYS_CTRL_U3/opA_reg_reg[7]
              (rising edge-triggered flip-flop clocked by REF_CLK)
  Endpoint: Domain_1_TOP_U0/SYS_CTRL_U3/opA_reg_reg[7]
            (rising edge-triggered flip-flop clocked by REF_CLK)
  Path Group: REF_CLK
  Path Type: min

  Point                                                   Incr       Path
  --------------------------------------------------------------------------
  clock REF_CLK (rise edge)                               0.00       0.00
  clock network delay (ideal)                             0.00       0.00
  Domain_1_TOP_U0/SYS_CTRL_U3/opA_reg_reg[7]/CK (DFFRX1M)
                                                          0.00       0.00 r
  Domain_1_TOP_U0/SYS_CTRL_U3/opA_reg_reg[7]/QN (DFFRX1M)
                                                          0.35       0.35 r
  Domain_1_TOP_U0/SYS_CTRL_U3/U83/Y (OAI22X1M)            0.09       0.44 f
  Domain_1_TOP_U0/SYS_CTRL_U3/opA_reg_reg[7]/D (DFFRX1M)
                                                          0.00       0.44 f
  data arrival time                                                  0.44

  clock REF_CLK (rise edge)                               0.00       0.00
  clock network delay (ideal)                             0.00       0.00
  clock uncertainty                                       0.10       0.10
  Domain_1_TOP_U0/SYS_CTRL_U3/opA_reg_reg[7]/CK (DFFRX1M)
                                                          0.00       0.10 r
  library hold time                                      -0.01       0.09
  data required time                                                 0.09
  --------------------------------------------------------------------------
  data required time                                                 0.09
  data arrival time                                                 -0.44
  --------------------------------------------------------------------------
  slack (MET)                                                        0.35


  Startpoint: Domain_1_TOP_U0/SYS_CTRL_U3/wr_data_reg_reg[4]
              (rising edge-triggered flip-flop clocked by REF_CLK)
  Endpoint: Domain_1_TOP_U0/SYS_CTRL_U3/wr_data_reg_reg[4]
            (rising edge-triggered flip-flop clocked by REF_CLK)
  Path Group: REF_CLK
  Path Type: min

  Point                                                   Incr       Path
  --------------------------------------------------------------------------
  clock REF_CLK (rise edge)                               0.00       0.00
  clock network delay (ideal)                             0.00       0.00
  Domain_1_TOP_U0/SYS_CTRL_U3/wr_data_reg_reg[4]/CK (DFFRX1M)
                                                          0.00       0.00 r
  Domain_1_TOP_U0/SYS_CTRL_U3/wr_data_reg_reg[4]/QN (DFFRX1M)
                                                          0.35       0.35 r
  Domain_1_TOP_U0/SYS_CTRL_U3/U144/Y (OAI22X1M)           0.09       0.44 f
  Domain_1_TOP_U0/SYS_CTRL_U3/wr_data_reg_reg[4]/D (DFFRX1M)
                                                          0.00       0.44 f
  data arrival time                                                  0.44

  clock REF_CLK (rise edge)                               0.00       0.00
  clock network delay (ideal)                             0.00       0.00
  clock uncertainty                                       0.10       0.10
  Domain_1_TOP_U0/SYS_CTRL_U3/wr_data_reg_reg[4]/CK (DFFRX1M)
                                                          0.00       0.10 r
  library hold time                                      -0.01       0.09
  data required time                                                 0.09
  --------------------------------------------------------------------------
  data required time                                                 0.09
  data arrival time                                                 -0.44
  --------------------------------------------------------------------------
  slack (MET)                                                        0.36


  Startpoint: Domain_1_TOP_U0/SYS_CTRL_U3/wr_data_reg_reg[6]
              (rising edge-triggered flip-flop clocked by REF_CLK)
  Endpoint: Domain_1_TOP_U0/SYS_CTRL_U3/wr_data_reg_reg[6]
            (rising edge-triggered flip-flop clocked by REF_CLK)
  Path Group: REF_CLK
  Path Type: min

  Point                                                   Incr       Path
  --------------------------------------------------------------------------
  clock REF_CLK (rise edge)                               0.00       0.00
  clock network delay (ideal)                             0.00       0.00
  Domain_1_TOP_U0/SYS_CTRL_U3/wr_data_reg_reg[6]/CK (DFFRX1M)
                                                          0.00       0.00 r
  Domain_1_TOP_U0/SYS_CTRL_U3/wr_data_reg_reg[6]/QN (DFFRX1M)
                                                          0.35       0.35 r
  Domain_1_TOP_U0/SYS_CTRL_U3/U142/Y (OAI22X1M)           0.09       0.44 f
  Domain_1_TOP_U0/SYS_CTRL_U3/wr_data_reg_reg[6]/D (DFFRX1M)
                                                          0.00       0.44 f
  data arrival time                                                  0.44

  clock REF_CLK (rise edge)                               0.00       0.00
  clock network delay (ideal)                             0.00       0.00
  clock uncertainty                                       0.10       0.10
  Domain_1_TOP_U0/SYS_CTRL_U3/wr_data_reg_reg[6]/CK (DFFRX1M)
                                                          0.00       0.10 r
  library hold time                                      -0.01       0.09
  data required time                                                 0.09
  --------------------------------------------------------------------------
  data required time                                                 0.09
  data arrival time                                                 -0.44
  --------------------------------------------------------------------------
  slack (MET)                                                        0.36


  Startpoint: Domain_1_TOP_U0/SYS_CTRL_U3/wr_data_reg_reg[5]
              (rising edge-triggered flip-flop clocked by REF_CLK)
  Endpoint: Domain_1_TOP_U0/SYS_CTRL_U3/wr_data_reg_reg[5]
            (rising edge-triggered flip-flop clocked by REF_CLK)
  Path Group: REF_CLK
  Path Type: min

  Point                                                   Incr       Path
  --------------------------------------------------------------------------
  clock REF_CLK (rise edge)                               0.00       0.00
  clock network delay (ideal)                             0.00       0.00
  Domain_1_TOP_U0/SYS_CTRL_U3/wr_data_reg_reg[5]/CK (DFFRX1M)
                                                          0.00       0.00 r
  Domain_1_TOP_U0/SYS_CTRL_U3/wr_data_reg_reg[5]/QN (DFFRX1M)
                                                          0.35       0.35 r
  Domain_1_TOP_U0/SYS_CTRL_U3/U143/Y (OAI22X1M)           0.09       0.44 f
  Domain_1_TOP_U0/SYS_CTRL_U3/wr_data_reg_reg[5]/D (DFFRX1M)
                                                          0.00       0.44 f
  data arrival time                                                  0.44

  clock REF_CLK (rise edge)                               0.00       0.00
  clock network delay (ideal)                             0.00       0.00
  clock uncertainty                                       0.10       0.10
  Domain_1_TOP_U0/SYS_CTRL_U3/wr_data_reg_reg[5]/CK (DFFRX1M)
                                                          0.00       0.10 r
  library hold time                                      -0.01       0.09
  data required time                                                 0.09
  --------------------------------------------------------------------------
  data required time                                                 0.09
  data arrival time                                                 -0.44
  --------------------------------------------------------------------------
  slack (MET)                                                        0.36


  Startpoint: Domain_1_TOP_U0/SYS_CTRL_U3/opA_reg_reg[4]
              (rising edge-triggered flip-flop clocked by REF_CLK)
  Endpoint: Domain_1_TOP_U0/SYS_CTRL_U3/opA_reg_reg[4]
            (rising edge-triggered flip-flop clocked by REF_CLK)
  Path Group: REF_CLK
  Path Type: min

  Point                                                   Incr       Path
  --------------------------------------------------------------------------
  clock REF_CLK (rise edge)                               0.00       0.00
  clock network delay (ideal)                             0.00       0.00
  Domain_1_TOP_U0/SYS_CTRL_U3/opA_reg_reg[4]/CK (DFFRX1M)
                                                          0.00       0.00 r
  Domain_1_TOP_U0/SYS_CTRL_U3/opA_reg_reg[4]/QN (DFFRX1M)
                                                          0.35       0.35 r
  Domain_1_TOP_U0/SYS_CTRL_U3/U86/Y (OAI22X1M)            0.09       0.44 f
  Domain_1_TOP_U0/SYS_CTRL_U3/opA_reg_reg[4]/D (DFFRX1M)
                                                          0.00       0.44 f
  data arrival time                                                  0.44

  clock REF_CLK (rise edge)                               0.00       0.00
  clock network delay (ideal)                             0.00       0.00
  clock uncertainty                                       0.10       0.10
  Domain_1_TOP_U0/SYS_CTRL_U3/opA_reg_reg[4]/CK (DFFRX1M)
                                                          0.00       0.10 r
  library hold time                                      -0.01       0.09
  data required time                                                 0.09
  --------------------------------------------------------------------------
  data required time                                                 0.09
  data arrival time                                                 -0.44
  --------------------------------------------------------------------------
  slack (MET)                                                        0.36


  Startpoint: Domain_1_TOP_U0/SYS_CTRL_U3/opA_reg_reg[6]
              (rising edge-triggered flip-flop clocked by REF_CLK)
  Endpoint: Domain_1_TOP_U0/SYS_CTRL_U3/opA_reg_reg[6]
            (rising edge-triggered flip-flop clocked by REF_CLK)
  Path Group: REF_CLK
  Path Type: min

  Point                                                   Incr       Path
  --------------------------------------------------------------------------
  clock REF_CLK (rise edge)                               0.00       0.00
  clock network delay (ideal)                             0.00       0.00
  Domain_1_TOP_U0/SYS_CTRL_U3/opA_reg_reg[6]/CK (DFFRX1M)
                                                          0.00       0.00 r
  Domain_1_TOP_U0/SYS_CTRL_U3/opA_reg_reg[6]/QN (DFFRX1M)
                                                          0.35       0.35 r
  Domain_1_TOP_U0/SYS_CTRL_U3/U84/Y (OAI22X1M)            0.09       0.44 f
  Domain_1_TOP_U0/SYS_CTRL_U3/opA_reg_reg[6]/D (DFFRX1M)
                                                          0.00       0.44 f
  data arrival time                                                  0.44

  clock REF_CLK (rise edge)                               0.00       0.00
  clock network delay (ideal)                             0.00       0.00
  clock uncertainty                                       0.10       0.10
  Domain_1_TOP_U0/SYS_CTRL_U3/opA_reg_reg[6]/CK (DFFRX1M)
                                                          0.00       0.10 r
  library hold time                                      -0.01       0.09
  data required time                                                 0.09
  --------------------------------------------------------------------------
  data required time                                                 0.09
  data arrival time                                                 -0.44
  --------------------------------------------------------------------------
  slack (MET)                                                        0.36


  Startpoint: Domain_1_TOP_U0/SYS_CTRL_U3/opA_reg_reg[5]
              (rising edge-triggered flip-flop clocked by REF_CLK)
  Endpoint: Domain_1_TOP_U0/SYS_CTRL_U3/opA_reg_reg[5]
            (rising edge-triggered flip-flop clocked by REF_CLK)
  Path Group: REF_CLK
  Path Type: min

  Point                                                   Incr       Path
  --------------------------------------------------------------------------
  clock REF_CLK (rise edge)                               0.00       0.00
  clock network delay (ideal)                             0.00       0.00
  Domain_1_TOP_U0/SYS_CTRL_U3/opA_reg_reg[5]/CK (DFFRX1M)
                                                          0.00       0.00 r
  Domain_1_TOP_U0/SYS_CTRL_U3/opA_reg_reg[5]/QN (DFFRX1M)
                                                          0.35       0.35 r
  Domain_1_TOP_U0/SYS_CTRL_U3/U85/Y (OAI22X1M)            0.09       0.44 f
  Domain_1_TOP_U0/SYS_CTRL_U3/opA_reg_reg[5]/D (DFFRX1M)
                                                          0.00       0.44 f
  data arrival time                                                  0.44

  clock REF_CLK (rise edge)                               0.00       0.00
  clock network delay (ideal)                             0.00       0.00
  clock uncertainty                                       0.10       0.10
  Domain_1_TOP_U0/SYS_CTRL_U3/opA_reg_reg[5]/CK (DFFRX1M)
                                                          0.00       0.10 r
  library hold time                                      -0.01       0.09
  data required time                                                 0.09
  --------------------------------------------------------------------------
  data required time                                                 0.09
  data arrival time                                                 -0.44
  --------------------------------------------------------------------------
  slack (MET)                                                        0.36


  Startpoint: Domain_1_TOP_U0/SYS_CTRL_U3/wr_data_reg_reg[3]
              (rising edge-triggered flip-flop clocked by REF_CLK)
  Endpoint: Domain_1_TOP_U0/SYS_CTRL_U3/wr_data_reg_reg[3]
            (rising edge-triggered flip-flop clocked by REF_CLK)
  Path Group: REF_CLK
  Path Type: min

  Point                                                   Incr       Path
  --------------------------------------------------------------------------
  clock REF_CLK (rise edge)                               0.00       0.00
  clock network delay (ideal)                             0.00       0.00
  Domain_1_TOP_U0/SYS_CTRL_U3/wr_data_reg_reg[3]/CK (DFFRX1M)
                                                          0.00       0.00 r
  Domain_1_TOP_U0/SYS_CTRL_U3/wr_data_reg_reg[3]/QN (DFFRX1M)
                                                          0.35       0.35 r
  Domain_1_TOP_U0/SYS_CTRL_U3/U145/Y (OAI22X1M)           0.09       0.44 f
  Domain_1_TOP_U0/SYS_CTRL_U3/wr_data_reg_reg[3]/D (DFFRX1M)
                                                          0.00       0.44 f
  data arrival time                                                  0.44

  clock REF_CLK (rise edge)                               0.00       0.00
  clock network delay (ideal)                             0.00       0.00
  clock uncertainty                                       0.10       0.10
  Domain_1_TOP_U0/SYS_CTRL_U3/wr_data_reg_reg[3]/CK (DFFRX1M)
                                                          0.00       0.10 r
  library hold time                                      -0.01       0.09
  data required time                                                 0.09
  --------------------------------------------------------------------------
  data required time                                                 0.09
  data arrival time                                                 -0.44
  --------------------------------------------------------------------------
  slack (MET)                                                        0.36


  Startpoint: Domain_1_TOP_U0/SYS_CTRL_U3/opA_reg_reg[3]
              (rising edge-triggered flip-flop clocked by REF_CLK)
  Endpoint: Domain_1_TOP_U0/SYS_CTRL_U3/opA_reg_reg[3]
            (rising edge-triggered flip-flop clocked by REF_CLK)
  Path Group: REF_CLK
  Path Type: min

  Point                                                   Incr       Path
  --------------------------------------------------------------------------
  clock REF_CLK (rise edge)                               0.00       0.00
  clock network delay (ideal)                             0.00       0.00
  Domain_1_TOP_U0/SYS_CTRL_U3/opA_reg_reg[3]/CK (DFFRX1M)
                                                          0.00       0.00 r
  Domain_1_TOP_U0/SYS_CTRL_U3/opA_reg_reg[3]/QN (DFFRX1M)
                                                          0.35       0.35 r
  Domain_1_TOP_U0/SYS_CTRL_U3/U87/Y (OAI22X1M)            0.09       0.44 f
  Domain_1_TOP_U0/SYS_CTRL_U3/opA_reg_reg[3]/D (DFFRX1M)
                                                          0.00       0.44 f
  data arrival time                                                  0.44

  clock REF_CLK (rise edge)                               0.00       0.00
  clock network delay (ideal)                             0.00       0.00
  clock uncertainty                                       0.10       0.10
  Domain_1_TOP_U0/SYS_CTRL_U3/opA_reg_reg[3]/CK (DFFRX1M)
                                                          0.00       0.10 r
  library hold time                                      -0.01       0.09
  data required time                                                 0.09
  --------------------------------------------------------------------------
  data required time                                                 0.09
  data arrival time                                                 -0.44
  --------------------------------------------------------------------------
  slack (MET)                                                        0.36


  Startpoint: Domain_1_TOP_U0/SYS_CTRL_U3/wr_data_reg_reg[1]
              (rising edge-triggered flip-flop clocked by REF_CLK)
  Endpoint: Domain_1_TOP_U0/SYS_CTRL_U3/wr_data_reg_reg[1]
            (rising edge-triggered flip-flop clocked by REF_CLK)
  Path Group: REF_CLK
  Path Type: min

  Point                                                   Incr       Path
  --------------------------------------------------------------------------
  clock REF_CLK (rise edge)                               0.00       0.00
  clock network delay (ideal)                             0.00       0.00
  Domain_1_TOP_U0/SYS_CTRL_U3/wr_data_reg_reg[1]/CK (DFFRX1M)
                                                          0.00       0.00 r
  Domain_1_TOP_U0/SYS_CTRL_U3/wr_data_reg_reg[1]/QN (DFFRX1M)
                                                          0.35       0.35 r
  Domain_1_TOP_U0/SYS_CTRL_U3/U147/Y (OAI22X1M)           0.09       0.44 f
  Domain_1_TOP_U0/SYS_CTRL_U3/wr_data_reg_reg[1]/D (DFFRX1M)
                                                          0.00       0.44 f
  data arrival time                                                  0.44

  clock REF_CLK (rise edge)                               0.00       0.00
  clock network delay (ideal)                             0.00       0.00
  clock uncertainty                                       0.10       0.10
  Domain_1_TOP_U0/SYS_CTRL_U3/wr_data_reg_reg[1]/CK (DFFRX1M)
                                                          0.00       0.10 r
  library hold time                                      -0.01       0.09
  data required time                                                 0.09
  --------------------------------------------------------------------------
  data required time                                                 0.09
  data arrival time                                                 -0.44
  --------------------------------------------------------------------------
  slack (MET)                                                        0.36


  Startpoint: Domain_1_TOP_U0/SYS_CTRL_U3/wr_data_reg_reg[2]
              (rising edge-triggered flip-flop clocked by REF_CLK)
  Endpoint: Domain_1_TOP_U0/SYS_CTRL_U3/wr_data_reg_reg[2]
            (rising edge-triggered flip-flop clocked by REF_CLK)
  Path Group: REF_CLK
  Path Type: min

  Point                                                   Incr       Path
  --------------------------------------------------------------------------
  clock REF_CLK (rise edge)                               0.00       0.00
  clock network delay (ideal)                             0.00       0.00
  Domain_1_TOP_U0/SYS_CTRL_U3/wr_data_reg_reg[2]/CK (DFFRX1M)
                                                          0.00       0.00 r
  Domain_1_TOP_U0/SYS_CTRL_U3/wr_data_reg_reg[2]/QN (DFFRX1M)
                                                          0.35       0.35 r
  Domain_1_TOP_U0/SYS_CTRL_U3/U146/Y (OAI22X1M)           0.09       0.44 f
  Domain_1_TOP_U0/SYS_CTRL_U3/wr_data_reg_reg[2]/D (DFFRX1M)
                                                          0.00       0.44 f
  data arrival time                                                  0.44

  clock REF_CLK (rise edge)                               0.00       0.00
  clock network delay (ideal)                             0.00       0.00
  clock uncertainty                                       0.10       0.10
  Domain_1_TOP_U0/SYS_CTRL_U3/wr_data_reg_reg[2]/CK (DFFRX1M)
                                                          0.00       0.10 r
  library hold time                                      -0.01       0.09
  data required time                                                 0.09
  --------------------------------------------------------------------------
  data required time                                                 0.09
  data arrival time                                                 -0.44
  --------------------------------------------------------------------------
  slack (MET)                                                        0.36


  Startpoint: Domain_1_TOP_U0/SYS_CTRL_U3/wr_data_reg_reg[0]
              (rising edge-triggered flip-flop clocked by REF_CLK)
  Endpoint: Domain_1_TOP_U0/SYS_CTRL_U3/wr_data_reg_reg[0]
            (rising edge-triggered flip-flop clocked by REF_CLK)
  Path Group: REF_CLK
  Path Type: min

  Point                                                   Incr       Path
  --------------------------------------------------------------------------
  clock REF_CLK (rise edge)                               0.00       0.00
  clock network delay (ideal)                             0.00       0.00
  Domain_1_TOP_U0/SYS_CTRL_U3/wr_data_reg_reg[0]/CK (DFFRX1M)
                                                          0.00       0.00 r
  Domain_1_TOP_U0/SYS_CTRL_U3/wr_data_reg_reg[0]/QN (DFFRX1M)
                                                          0.35       0.35 r
  Domain_1_TOP_U0/SYS_CTRL_U3/U140/Y (OAI22X1M)           0.09       0.44 f
  Domain_1_TOP_U0/SYS_CTRL_U3/wr_data_reg_reg[0]/D (DFFRX1M)
                                                          0.00       0.44 f
  data arrival time                                                  0.44

  clock REF_CLK (rise edge)                               0.00       0.00
  clock network delay (ideal)                             0.00       0.00
  clock uncertainty                                       0.10       0.10
  Domain_1_TOP_U0/SYS_CTRL_U3/wr_data_reg_reg[0]/CK (DFFRX1M)
                                                          0.00       0.10 r
  library hold time                                      -0.01       0.09
  data required time                                                 0.09
  --------------------------------------------------------------------------
  data required time                                                 0.09
  data arrival time                                                 -0.44
  --------------------------------------------------------------------------
  slack (MET)                                                        0.36


  Startpoint: Domain_1_TOP_U0/SYS_CTRL_U3/opA_reg_reg[1]
              (rising edge-triggered flip-flop clocked by REF_CLK)
  Endpoint: Domain_1_TOP_U0/SYS_CTRL_U3/opA_reg_reg[1]
            (rising edge-triggered flip-flop clocked by REF_CLK)
  Path Group: REF_CLK
  Path Type: min

  Point                                                   Incr       Path
  --------------------------------------------------------------------------
  clock REF_CLK (rise edge)                               0.00       0.00
  clock network delay (ideal)                             0.00       0.00
  Domain_1_TOP_U0/SYS_CTRL_U3/opA_reg_reg[1]/CK (DFFRX1M)
                                                          0.00       0.00 r
  Domain_1_TOP_U0/SYS_CTRL_U3/opA_reg_reg[1]/QN (DFFRX1M)
                                                          0.35       0.35 r
  Domain_1_TOP_U0/SYS_CTRL_U3/U89/Y (OAI22X1M)            0.09       0.44 f
  Domain_1_TOP_U0/SYS_CTRL_U3/opA_reg_reg[1]/D (DFFRX1M)
                                                          0.00       0.44 f
  data arrival time                                                  0.44

  clock REF_CLK (rise edge)                               0.00       0.00
  clock network delay (ideal)                             0.00       0.00
  clock uncertainty                                       0.10       0.10
  Domain_1_TOP_U0/SYS_CTRL_U3/opA_reg_reg[1]/CK (DFFRX1M)
                                                          0.00       0.10 r
  library hold time                                      -0.01       0.09
  data required time                                                 0.09
  --------------------------------------------------------------------------
  data required time                                                 0.09
  data arrival time                                                 -0.44
  --------------------------------------------------------------------------
  slack (MET)                                                        0.36


  Startpoint: Domain_1_TOP_U0/SYS_CTRL_U3/opA_reg_reg[2]
              (rising edge-triggered flip-flop clocked by REF_CLK)
  Endpoint: Domain_1_TOP_U0/SYS_CTRL_U3/opA_reg_reg[2]
            (rising edge-triggered flip-flop clocked by REF_CLK)
  Path Group: REF_CLK
  Path Type: min

  Point                                                   Incr       Path
  --------------------------------------------------------------------------
  clock REF_CLK (rise edge)                               0.00       0.00
  clock network delay (ideal)                             0.00       0.00
  Domain_1_TOP_U0/SYS_CTRL_U3/opA_reg_reg[2]/CK (DFFRX1M)
                                                          0.00       0.00 r
  Domain_1_TOP_U0/SYS_CTRL_U3/opA_reg_reg[2]/QN (DFFRX1M)
                                                          0.35       0.35 r
  Domain_1_TOP_U0/SYS_CTRL_U3/U88/Y (OAI22X1M)            0.09       0.44 f
  Domain_1_TOP_U0/SYS_CTRL_U3/opA_reg_reg[2]/D (DFFRX1M)
                                                          0.00       0.44 f
  data arrival time                                                  0.44

  clock REF_CLK (rise edge)                               0.00       0.00
  clock network delay (ideal)                             0.00       0.00
  clock uncertainty                                       0.10       0.10
  Domain_1_TOP_U0/SYS_CTRL_U3/opA_reg_reg[2]/CK (DFFRX1M)
                                                          0.00       0.10 r
  library hold time                                      -0.01       0.09
  data required time                                                 0.09
  --------------------------------------------------------------------------
  data required time                                                 0.09
  data arrival time                                                 -0.44
  --------------------------------------------------------------------------
  slack (MET)                                                        0.36


  Startpoint: Domain_1_TOP_U0/SYS_CTRL_U3/opA_reg_reg[0]
              (rising edge-triggered flip-flop clocked by REF_CLK)
  Endpoint: Domain_1_TOP_U0/SYS_CTRL_U3/opA_reg_reg[0]
            (rising edge-triggered flip-flop clocked by REF_CLK)
  Path Group: REF_CLK
  Path Type: min

  Point                                                   Incr       Path
  --------------------------------------------------------------------------
  clock REF_CLK (rise edge)                               0.00       0.00
  clock network delay (ideal)                             0.00       0.00
  Domain_1_TOP_U0/SYS_CTRL_U3/opA_reg_reg[0]/CK (DFFRX1M)
                                                          0.00       0.00 r
  Domain_1_TOP_U0/SYS_CTRL_U3/opA_reg_reg[0]/QN (DFFRX1M)
                                                          0.35       0.35 r
  Domain_1_TOP_U0/SYS_CTRL_U3/U82/Y (OAI22X1M)            0.09       0.44 f
  Domain_1_TOP_U0/SYS_CTRL_U3/opA_reg_reg[0]/D (DFFRX1M)
                                                          0.00       0.44 f
  data arrival time                                                  0.44

  clock REF_CLK (rise edge)                               0.00       0.00
  clock network delay (ideal)                             0.00       0.00
  clock uncertainty                                       0.10       0.10
  Domain_1_TOP_U0/SYS_CTRL_U3/opA_reg_reg[0]/CK (DFFRX1M)
                                                          0.00       0.10 r
  library hold time                                      -0.01       0.09
  data required time                                                 0.09
  --------------------------------------------------------------------------
  data required time                                                 0.09
  data arrival time                                                 -0.44
  --------------------------------------------------------------------------
  slack (MET)                                                        0.36


  Startpoint: ASYNC_FIFO_U5/U2/wptr_bi_reg[3]
              (rising edge-triggered flip-flop clocked by REF_CLK)
  Endpoint: ASYNC_FIFO_U5/U2/wptr_bi_reg[3]
            (rising edge-triggered flip-flop clocked by REF_CLK)
  Path Group: REF_CLK
  Path Type: min

  Point                                                   Incr       Path
  --------------------------------------------------------------------------
  clock REF_CLK (rise edge)                               0.00       0.00
  clock network delay (ideal)                             0.00       0.00
  ASYNC_FIFO_U5/U2/wptr_bi_reg[3]/CK (DFFRQX2M)           0.00       0.00 r
  ASYNC_FIFO_U5/U2/wptr_bi_reg[3]/Q (DFFRQX2M)            0.40       0.40 r
  ASYNC_FIFO_U5/U2/U8/Y (XNOR2X2M)                        0.05       0.45 f
  ASYNC_FIFO_U5/U2/wptr_bi_reg[3]/D (DFFRQX2M)            0.00       0.45 f
  data arrival time                                                  0.45

  clock REF_CLK (rise edge)                               0.00       0.00
  clock network delay (ideal)                             0.00       0.00
  clock uncertainty                                       0.10       0.10
  ASYNC_FIFO_U5/U2/wptr_bi_reg[3]/CK (DFFRQX2M)           0.00       0.10 r
  library hold time                                      -0.02       0.08
  data required time                                                 0.08
  --------------------------------------------------------------------------
  data required time                                                 0.08
  data arrival time                                                 -0.45
  --------------------------------------------------------------------------
  slack (MET)                                                        0.36


  Startpoint: Domain_1_TOP_U0/SYS_CTRL_U3/wr_addr_reg_reg[0]
              (rising edge-triggered flip-flop clocked by REF_CLK)
  Endpoint: Domain_1_TOP_U0/SYS_CTRL_U3/wr_addr_reg_reg[0]
            (rising edge-triggered flip-flop clocked by REF_CLK)
  Path Group: REF_CLK
  Path Type: min

  Point                                                   Incr       Path
  --------------------------------------------------------------------------
  clock REF_CLK (rise edge)                               0.00       0.00
  clock network delay (ideal)                             0.00       0.00
  Domain_1_TOP_U0/SYS_CTRL_U3/wr_addr_reg_reg[0]/CK (DFFRX1M)
                                                          0.00       0.00 r
  Domain_1_TOP_U0/SYS_CTRL_U3/wr_addr_reg_reg[0]/QN (DFFRX1M)
                                                          0.36       0.36 r
  Domain_1_TOP_U0/SYS_CTRL_U3/U131/Y (OAI22X1M)           0.09       0.45 f
  Domain_1_TOP_U0/SYS_CTRL_U3/wr_addr_reg_reg[0]/D (DFFRX1M)
                                                          0.00       0.45 f
  data arrival time                                                  0.45

  clock REF_CLK (rise edge)                               0.00       0.00
  clock network delay (ideal)                             0.00       0.00
  clock uncertainty                                       0.10       0.10
  Domain_1_TOP_U0/SYS_CTRL_U3/wr_addr_reg_reg[0]/CK (DFFRX1M)
                                                          0.00       0.10 r
  library hold time                                      -0.01       0.09
  data required time                                                 0.09
  --------------------------------------------------------------------------
  data required time                                                 0.09
  data arrival time                                                 -0.45
  --------------------------------------------------------------------------
  slack (MET)                                                        0.37


  Startpoint: Domain_1_TOP_U0/SYS_CTRL_U3/wr_addr_reg_reg[1]
              (rising edge-triggered flip-flop clocked by REF_CLK)
  Endpoint: Domain_1_TOP_U0/SYS_CTRL_U3/wr_addr_reg_reg[1]
            (rising edge-triggered flip-flop clocked by REF_CLK)
  Path Group: REF_CLK
  Path Type: min

  Point                                                   Incr       Path
  --------------------------------------------------------------------------
  clock REF_CLK (rise edge)                               0.00       0.00
  clock network delay (ideal)                             0.00       0.00
  Domain_1_TOP_U0/SYS_CTRL_U3/wr_addr_reg_reg[1]/CK (DFFRX1M)
                                                          0.00       0.00 r
  Domain_1_TOP_U0/SYS_CTRL_U3/wr_addr_reg_reg[1]/QN (DFFRX1M)
                                                          0.36       0.36 r
  Domain_1_TOP_U0/SYS_CTRL_U3/U130/Y (OAI22X1M)           0.09       0.45 f
  Domain_1_TOP_U0/SYS_CTRL_U3/wr_addr_reg_reg[1]/D (DFFRX1M)
                                                          0.00       0.45 f
  data arrival time                                                  0.45

  clock REF_CLK (rise edge)                               0.00       0.00
  clock network delay (ideal)                             0.00       0.00
  clock uncertainty                                       0.10       0.10
  Domain_1_TOP_U0/SYS_CTRL_U3/wr_addr_reg_reg[1]/CK (DFFRX1M)
                                                          0.00       0.10 r
  library hold time                                      -0.01       0.09
  data required time                                                 0.09
  --------------------------------------------------------------------------
  data required time                                                 0.09
  data arrival time                                                 -0.45
  --------------------------------------------------------------------------
  slack (MET)                                                        0.37


  Startpoint: Domain_1_TOP_U0/SYS_CTRL_U3/wr_addr_reg_reg[2]
              (rising edge-triggered flip-flop clocked by REF_CLK)
  Endpoint: Domain_1_TOP_U0/SYS_CTRL_U3/wr_addr_reg_reg[2]
            (rising edge-triggered flip-flop clocked by REF_CLK)
  Path Group: REF_CLK
  Path Type: min

  Point                                                   Incr       Path
  --------------------------------------------------------------------------
  clock REF_CLK (rise edge)                               0.00       0.00
  clock network delay (ideal)                             0.00       0.00
  Domain_1_TOP_U0/SYS_CTRL_U3/wr_addr_reg_reg[2]/CK (DFFRX1M)
                                                          0.00       0.00 r
  Domain_1_TOP_U0/SYS_CTRL_U3/wr_addr_reg_reg[2]/QN (DFFRX1M)
                                                          0.36       0.36 r
  Domain_1_TOP_U0/SYS_CTRL_U3/U129/Y (OAI22X1M)           0.09       0.45 f
  Domain_1_TOP_U0/SYS_CTRL_U3/wr_addr_reg_reg[2]/D (DFFRX1M)
                                                          0.00       0.45 f
  data arrival time                                                  0.45

  clock REF_CLK (rise edge)                               0.00       0.00
  clock network delay (ideal)                             0.00       0.00
  clock uncertainty                                       0.10       0.10
  Domain_1_TOP_U0/SYS_CTRL_U3/wr_addr_reg_reg[2]/CK (DFFRX1M)
                                                          0.00       0.10 r
  library hold time                                      -0.01       0.09
  data required time                                                 0.09
  --------------------------------------------------------------------------
  data required time                                                 0.09
  data arrival time                                                 -0.45
  --------------------------------------------------------------------------
  slack (MET)                                                        0.37


  Startpoint: Domain_1_TOP_U0/SYS_CTRL_U3/wr_addr_reg_reg[3]
              (rising edge-triggered flip-flop clocked by REF_CLK)
  Endpoint: Domain_1_TOP_U0/SYS_CTRL_U3/wr_addr_reg_reg[3]
            (rising edge-triggered flip-flop clocked by REF_CLK)
  Path Group: REF_CLK
  Path Type: min

  Point                                                   Incr       Path
  --------------------------------------------------------------------------
  clock REF_CLK (rise edge)                               0.00       0.00
  clock network delay (ideal)                             0.00       0.00
  Domain_1_TOP_U0/SYS_CTRL_U3/wr_addr_reg_reg[3]/CK (DFFRX1M)
                                                          0.00       0.00 r
  Domain_1_TOP_U0/SYS_CTRL_U3/wr_addr_reg_reg[3]/QN (DFFRX1M)
                                                          0.36       0.36 r
  Domain_1_TOP_U0/SYS_CTRL_U3/U128/Y (OAI22X1M)           0.09       0.45 f
  Domain_1_TOP_U0/SYS_CTRL_U3/wr_addr_reg_reg[3]/D (DFFRX1M)
                                                          0.00       0.45 f
  data arrival time                                                  0.45

  clock REF_CLK (rise edge)                               0.00       0.00
  clock network delay (ideal)                             0.00       0.00
  clock uncertainty                                       0.10       0.10
  Domain_1_TOP_U0/SYS_CTRL_U3/wr_addr_reg_reg[3]/CK (DFFRX1M)
                                                          0.00       0.10 r
  library hold time                                      -0.01       0.09
  data required time                                                 0.09
  --------------------------------------------------------------------------
  data required time                                                 0.09
  data arrival time                                                 -0.45
  --------------------------------------------------------------------------
  slack (MET)                                                        0.37


  Startpoint: Domain_1_TOP_U0/SYS_CTRL_U3/alu_fun_reg_reg[3]
              (rising edge-triggered flip-flop clocked by REF_CLK)
  Endpoint: Domain_1_TOP_U0/SYS_CTRL_U3/alu_fun_reg_reg[3]
            (rising edge-triggered flip-flop clocked by REF_CLK)
  Path Group: REF_CLK
  Path Type: min

  Point                                                   Incr       Path
  --------------------------------------------------------------------------
  clock REF_CLK (rise edge)                               0.00       0.00
  clock network delay (ideal)                             0.00       0.00
  Domain_1_TOP_U0/SYS_CTRL_U3/alu_fun_reg_reg[3]/CK (DFFRX1M)
                                                          0.00       0.00 r
  Domain_1_TOP_U0/SYS_CTRL_U3/alu_fun_reg_reg[3]/QN (DFFRX1M)
                                                          0.36       0.36 r
  Domain_1_TOP_U0/SYS_CTRL_U3/U125/Y (OAI22X1M)           0.09       0.45 f
  Domain_1_TOP_U0/SYS_CTRL_U3/alu_fun_reg_reg[3]/D (DFFRX1M)
                                                          0.00       0.45 f
  data arrival time                                                  0.45

  clock REF_CLK (rise edge)                               0.00       0.00
  clock network delay (ideal)                             0.00       0.00
  clock uncertainty                                       0.10       0.10
  Domain_1_TOP_U0/SYS_CTRL_U3/alu_fun_reg_reg[3]/CK (DFFRX1M)
                                                          0.00       0.10 r
  library hold time                                      -0.01       0.09
  data required time                                                 0.09
  --------------------------------------------------------------------------
  data required time                                                 0.09
  data arrival time                                                 -0.45
  --------------------------------------------------------------------------
  slack (MET)                                                        0.37


  Startpoint: Domain_1_TOP_U0/SYS_CTRL_U3/alu_fun_reg_reg[1]
              (rising edge-triggered flip-flop clocked by REF_CLK)
  Endpoint: Domain_1_TOP_U0/SYS_CTRL_U3/alu_fun_reg_reg[1]
            (rising edge-triggered flip-flop clocked by REF_CLK)
  Path Group: REF_CLK
  Path Type: min

  Point                                                   Incr       Path
  --------------------------------------------------------------------------
  clock REF_CLK (rise edge)                               0.00       0.00
  clock network delay (ideal)                             0.00       0.00
  Domain_1_TOP_U0/SYS_CTRL_U3/alu_fun_reg_reg[1]/CK (DFFRX1M)
                                                          0.00       0.00 r
  Domain_1_TOP_U0/SYS_CTRL_U3/alu_fun_reg_reg[1]/QN (DFFRX1M)
                                                          0.36       0.36 r
  Domain_1_TOP_U0/SYS_CTRL_U3/U127/Y (OAI22X1M)           0.09       0.45 f
  Domain_1_TOP_U0/SYS_CTRL_U3/alu_fun_reg_reg[1]/D (DFFRX1M)
                                                          0.00       0.45 f
  data arrival time                                                  0.45

  clock REF_CLK (rise edge)                               0.00       0.00
  clock network delay (ideal)                             0.00       0.00
  clock uncertainty                                       0.10       0.10
  Domain_1_TOP_U0/SYS_CTRL_U3/alu_fun_reg_reg[1]/CK (DFFRX1M)
                                                          0.00       0.10 r
  library hold time                                      -0.01       0.09
  data required time                                                 0.09
  --------------------------------------------------------------------------
  data required time                                                 0.09
  data arrival time                                                 -0.45
  --------------------------------------------------------------------------
  slack (MET)                                                        0.37


  Startpoint: Domain_1_TOP_U0/SYS_CTRL_U3/alu_fun_reg_reg[2]
              (rising edge-triggered flip-flop clocked by REF_CLK)
  Endpoint: Domain_1_TOP_U0/SYS_CTRL_U3/alu_fun_reg_reg[2]
            (rising edge-triggered flip-flop clocked by REF_CLK)
  Path Group: REF_CLK
  Path Type: min

  Point                                                   Incr       Path
  --------------------------------------------------------------------------
  clock REF_CLK (rise edge)                               0.00       0.00
  clock network delay (ideal)                             0.00       0.00
  Domain_1_TOP_U0/SYS_CTRL_U3/alu_fun_reg_reg[2]/CK (DFFRX1M)
                                                          0.00       0.00 r
  Domain_1_TOP_U0/SYS_CTRL_U3/alu_fun_reg_reg[2]/QN (DFFRX1M)
                                                          0.36       0.36 r
  Domain_1_TOP_U0/SYS_CTRL_U3/U126/Y (OAI22X1M)           0.09       0.45 f
  Domain_1_TOP_U0/SYS_CTRL_U3/alu_fun_reg_reg[2]/D (DFFRX1M)
                                                          0.00       0.45 f
  data arrival time                                                  0.45

  clock REF_CLK (rise edge)                               0.00       0.00
  clock network delay (ideal)                             0.00       0.00
  clock uncertainty                                       0.10       0.10
  Domain_1_TOP_U0/SYS_CTRL_U3/alu_fun_reg_reg[2]/CK (DFFRX1M)
                                                          0.00       0.10 r
  library hold time                                      -0.01       0.09
  data required time                                                 0.09
  --------------------------------------------------------------------------
  data required time                                                 0.09
  data arrival time                                                 -0.45
  --------------------------------------------------------------------------
  slack (MET)                                                        0.37


  Startpoint: Domain_1_TOP_U0/SYS_CTRL_U3/alu_fun_reg_reg[0]
              (rising edge-triggered flip-flop clocked by REF_CLK)
  Endpoint: Domain_1_TOP_U0/SYS_CTRL_U3/alu_fun_reg_reg[0]
            (rising edge-triggered flip-flop clocked by REF_CLK)
  Path Group: REF_CLK
  Path Type: min

  Point                                                   Incr       Path
  --------------------------------------------------------------------------
  clock REF_CLK (rise edge)                               0.00       0.00
  clock network delay (ideal)                             0.00       0.00
  Domain_1_TOP_U0/SYS_CTRL_U3/alu_fun_reg_reg[0]/CK (DFFRX1M)
                                                          0.00       0.00 r
  Domain_1_TOP_U0/SYS_CTRL_U3/alu_fun_reg_reg[0]/QN (DFFRX1M)
                                                          0.36       0.36 r
  Domain_1_TOP_U0/SYS_CTRL_U3/U124/Y (OAI22X1M)           0.09       0.45 f
  Domain_1_TOP_U0/SYS_CTRL_U3/alu_fun_reg_reg[0]/D (DFFRX1M)
                                                          0.00       0.45 f
  data arrival time                                                  0.45

  clock REF_CLK (rise edge)                               0.00       0.00
  clock network delay (ideal)                             0.00       0.00
  clock uncertainty                                       0.10       0.10
  Domain_1_TOP_U0/SYS_CTRL_U3/alu_fun_reg_reg[0]/CK (DFFRX1M)
                                                          0.00       0.10 r
  library hold time                                      -0.01       0.09
  data required time                                                 0.09
  --------------------------------------------------------------------------
  data required time                                                 0.09
  data arrival time                                                 -0.45
  --------------------------------------------------------------------------
  slack (MET)                                                        0.37


  Startpoint: RST_SYNC_U3/stage_reg[1]
              (rising edge-triggered flip-flop clocked by REF_CLK)
  Endpoint: RST_SYNC_U3/SYNC_RST_reg
            (rising edge-triggered flip-flop clocked by REF_CLK)
  Path Group: REF_CLK
  Path Type: min

  Point                                                   Incr       Path
  --------------------------------------------------------------------------
  clock REF_CLK (rise edge)                               0.00       0.00
  clock network delay (ideal)                             0.00       0.00
  RST_SYNC_U3/stage_reg[1]/CK (DFFRQX2M)                  0.00       0.00 r
  RST_SYNC_U3/stage_reg[1]/Q (DFFRQX2M)                   0.46       0.46 f
  RST_SYNC_U3/SYNC_RST_reg/D (DFFRQX2M)                   0.00       0.46 f
  data arrival time                                                  0.46

  clock REF_CLK (rise edge)                               0.00       0.00
  clock network delay (ideal)                             0.00       0.00
  clock uncertainty                                       0.10       0.10
  RST_SYNC_U3/SYNC_RST_reg/CK (DFFRQX2M)                  0.00       0.10 r
  library hold time                                      -0.02       0.08
  data required time                                                 0.08
  --------------------------------------------------------------------------
  data required time                                                 0.08
  data arrival time                                                 -0.46
  --------------------------------------------------------------------------
  slack (MET)                                                        0.38


  Startpoint: RST_SYNC_U3/stage_reg[0]/CK
              (internal path startpoint clocked by REF_CLK)
  Endpoint: RST_SYNC_U3/stage_reg[1]
            (rising edge-triggered flip-flop clocked by REF_CLK)
  Path Group: REF_CLK
  Path Type: min

  Point                                                   Incr       Path
  --------------------------------------------------------------------------
  clock REF_CLK (rise edge)                               0.00       0.00
  clock network delay (ideal)                             0.00       0.00
  input external delay                                    0.00       0.00 r
  RST_SYNC_U3/stage_reg[0]/CK (DFFRQX2M)                  0.00       0.00 r
  RST_SYNC_U3/stage_reg[0]/Q (DFFRQX2M)                   0.46       0.46 f
  RST_SYNC_U3/stage_reg[1]/D (DFFRQX2M)                   0.00       0.46 f
  data arrival time                                                  0.46

  clock REF_CLK (rise edge)                               0.00       0.00
  clock network delay (ideal)                             0.00       0.00
  clock uncertainty                                       0.10       0.10
  RST_SYNC_U3/stage_reg[1]/CK (DFFRQX2M)                  0.00       0.10 r
  library hold time                                      -0.02       0.08
  data required time                                                 0.08
  --------------------------------------------------------------------------
  data required time                                                 0.08
  data arrival time                                                 -0.46
  --------------------------------------------------------------------------
  slack (MET)                                                        0.38


  Startpoint: DATA_SYNC_U2/stage_reg[0]
              (rising edge-triggered flip-flop clocked by REF_CLK)
  Endpoint: DATA_SYNC_U2/stage_reg[1]
            (rising edge-triggered flip-flop clocked by REF_CLK)
  Path Group: REF_CLK
  Path Type: min

  Point                                                   Incr       Path
  --------------------------------------------------------------------------
  clock REF_CLK (rise edge)                               0.00       0.00
  clock network delay (ideal)                             0.00       0.00
  DATA_SYNC_U2/stage_reg[0]/CK (DFFRQX2M)                 0.00       0.00 r
  DATA_SYNC_U2/stage_reg[0]/Q (DFFRQX2M)                  0.46       0.46 f
  DATA_SYNC_U2/stage_reg[1]/D (DFFRQX2M)                  0.00       0.46 f
  data arrival time                                                  0.46

  clock REF_CLK (rise edge)                               0.00       0.00
  clock network delay (ideal)                             0.00       0.00
  clock uncertainty                                       0.10       0.10
  DATA_SYNC_U2/stage_reg[1]/CK (DFFRQX2M)                 0.00       0.10 r
  library hold time                                      -0.02       0.08
  data required time                                                 0.08
  --------------------------------------------------------------------------
  data required time                                                 0.08
  data arrival time                                                 -0.46
  --------------------------------------------------------------------------
  slack (MET)                                                        0.38


  Startpoint: ASYNC_FIFO_U5/U4/rptr_sync1_reg[1]
              (rising edge-triggered flip-flop clocked by REF_CLK)
  Endpoint: ASYNC_FIFO_U5/U4/rptr_sync_reg[1]
            (rising edge-triggered flip-flop clocked by REF_CLK)
  Path Group: REF_CLK
  Path Type: min

  Point                                                   Incr       Path
  --------------------------------------------------------------------------
  clock REF_CLK (rise edge)                               0.00       0.00
  clock network delay (ideal)                             0.00       0.00
  ASYNC_FIFO_U5/U4/rptr_sync1_reg[1]/CK (DFFRQX2M)        0.00       0.00 r
  ASYNC_FIFO_U5/U4/rptr_sync1_reg[1]/Q (DFFRQX2M)         0.46       0.46 f
  ASYNC_FIFO_U5/U4/rptr_sync_reg[1]/D (DFFRQX2M)          0.00       0.46 f
  data arrival time                                                  0.46

  clock REF_CLK (rise edge)                               0.00       0.00
  clock network delay (ideal)                             0.00       0.00
  clock uncertainty                                       0.10       0.10
  ASYNC_FIFO_U5/U4/rptr_sync_reg[1]/CK (DFFRQX2M)         0.00       0.10 r
  library hold time                                      -0.02       0.08
  data required time                                                 0.08
  --------------------------------------------------------------------------
  data required time                                                 0.08
  data arrival time                                                 -0.46
  --------------------------------------------------------------------------
  slack (MET)                                                        0.38


  Startpoint: ASYNC_FIFO_U5/U4/rptr_sync1_reg[0]
              (rising edge-triggered flip-flop clocked by REF_CLK)
  Endpoint: ASYNC_FIFO_U5/U4/rptr_sync_reg[0]
            (rising edge-triggered flip-flop clocked by REF_CLK)
  Path Group: REF_CLK
  Path Type: min

  Point                                                   Incr       Path
  --------------------------------------------------------------------------
  clock REF_CLK (rise edge)                               0.00       0.00
  clock network delay (ideal)                             0.00       0.00
  ASYNC_FIFO_U5/U4/rptr_sync1_reg[0]/CK (DFFRQX2M)        0.00       0.00 r
  ASYNC_FIFO_U5/U4/rptr_sync1_reg[0]/Q (DFFRQX2M)         0.46       0.46 f
  ASYNC_FIFO_U5/U4/rptr_sync_reg[0]/D (DFFRQX2M)          0.00       0.46 f
  data arrival time                                                  0.46

  clock REF_CLK (rise edge)                               0.00       0.00
  clock network delay (ideal)                             0.00       0.00
  clock uncertainty                                       0.10       0.10
  ASYNC_FIFO_U5/U4/rptr_sync_reg[0]/CK (DFFRQX2M)         0.00       0.10 r
  library hold time                                      -0.02       0.08
  data required time                                                 0.08
  --------------------------------------------------------------------------
  data required time                                                 0.08
  data arrival time                                                 -0.46
  --------------------------------------------------------------------------
  slack (MET)                                                        0.38


  Startpoint: ASYNC_FIFO_U5/U4/rptr_sync1_reg[3]
              (rising edge-triggered flip-flop clocked by REF_CLK)
  Endpoint: ASYNC_FIFO_U5/U4/rptr_sync_reg[3]
            (rising edge-triggered flip-flop clocked by REF_CLK)
  Path Group: REF_CLK
  Path Type: min

  Point                                                   Incr       Path
  --------------------------------------------------------------------------
  clock REF_CLK (rise edge)                               0.00       0.00
  clock network delay (ideal)                             0.00       0.00
  ASYNC_FIFO_U5/U4/rptr_sync1_reg[3]/CK (DFFRQX2M)        0.00       0.00 r
  ASYNC_FIFO_U5/U4/rptr_sync1_reg[3]/Q (DFFRQX2M)         0.46       0.46 f
  ASYNC_FIFO_U5/U4/rptr_sync_reg[3]/D (DFFRQX2M)          0.00       0.46 f
  data arrival time                                                  0.46

  clock REF_CLK (rise edge)                               0.00       0.00
  clock network delay (ideal)                             0.00       0.00
  clock uncertainty                                       0.10       0.10
  ASYNC_FIFO_U5/U4/rptr_sync_reg[3]/CK (DFFRQX2M)         0.00       0.10 r
  library hold time                                      -0.02       0.08
  data required time                                                 0.08
  --------------------------------------------------------------------------
  data required time                                                 0.08
  data arrival time                                                 -0.46
  --------------------------------------------------------------------------
  slack (MET)                                                        0.38


  Startpoint: ASYNC_FIFO_U5/U4/rptr_sync1_reg[2]
              (rising edge-triggered flip-flop clocked by REF_CLK)
  Endpoint: ASYNC_FIFO_U5/U4/rptr_sync_reg[2]
            (rising edge-triggered flip-flop clocked by REF_CLK)
  Path Group: REF_CLK
  Path Type: min

  Point                                                   Incr       Path
  --------------------------------------------------------------------------
  clock REF_CLK (rise edge)                               0.00       0.00
  clock network delay (ideal)                             0.00       0.00
  ASYNC_FIFO_U5/U4/rptr_sync1_reg[2]/CK (DFFRQX2M)        0.00       0.00 r
  ASYNC_FIFO_U5/U4/rptr_sync1_reg[2]/Q (DFFRQX2M)         0.46       0.46 f
  ASYNC_FIFO_U5/U4/rptr_sync_reg[2]/D (DFFRQX2M)          0.00       0.46 f
  data arrival time                                                  0.46

  clock REF_CLK (rise edge)                               0.00       0.00
  clock network delay (ideal)                             0.00       0.00
  clock uncertainty                                       0.10       0.10
  ASYNC_FIFO_U5/U4/rptr_sync_reg[2]/CK (DFFRQX2M)         0.00       0.10 r
  library hold time                                      -0.02       0.08
  data required time                                                 0.08
  --------------------------------------------------------------------------
  data required time                                                 0.08
  data arrival time                                                 -0.46
  --------------------------------------------------------------------------
  slack (MET)                                                        0.38


  Startpoint: DATA_SYNC_U2/stage_reg[1]
              (rising edge-triggered flip-flop clocked by REF_CLK)
  Endpoint: DATA_SYNC_U2/enable_flop_reg
            (rising edge-triggered flip-flop clocked by REF_CLK)
  Path Group: REF_CLK
  Path Type: min

  Point                                                   Incr       Path
  --------------------------------------------------------------------------
  clock REF_CLK (rise edge)                               0.00       0.00
  clock network delay (ideal)                             0.00       0.00
  DATA_SYNC_U2/stage_reg[1]/CK (DFFRQX2M)                 0.00       0.00 r
  DATA_SYNC_U2/stage_reg[1]/Q (DFFRQX2M)                  0.48       0.48 f
  DATA_SYNC_U2/enable_flop_reg/D (DFFRQX2M)               0.00       0.48 f
  data arrival time                                                  0.48

  clock REF_CLK (rise edge)                               0.00       0.00
  clock network delay (ideal)                             0.00       0.00
  clock uncertainty                                       0.10       0.10
  DATA_SYNC_U2/enable_flop_reg/CK (DFFRQX2M)              0.00       0.10 r
  library hold time                                      -0.02       0.08
  data required time                                                 0.08
  --------------------------------------------------------------------------
  data required time                                                 0.08
  data arrival time                                                 -0.48
  --------------------------------------------------------------------------
  slack (MET)                                                        0.40


  Startpoint: ASYNC_FIFO_U5/U2/wptr_bi_reg[3]
              (rising edge-triggered flip-flop clocked by REF_CLK)
  Endpoint: ASYNC_FIFO_U5/U2/wptr_reg[3]
            (rising edge-triggered flip-flop clocked by REF_CLK)
  Path Group: REF_CLK
  Path Type: min

  Point                                                   Incr       Path
  --------------------------------------------------------------------------
  clock REF_CLK (rise edge)                               0.00       0.00
  clock network delay (ideal)                             0.00       0.00
  ASYNC_FIFO_U5/U2/wptr_bi_reg[3]/CK (DFFRQX2M)           0.00       0.00 r
  ASYNC_FIFO_U5/U2/wptr_bi_reg[3]/Q (DFFRQX2M)            0.49       0.49 f
  ASYNC_FIFO_U5/U2/wptr_reg[3]/D (DFFRQX2M)               0.00       0.49 f
  data arrival time                                                  0.49

  clock REF_CLK (rise edge)                               0.00       0.00
  clock network delay (ideal)                             0.00       0.00
  clock uncertainty                                       0.10       0.10
  ASYNC_FIFO_U5/U2/wptr_reg[3]/CK (DFFRQX2M)              0.00       0.10 r
  library hold time                                      -0.02       0.08
  data required time                                                 0.08
  --------------------------------------------------------------------------
  data required time                                                 0.08
  data arrival time                                                 -0.49
  --------------------------------------------------------------------------
  slack (MET)                                                        0.41


  Startpoint: ASYNC_FIFO_U5/U2/wptr_bi_reg[2]
              (rising edge-triggered flip-flop clocked by REF_CLK)
  Endpoint: ASYNC_FIFO_U5/U2/wptr_bi_reg[2]
            (rising edge-triggered flip-flop clocked by REF_CLK)
  Path Group: REF_CLK
  Path Type: min

  Point                                                   Incr       Path
  --------------------------------------------------------------------------
  clock REF_CLK (rise edge)                               0.00       0.00
  clock network delay (ideal)                             0.00       0.00
  ASYNC_FIFO_U5/U2/wptr_bi_reg[2]/CK (DFFRQX2M)           0.00       0.00 r
  ASYNC_FIFO_U5/U2/wptr_bi_reg[2]/Q (DFFRQX2M)            0.47       0.47 r
  ASYNC_FIFO_U5/U2/U6/Y (XNOR2X2M)                        0.07       0.53 f
  ASYNC_FIFO_U5/U2/wptr_bi_reg[2]/D (DFFRQX2M)            0.00       0.53 f
  data arrival time                                                  0.53

  clock REF_CLK (rise edge)                               0.00       0.00
  clock network delay (ideal)                             0.00       0.00
  clock uncertainty                                       0.10       0.10
  ASYNC_FIFO_U5/U2/wptr_bi_reg[2]/CK (DFFRQX2M)           0.00       0.10 r
  library hold time                                      -0.02       0.08
  data required time                                                 0.08
  --------------------------------------------------------------------------
  data required time                                                 0.08
  data arrival time                                                 -0.53
  --------------------------------------------------------------------------
  slack (MET)                                                        0.45


  Startpoint: ASYNC_FIFO_U5/U2/wptr_bi_reg[0]
              (rising edge-triggered flip-flop clocked by REF_CLK)
  Endpoint: ASYNC_FIFO_U5/U2/wptr_bi_reg[0]
            (rising edge-triggered flip-flop clocked by REF_CLK)
  Path Group: REF_CLK
  Path Type: min

  Point                                                   Incr       Path
  --------------------------------------------------------------------------
  clock REF_CLK (rise edge)                               0.00       0.00
  clock network delay (ideal)                             0.00       0.00
  ASYNC_FIFO_U5/U2/wptr_bi_reg[0]/CK (DFFRQX2M)           0.00       0.00 r
  ASYNC_FIFO_U5/U2/wptr_bi_reg[0]/Q (DFFRQX2M)            0.49       0.49 r
  ASYNC_FIFO_U5/U2/U7/Y (XNOR2X2M)                        0.07       0.55 f
  ASYNC_FIFO_U5/U2/wptr_bi_reg[0]/D (DFFRQX2M)            0.00       0.55 f
  data arrival time                                                  0.55

  clock REF_CLK (rise edge)                               0.00       0.00
  clock network delay (ideal)                             0.00       0.00
  clock uncertainty                                       0.10       0.10
  ASYNC_FIFO_U5/U2/wptr_bi_reg[0]/CK (DFFRQX2M)           0.00       0.10 r
  library hold time                                      -0.02       0.08
  data required time                                                 0.08
  --------------------------------------------------------------------------
  data required time                                                 0.08
  data arrival time                                                 -0.55
  --------------------------------------------------------------------------
  slack (MET)                                                        0.47


  Startpoint: ASYNC_FIFO_U5/U2/wptr_bi_reg[1]
              (rising edge-triggered flip-flop clocked by REF_CLK)
  Endpoint: ASYNC_FIFO_U5/U2/wptr_reg[0]
            (rising edge-triggered flip-flop clocked by REF_CLK)
  Path Group: REF_CLK
  Path Type: min

  Point                                                   Incr       Path
  --------------------------------------------------------------------------
  clock REF_CLK (rise edge)                               0.00       0.00
  clock network delay (ideal)                             0.00       0.00
  ASYNC_FIFO_U5/U2/wptr_bi_reg[1]/CK (DFFRQX2M)           0.00       0.00 r
  ASYNC_FIFO_U5/U2/wptr_bi_reg[1]/Q (DFFRQX2M)            0.52       0.52 r
  ASYNC_FIFO_U5/U2/U17/Y (XNOR2X2M)                       0.07       0.59 f
  ASYNC_FIFO_U5/U2/wptr_reg[0]/D (DFFRQX2M)               0.00       0.59 f
  data arrival time                                                  0.59

  clock REF_CLK (rise edge)                               0.00       0.00
  clock network delay (ideal)                             0.00       0.00
  clock uncertainty                                       0.10       0.10
  ASYNC_FIFO_U5/U2/wptr_reg[0]/CK (DFFRQX2M)              0.00       0.10 r
  library hold time                                      -0.02       0.08
  data required time                                                 0.08
  --------------------------------------------------------------------------
  data required time                                                 0.08
  data arrival time                                                 -0.59
  --------------------------------------------------------------------------
  slack (MET)                                                        0.51


  Startpoint: DATA_SYNC_U2/enable_flop_reg
              (rising edge-triggered flip-flop clocked by REF_CLK)
  Endpoint: DATA_SYNC_U2/enable_pulse_reg
            (rising edge-triggered flip-flop clocked by REF_CLK)
  Path Group: REF_CLK
  Path Type: min

  Point                                                   Incr       Path
  --------------------------------------------------------------------------
  clock REF_CLK (rise edge)                               0.00       0.00
  clock network delay (ideal)                             0.00       0.00
  DATA_SYNC_U2/enable_flop_reg/CK (DFFRQX2M)              0.00       0.00 r
  DATA_SYNC_U2/enable_flop_reg/Q (DFFRQX2M)               0.36       0.36 r
  DATA_SYNC_U2/U4/Y (NAND2BX2M)                           0.17       0.53 r
  DATA_SYNC_U2/U3/Y (INVX2M)                              0.10       0.63 f
  DATA_SYNC_U2/enable_pulse_reg/D (DFFRQX2M)              0.00       0.63 f
  data arrival time                                                  0.63

  clock REF_CLK (rise edge)                               0.00       0.00
  clock network delay (ideal)                             0.00       0.00
  clock uncertainty                                       0.10       0.10
  DATA_SYNC_U2/enable_pulse_reg/CK (DFFRQX2M)             0.00       0.10 r
  library hold time                                      -0.02       0.08
  data required time                                                 0.08
  --------------------------------------------------------------------------
  data required time                                                 0.08
  data arrival time                                                 -0.63
  --------------------------------------------------------------------------
  slack (MET)                                                        0.55


  Startpoint: Domain_1_TOP_U0/RegFile_U2/regArr_reg[3][5]
              (rising edge-triggered flip-flop clocked by REF_CLK)
  Endpoint: Domain_1_TOP_U0/RegFile_U2/regArr_reg[3][5]
            (rising edge-triggered flip-flop clocked by REF_CLK)
  Path Group: REF_CLK
  Path Type: min

  Point                                                   Incr       Path
  --------------------------------------------------------------------------
  clock REF_CLK (rise edge)                               0.00       0.00
  clock network delay (ideal)                             0.00       0.00
  Domain_1_TOP_U0/RegFile_U2/regArr_reg[3][5]/CK (DFFSQX2M)
                                                          0.00       0.00 r
  Domain_1_TOP_U0/RegFile_U2/regArr_reg[3][5]/Q (DFFSQX2M)
                                                          0.47       0.47 r
  Domain_1_TOP_U0/RegFile_U2/U204/Y (OAI2BB2X1M)          0.16       0.62 r
  Domain_1_TOP_U0/RegFile_U2/regArr_reg[3][5]/D (DFFSQX2M)
                                                          0.00       0.62 r
  data arrival time                                                  0.62

  clock REF_CLK (rise edge)                               0.00       0.00
  clock network delay (ideal)                             0.00       0.00
  clock uncertainty                                       0.10       0.10
  Domain_1_TOP_U0/RegFile_U2/regArr_reg[3][5]/CK (DFFSQX2M)
                                                          0.00       0.10 r
  library hold time                                      -0.05       0.05
  data required time                                                 0.05
  --------------------------------------------------------------------------
  data required time                                                 0.05
  data arrival time                                                 -0.62
  --------------------------------------------------------------------------
  slack (MET)                                                        0.57


  Startpoint: ASYNC_FIFO_U5/U1/FIFO_MEM_reg[0][7]
              (rising edge-triggered flip-flop clocked by REF_CLK)
  Endpoint: ASYNC_FIFO_U5/U1/FIFO_MEM_reg[0][7]
            (rising edge-triggered flip-flop clocked by REF_CLK)
  Path Group: REF_CLK
  Path Type: min

  Point                                                   Incr       Path
  --------------------------------------------------------------------------
  clock REF_CLK (rise edge)                               0.00       0.00
  clock network delay (ideal)                             0.00       0.00
  ASYNC_FIFO_U5/U1/FIFO_MEM_reg[0][7]/CK (DFFRQX2M)       0.00       0.00 r
  ASYNC_FIFO_U5/U1/FIFO_MEM_reg[0][7]/Q (DFFRQX2M)        0.37       0.37 r
  ASYNC_FIFO_U5/U1/U43/Y (OAI2BB2X1M)                     0.15       0.52 r
  ASYNC_FIFO_U5/U1/FIFO_MEM_reg[0][7]/D (DFFRQX2M)        0.00       0.52 r
  data arrival time                                                  0.52

  clock REF_CLK (rise edge)                               0.00       0.00
  clock network delay (ideal)                             0.00       0.00
  clock uncertainty                                       0.10       0.10
  ASYNC_FIFO_U5/U1/FIFO_MEM_reg[0][7]/CK (DFFRQX2M)       0.00       0.10 r
  library hold time                                      -0.17      -0.07
  data required time                                                -0.07
  --------------------------------------------------------------------------
  data required time                                                -0.07
  data arrival time                                                 -0.52
  --------------------------------------------------------------------------
  slack (MET)                                                        0.59


  Startpoint: ASYNC_FIFO_U5/U1/FIFO_MEM_reg[0][6]
              (rising edge-triggered flip-flop clocked by REF_CLK)
  Endpoint: ASYNC_FIFO_U5/U1/FIFO_MEM_reg[0][6]
            (rising edge-triggered flip-flop clocked by REF_CLK)
  Path Group: REF_CLK
  Path Type: min

  Point                                                   Incr       Path
  --------------------------------------------------------------------------
  clock REF_CLK (rise edge)                               0.00       0.00
  clock network delay (ideal)                             0.00       0.00
  ASYNC_FIFO_U5/U1/FIFO_MEM_reg[0][6]/CK (DFFRQX2M)       0.00       0.00 r
  ASYNC_FIFO_U5/U1/FIFO_MEM_reg[0][6]/Q (DFFRQX2M)        0.37       0.37 r
  ASYNC_FIFO_U5/U1/U42/Y (OAI2BB2X1M)                     0.15       0.52 r
  ASYNC_FIFO_U5/U1/FIFO_MEM_reg[0][6]/D (DFFRQX2M)        0.00       0.52 r
  data arrival time                                                  0.52

  clock REF_CLK (rise edge)                               0.00       0.00
  clock network delay (ideal)                             0.00       0.00
  clock uncertainty                                       0.10       0.10
  ASYNC_FIFO_U5/U1/FIFO_MEM_reg[0][6]/CK (DFFRQX2M)       0.00       0.10 r
  library hold time                                      -0.17      -0.07
  data required time                                                -0.07
  --------------------------------------------------------------------------
  data required time                                                -0.07
  data arrival time                                                 -0.52
  --------------------------------------------------------------------------
  slack (MET)                                                        0.59


  Startpoint: ASYNC_FIFO_U5/U1/FIFO_MEM_reg[0][5]
              (rising edge-triggered flip-flop clocked by REF_CLK)
  Endpoint: ASYNC_FIFO_U5/U1/FIFO_MEM_reg[0][5]
            (rising edge-triggered flip-flop clocked by REF_CLK)
  Path Group: REF_CLK
  Path Type: min

  Point                                                   Incr       Path
  --------------------------------------------------------------------------
  clock REF_CLK (rise edge)                               0.00       0.00
  clock network delay (ideal)                             0.00       0.00
  ASYNC_FIFO_U5/U1/FIFO_MEM_reg[0][5]/CK (DFFRQX2M)       0.00       0.00 r
  ASYNC_FIFO_U5/U1/FIFO_MEM_reg[0][5]/Q (DFFRQX2M)        0.37       0.37 r
  ASYNC_FIFO_U5/U1/U41/Y (OAI2BB2X1M)                     0.15       0.52 r
  ASYNC_FIFO_U5/U1/FIFO_MEM_reg[0][5]/D (DFFRQX2M)        0.00       0.52 r
  data arrival time                                                  0.52

  clock REF_CLK (rise edge)                               0.00       0.00
  clock network delay (ideal)                             0.00       0.00
  clock uncertainty                                       0.10       0.10
  ASYNC_FIFO_U5/U1/FIFO_MEM_reg[0][5]/CK (DFFRQX2M)       0.00       0.10 r
  library hold time                                      -0.17      -0.07
  data required time                                                -0.07
  --------------------------------------------------------------------------
  data required time                                                -0.07
  data arrival time                                                 -0.52
  --------------------------------------------------------------------------
  slack (MET)                                                        0.59


  Startpoint: ASYNC_FIFO_U5/U1/FIFO_MEM_reg[0][4]
              (rising edge-triggered flip-flop clocked by REF_CLK)
  Endpoint: ASYNC_FIFO_U5/U1/FIFO_MEM_reg[0][4]
            (rising edge-triggered flip-flop clocked by REF_CLK)
  Path Group: REF_CLK
  Path Type: min

  Point                                                   Incr       Path
  --------------------------------------------------------------------------
  clock REF_CLK (rise edge)                               0.00       0.00
  clock network delay (ideal)                             0.00       0.00
  ASYNC_FIFO_U5/U1/FIFO_MEM_reg[0][4]/CK (DFFRQX2M)       0.00       0.00 r
  ASYNC_FIFO_U5/U1/FIFO_MEM_reg[0][4]/Q (DFFRQX2M)        0.37       0.37 r
  ASYNC_FIFO_U5/U1/U40/Y (OAI2BB2X1M)                     0.15       0.52 r
  ASYNC_FIFO_U5/U1/FIFO_MEM_reg[0][4]/D (DFFRQX2M)        0.00       0.52 r
  data arrival time                                                  0.52

  clock REF_CLK (rise edge)                               0.00       0.00
  clock network delay (ideal)                             0.00       0.00
  clock uncertainty                                       0.10       0.10
  ASYNC_FIFO_U5/U1/FIFO_MEM_reg[0][4]/CK (DFFRQX2M)       0.00       0.10 r
  library hold time                                      -0.17      -0.07
  data required time                                                -0.07
  --------------------------------------------------------------------------
  data required time                                                -0.07
  data arrival time                                                 -0.52
  --------------------------------------------------------------------------
  slack (MET)                                                        0.59


  Startpoint: ASYNC_FIFO_U5/U1/FIFO_MEM_reg[0][3]
              (rising edge-triggered flip-flop clocked by REF_CLK)
  Endpoint: ASYNC_FIFO_U5/U1/FIFO_MEM_reg[0][3]
            (rising edge-triggered flip-flop clocked by REF_CLK)
  Path Group: REF_CLK
  Path Type: min

  Point                                                   Incr       Path
  --------------------------------------------------------------------------
  clock REF_CLK (rise edge)                               0.00       0.00
  clock network delay (ideal)                             0.00       0.00
  ASYNC_FIFO_U5/U1/FIFO_MEM_reg[0][3]/CK (DFFRQX2M)       0.00       0.00 r
  ASYNC_FIFO_U5/U1/FIFO_MEM_reg[0][3]/Q (DFFRQX2M)        0.37       0.37 r
  ASYNC_FIFO_U5/U1/U39/Y (OAI2BB2X1M)                     0.15       0.52 r
  ASYNC_FIFO_U5/U1/FIFO_MEM_reg[0][3]/D (DFFRQX2M)        0.00       0.52 r
  data arrival time                                                  0.52

  clock REF_CLK (rise edge)                               0.00       0.00
  clock network delay (ideal)                             0.00       0.00
  clock uncertainty                                       0.10       0.10
  ASYNC_FIFO_U5/U1/FIFO_MEM_reg[0][3]/CK (DFFRQX2M)       0.00       0.10 r
  library hold time                                      -0.17      -0.07
  data required time                                                -0.07
  --------------------------------------------------------------------------
  data required time                                                -0.07
  data arrival time                                                 -0.52
  --------------------------------------------------------------------------
  slack (MET)                                                        0.59


  Startpoint: ASYNC_FIFO_U5/U1/FIFO_MEM_reg[0][2]
              (rising edge-triggered flip-flop clocked by REF_CLK)
  Endpoint: ASYNC_FIFO_U5/U1/FIFO_MEM_reg[0][2]
            (rising edge-triggered flip-flop clocked by REF_CLK)
  Path Group: REF_CLK
  Path Type: min

  Point                                                   Incr       Path
  --------------------------------------------------------------------------
  clock REF_CLK (rise edge)                               0.00       0.00
  clock network delay (ideal)                             0.00       0.00
  ASYNC_FIFO_U5/U1/FIFO_MEM_reg[0][2]/CK (DFFRQX2M)       0.00       0.00 r
  ASYNC_FIFO_U5/U1/FIFO_MEM_reg[0][2]/Q (DFFRQX2M)        0.37       0.37 r
  ASYNC_FIFO_U5/U1/U38/Y (OAI2BB2X1M)                     0.15       0.52 r
  ASYNC_FIFO_U5/U1/FIFO_MEM_reg[0][2]/D (DFFRQX2M)        0.00       0.52 r
  data arrival time                                                  0.52

  clock REF_CLK (rise edge)                               0.00       0.00
  clock network delay (ideal)                             0.00       0.00
  clock uncertainty                                       0.10       0.10
  ASYNC_FIFO_U5/U1/FIFO_MEM_reg[0][2]/CK (DFFRQX2M)       0.00       0.10 r
  library hold time                                      -0.17      -0.07
  data required time                                                -0.07
  --------------------------------------------------------------------------
  data required time                                                -0.07
  data arrival time                                                 -0.52
  --------------------------------------------------------------------------
  slack (MET)                                                        0.59


  Startpoint: ASYNC_FIFO_U5/U1/FIFO_MEM_reg[0][1]
              (rising edge-triggered flip-flop clocked by REF_CLK)
  Endpoint: ASYNC_FIFO_U5/U1/FIFO_MEM_reg[0][1]
            (rising edge-triggered flip-flop clocked by REF_CLK)
  Path Group: REF_CLK
  Path Type: min

  Point                                                   Incr       Path
  --------------------------------------------------------------------------
  clock REF_CLK (rise edge)                               0.00       0.00
  clock network delay (ideal)                             0.00       0.00
  ASYNC_FIFO_U5/U1/FIFO_MEM_reg[0][1]/CK (DFFRQX2M)       0.00       0.00 r
  ASYNC_FIFO_U5/U1/FIFO_MEM_reg[0][1]/Q (DFFRQX2M)        0.37       0.37 r
  ASYNC_FIFO_U5/U1/U37/Y (OAI2BB2X1M)                     0.15       0.52 r
  ASYNC_FIFO_U5/U1/FIFO_MEM_reg[0][1]/D (DFFRQX2M)        0.00       0.52 r
  data arrival time                                                  0.52

  clock REF_CLK (rise edge)                               0.00       0.00
  clock network delay (ideal)                             0.00       0.00
  clock uncertainty                                       0.10       0.10
  ASYNC_FIFO_U5/U1/FIFO_MEM_reg[0][1]/CK (DFFRQX2M)       0.00       0.10 r
  library hold time                                      -0.17      -0.07
  data required time                                                -0.07
  --------------------------------------------------------------------------
  data required time                                                -0.07
  data arrival time                                                 -0.52
  --------------------------------------------------------------------------
  slack (MET)                                                        0.59


  Startpoint: ASYNC_FIFO_U5/U1/FIFO_MEM_reg[0][0]
              (rising edge-triggered flip-flop clocked by REF_CLK)
  Endpoint: ASYNC_FIFO_U5/U1/FIFO_MEM_reg[0][0]
            (rising edge-triggered flip-flop clocked by REF_CLK)
  Path Group: REF_CLK
  Path Type: min

  Point                                                   Incr       Path
  --------------------------------------------------------------------------
  clock REF_CLK (rise edge)                               0.00       0.00
  clock network delay (ideal)                             0.00       0.00
  ASYNC_FIFO_U5/U1/FIFO_MEM_reg[0][0]/CK (DFFRQX2M)       0.00       0.00 r
  ASYNC_FIFO_U5/U1/FIFO_MEM_reg[0][0]/Q (DFFRQX2M)        0.37       0.37 r
  ASYNC_FIFO_U5/U1/U36/Y (OAI2BB2X1M)                     0.15       0.52 r
  ASYNC_FIFO_U5/U1/FIFO_MEM_reg[0][0]/D (DFFRQX2M)        0.00       0.52 r
  data arrival time                                                  0.52

  clock REF_CLK (rise edge)                               0.00       0.00
  clock network delay (ideal)                             0.00       0.00
  clock uncertainty                                       0.10       0.10
  ASYNC_FIFO_U5/U1/FIFO_MEM_reg[0][0]/CK (DFFRQX2M)       0.00       0.10 r
  library hold time                                      -0.17      -0.07
  data required time                                                -0.07
  --------------------------------------------------------------------------
  data required time                                                -0.07
  data arrival time                                                 -0.52
  --------------------------------------------------------------------------
  slack (MET)                                                        0.59


  Startpoint: ASYNC_FIFO_U5/U1/FIFO_MEM_reg[1][7]
              (rising edge-triggered flip-flop clocked by REF_CLK)
  Endpoint: ASYNC_FIFO_U5/U1/FIFO_MEM_reg[1][7]
            (rising edge-triggered flip-flop clocked by REF_CLK)
  Path Group: REF_CLK
  Path Type: min

  Point                                                   Incr       Path
  --------------------------------------------------------------------------
  clock REF_CLK (rise edge)                               0.00       0.00
  clock network delay (ideal)                             0.00       0.00
  ASYNC_FIFO_U5/U1/FIFO_MEM_reg[1][7]/CK (DFFRQX2M)       0.00       0.00 r
  ASYNC_FIFO_U5/U1/FIFO_MEM_reg[1][7]/Q (DFFRQX2M)        0.37       0.37 r
  ASYNC_FIFO_U5/U1/U91/Y (OAI2BB2X1M)                     0.15       0.52 r
  ASYNC_FIFO_U5/U1/FIFO_MEM_reg[1][7]/D (DFFRQX2M)        0.00       0.52 r
  data arrival time                                                  0.52

  clock REF_CLK (rise edge)                               0.00       0.00
  clock network delay (ideal)                             0.00       0.00
  clock uncertainty                                       0.10       0.10
  ASYNC_FIFO_U5/U1/FIFO_MEM_reg[1][7]/CK (DFFRQX2M)       0.00       0.10 r
  library hold time                                      -0.17      -0.07
  data required time                                                -0.07
  --------------------------------------------------------------------------
  data required time                                                -0.07
  data arrival time                                                 -0.52
  --------------------------------------------------------------------------
  slack (MET)                                                        0.59


  Startpoint: ASYNC_FIFO_U5/U1/FIFO_MEM_reg[1][6]
              (rising edge-triggered flip-flop clocked by REF_CLK)
  Endpoint: ASYNC_FIFO_U5/U1/FIFO_MEM_reg[1][6]
            (rising edge-triggered flip-flop clocked by REF_CLK)
  Path Group: REF_CLK
  Path Type: min

  Point                                                   Incr       Path
  --------------------------------------------------------------------------
  clock REF_CLK (rise edge)                               0.00       0.00
  clock network delay (ideal)                             0.00       0.00
  ASYNC_FIFO_U5/U1/FIFO_MEM_reg[1][6]/CK (DFFRQX2M)       0.00       0.00 r
  ASYNC_FIFO_U5/U1/FIFO_MEM_reg[1][6]/Q (DFFRQX2M)        0.37       0.37 r
  ASYNC_FIFO_U5/U1/U90/Y (OAI2BB2X1M)                     0.15       0.52 r
  ASYNC_FIFO_U5/U1/FIFO_MEM_reg[1][6]/D (DFFRQX2M)        0.00       0.52 r
  data arrival time                                                  0.52

  clock REF_CLK (rise edge)                               0.00       0.00
  clock network delay (ideal)                             0.00       0.00
  clock uncertainty                                       0.10       0.10
  ASYNC_FIFO_U5/U1/FIFO_MEM_reg[1][6]/CK (DFFRQX2M)       0.00       0.10 r
  library hold time                                      -0.17      -0.07
  data required time                                                -0.07
  --------------------------------------------------------------------------
  data required time                                                -0.07
  data arrival time                                                 -0.52
  --------------------------------------------------------------------------
  slack (MET)                                                        0.59


  Startpoint: ASYNC_FIFO_U5/U1/FIFO_MEM_reg[1][5]
              (rising edge-triggered flip-flop clocked by REF_CLK)
  Endpoint: ASYNC_FIFO_U5/U1/FIFO_MEM_reg[1][5]
            (rising edge-triggered flip-flop clocked by REF_CLK)
  Path Group: REF_CLK
  Path Type: min

  Point                                                   Incr       Path
  --------------------------------------------------------------------------
  clock REF_CLK (rise edge)                               0.00       0.00
  clock network delay (ideal)                             0.00       0.00
  ASYNC_FIFO_U5/U1/FIFO_MEM_reg[1][5]/CK (DFFRQX2M)       0.00       0.00 r
  ASYNC_FIFO_U5/U1/FIFO_MEM_reg[1][5]/Q (DFFRQX2M)        0.37       0.37 r
  ASYNC_FIFO_U5/U1/U89/Y (OAI2BB2X1M)                     0.15       0.52 r
  ASYNC_FIFO_U5/U1/FIFO_MEM_reg[1][5]/D (DFFRQX2M)        0.00       0.52 r
  data arrival time                                                  0.52

  clock REF_CLK (rise edge)                               0.00       0.00
  clock network delay (ideal)                             0.00       0.00
  clock uncertainty                                       0.10       0.10
  ASYNC_FIFO_U5/U1/FIFO_MEM_reg[1][5]/CK (DFFRQX2M)       0.00       0.10 r
  library hold time                                      -0.17      -0.07
  data required time                                                -0.07
  --------------------------------------------------------------------------
  data required time                                                -0.07
  data arrival time                                                 -0.52
  --------------------------------------------------------------------------
  slack (MET)                                                        0.59


  Startpoint: ASYNC_FIFO_U5/U1/FIFO_MEM_reg[1][4]
              (rising edge-triggered flip-flop clocked by REF_CLK)
  Endpoint: ASYNC_FIFO_U5/U1/FIFO_MEM_reg[1][4]
            (rising edge-triggered flip-flop clocked by REF_CLK)
  Path Group: REF_CLK
  Path Type: min

  Point                                                   Incr       Path
  --------------------------------------------------------------------------
  clock REF_CLK (rise edge)                               0.00       0.00
  clock network delay (ideal)                             0.00       0.00
  ASYNC_FIFO_U5/U1/FIFO_MEM_reg[1][4]/CK (DFFRQX2M)       0.00       0.00 r
  ASYNC_FIFO_U5/U1/FIFO_MEM_reg[1][4]/Q (DFFRQX2M)        0.37       0.37 r
  ASYNC_FIFO_U5/U1/U88/Y (OAI2BB2X1M)                     0.15       0.52 r
  ASYNC_FIFO_U5/U1/FIFO_MEM_reg[1][4]/D (DFFRQX2M)        0.00       0.52 r
  data arrival time                                                  0.52

  clock REF_CLK (rise edge)                               0.00       0.00
  clock network delay (ideal)                             0.00       0.00
  clock uncertainty                                       0.10       0.10
  ASYNC_FIFO_U5/U1/FIFO_MEM_reg[1][4]/CK (DFFRQX2M)       0.00       0.10 r
  library hold time                                      -0.17      -0.07
  data required time                                                -0.07
  --------------------------------------------------------------------------
  data required time                                                -0.07
  data arrival time                                                 -0.52
  --------------------------------------------------------------------------
  slack (MET)                                                        0.59


  Startpoint: ASYNC_FIFO_U5/U1/FIFO_MEM_reg[1][3]
              (rising edge-triggered flip-flop clocked by REF_CLK)
  Endpoint: ASYNC_FIFO_U5/U1/FIFO_MEM_reg[1][3]
            (rising edge-triggered flip-flop clocked by REF_CLK)
  Path Group: REF_CLK
  Path Type: min

  Point                                                   Incr       Path
  --------------------------------------------------------------------------
  clock REF_CLK (rise edge)                               0.00       0.00
  clock network delay (ideal)                             0.00       0.00
  ASYNC_FIFO_U5/U1/FIFO_MEM_reg[1][3]/CK (DFFRQX2M)       0.00       0.00 r
  ASYNC_FIFO_U5/U1/FIFO_MEM_reg[1][3]/Q (DFFRQX2M)        0.37       0.37 r
  ASYNC_FIFO_U5/U1/U87/Y (OAI2BB2X1M)                     0.15       0.52 r
  ASYNC_FIFO_U5/U1/FIFO_MEM_reg[1][3]/D (DFFRQX2M)        0.00       0.52 r
  data arrival time                                                  0.52

  clock REF_CLK (rise edge)                               0.00       0.00
  clock network delay (ideal)                             0.00       0.00
  clock uncertainty                                       0.10       0.10
  ASYNC_FIFO_U5/U1/FIFO_MEM_reg[1][3]/CK (DFFRQX2M)       0.00       0.10 r
  library hold time                                      -0.17      -0.07
  data required time                                                -0.07
  --------------------------------------------------------------------------
  data required time                                                -0.07
  data arrival time                                                 -0.52
  --------------------------------------------------------------------------
  slack (MET)                                                        0.59


  Startpoint: ASYNC_FIFO_U5/U1/FIFO_MEM_reg[1][2]
              (rising edge-triggered flip-flop clocked by REF_CLK)
  Endpoint: ASYNC_FIFO_U5/U1/FIFO_MEM_reg[1][2]
            (rising edge-triggered flip-flop clocked by REF_CLK)
  Path Group: REF_CLK
  Path Type: min

  Point                                                   Incr       Path
  --------------------------------------------------------------------------
  clock REF_CLK (rise edge)                               0.00       0.00
  clock network delay (ideal)                             0.00       0.00
  ASYNC_FIFO_U5/U1/FIFO_MEM_reg[1][2]/CK (DFFRQX2M)       0.00       0.00 r
  ASYNC_FIFO_U5/U1/FIFO_MEM_reg[1][2]/Q (DFFRQX2M)        0.37       0.37 r
  ASYNC_FIFO_U5/U1/U86/Y (OAI2BB2X1M)                     0.15       0.52 r
  ASYNC_FIFO_U5/U1/FIFO_MEM_reg[1][2]/D (DFFRQX2M)        0.00       0.52 r
  data arrival time                                                  0.52

  clock REF_CLK (rise edge)                               0.00       0.00
  clock network delay (ideal)                             0.00       0.00
  clock uncertainty                                       0.10       0.10
  ASYNC_FIFO_U5/U1/FIFO_MEM_reg[1][2]/CK (DFFRQX2M)       0.00       0.10 r
  library hold time                                      -0.17      -0.07
  data required time                                                -0.07
  --------------------------------------------------------------------------
  data required time                                                -0.07
  data arrival time                                                 -0.52
  --------------------------------------------------------------------------
  slack (MET)                                                        0.59


  Startpoint: ASYNC_FIFO_U5/U1/FIFO_MEM_reg[1][1]
              (rising edge-triggered flip-flop clocked by REF_CLK)
  Endpoint: ASYNC_FIFO_U5/U1/FIFO_MEM_reg[1][1]
            (rising edge-triggered flip-flop clocked by REF_CLK)
  Path Group: REF_CLK
  Path Type: min

  Point                                                   Incr       Path
  --------------------------------------------------------------------------
  clock REF_CLK (rise edge)                               0.00       0.00
  clock network delay (ideal)                             0.00       0.00
  ASYNC_FIFO_U5/U1/FIFO_MEM_reg[1][1]/CK (DFFRQX2M)       0.00       0.00 r
  ASYNC_FIFO_U5/U1/FIFO_MEM_reg[1][1]/Q (DFFRQX2M)        0.37       0.37 r
  ASYNC_FIFO_U5/U1/U85/Y (OAI2BB2X1M)                     0.15       0.52 r
  ASYNC_FIFO_U5/U1/FIFO_MEM_reg[1][1]/D (DFFRQX2M)        0.00       0.52 r
  data arrival time                                                  0.52

  clock REF_CLK (rise edge)                               0.00       0.00
  clock network delay (ideal)                             0.00       0.00
  clock uncertainty                                       0.10       0.10
  ASYNC_FIFO_U5/U1/FIFO_MEM_reg[1][1]/CK (DFFRQX2M)       0.00       0.10 r
  library hold time                                      -0.17      -0.07
  data required time                                                -0.07
  --------------------------------------------------------------------------
  data required time                                                -0.07
  data arrival time                                                 -0.52
  --------------------------------------------------------------------------
  slack (MET)                                                        0.59


  Startpoint: ASYNC_FIFO_U5/U1/FIFO_MEM_reg[1][0]
              (rising edge-triggered flip-flop clocked by REF_CLK)
  Endpoint: ASYNC_FIFO_U5/U1/FIFO_MEM_reg[1][0]
            (rising edge-triggered flip-flop clocked by REF_CLK)
  Path Group: REF_CLK
  Path Type: min

  Point                                                   Incr       Path
  --------------------------------------------------------------------------
  clock REF_CLK (rise edge)                               0.00       0.00
  clock network delay (ideal)                             0.00       0.00
  ASYNC_FIFO_U5/U1/FIFO_MEM_reg[1][0]/CK (DFFRQX2M)       0.00       0.00 r
  ASYNC_FIFO_U5/U1/FIFO_MEM_reg[1][0]/Q (DFFRQX2M)        0.37       0.37 r
  ASYNC_FIFO_U5/U1/U84/Y (OAI2BB2X1M)                     0.15       0.52 r
  ASYNC_FIFO_U5/U1/FIFO_MEM_reg[1][0]/D (DFFRQX2M)        0.00       0.52 r
  data arrival time                                                  0.52

  clock REF_CLK (rise edge)                               0.00       0.00
  clock network delay (ideal)                             0.00       0.00
  clock uncertainty                                       0.10       0.10
  ASYNC_FIFO_U5/U1/FIFO_MEM_reg[1][0]/CK (DFFRQX2M)       0.00       0.10 r
  library hold time                                      -0.17      -0.07
  data required time                                                -0.07
  --------------------------------------------------------------------------
  data required time                                                -0.07
  data arrival time                                                 -0.52
  --------------------------------------------------------------------------
  slack (MET)                                                        0.59


  Startpoint: ASYNC_FIFO_U5/U1/FIFO_MEM_reg[4][7]
              (rising edge-triggered flip-flop clocked by REF_CLK)
  Endpoint: ASYNC_FIFO_U5/U1/FIFO_MEM_reg[4][7]
            (rising edge-triggered flip-flop clocked by REF_CLK)
  Path Group: REF_CLK
  Path Type: min

  Point                                                   Incr       Path
  --------------------------------------------------------------------------
  clock REF_CLK (rise edge)                               0.00       0.00
  clock network delay (ideal)                             0.00       0.00
  ASYNC_FIFO_U5/U1/FIFO_MEM_reg[4][7]/CK (DFFRQX2M)       0.00       0.00 r
  ASYNC_FIFO_U5/U1/FIFO_MEM_reg[4][7]/Q (DFFRQX2M)        0.37       0.37 r
  ASYNC_FIFO_U5/U1/U51/Y (OAI2BB2X1M)                     0.15       0.52 r
  ASYNC_FIFO_U5/U1/FIFO_MEM_reg[4][7]/D (DFFRQX2M)        0.00       0.52 r
  data arrival time                                                  0.52

  clock REF_CLK (rise edge)                               0.00       0.00
  clock network delay (ideal)                             0.00       0.00
  clock uncertainty                                       0.10       0.10
  ASYNC_FIFO_U5/U1/FIFO_MEM_reg[4][7]/CK (DFFRQX2M)       0.00       0.10 r
  library hold time                                      -0.17      -0.07
  data required time                                                -0.07
  --------------------------------------------------------------------------
  data required time                                                -0.07
  data arrival time                                                 -0.52
  --------------------------------------------------------------------------
  slack (MET)                                                        0.59


  Startpoint: ASYNC_FIFO_U5/U1/FIFO_MEM_reg[4][6]
              (rising edge-triggered flip-flop clocked by REF_CLK)
  Endpoint: ASYNC_FIFO_U5/U1/FIFO_MEM_reg[4][6]
            (rising edge-triggered flip-flop clocked by REF_CLK)
  Path Group: REF_CLK
  Path Type: min

  Point                                                   Incr       Path
  --------------------------------------------------------------------------
  clock REF_CLK (rise edge)                               0.00       0.00
  clock network delay (ideal)                             0.00       0.00
  ASYNC_FIFO_U5/U1/FIFO_MEM_reg[4][6]/CK (DFFRQX2M)       0.00       0.00 r
  ASYNC_FIFO_U5/U1/FIFO_MEM_reg[4][6]/Q (DFFRQX2M)        0.37       0.37 r
  ASYNC_FIFO_U5/U1/U50/Y (OAI2BB2X1M)                     0.15       0.52 r
  ASYNC_FIFO_U5/U1/FIFO_MEM_reg[4][6]/D (DFFRQX2M)        0.00       0.52 r
  data arrival time                                                  0.52

  clock REF_CLK (rise edge)                               0.00       0.00
  clock network delay (ideal)                             0.00       0.00
  clock uncertainty                                       0.10       0.10
  ASYNC_FIFO_U5/U1/FIFO_MEM_reg[4][6]/CK (DFFRQX2M)       0.00       0.10 r
  library hold time                                      -0.17      -0.07
  data required time                                                -0.07
  --------------------------------------------------------------------------
  data required time                                                -0.07
  data arrival time                                                 -0.52
  --------------------------------------------------------------------------
  slack (MET)                                                        0.59


  Startpoint: ASYNC_FIFO_U5/U1/FIFO_MEM_reg[4][5]
              (rising edge-triggered flip-flop clocked by REF_CLK)
  Endpoint: ASYNC_FIFO_U5/U1/FIFO_MEM_reg[4][5]
            (rising edge-triggered flip-flop clocked by REF_CLK)
  Path Group: REF_CLK
  Path Type: min

  Point                                                   Incr       Path
  --------------------------------------------------------------------------
  clock REF_CLK (rise edge)                               0.00       0.00
  clock network delay (ideal)                             0.00       0.00
  ASYNC_FIFO_U5/U1/FIFO_MEM_reg[4][5]/CK (DFFRQX2M)       0.00       0.00 r
  ASYNC_FIFO_U5/U1/FIFO_MEM_reg[4][5]/Q (DFFRQX2M)        0.37       0.37 r
  ASYNC_FIFO_U5/U1/U49/Y (OAI2BB2X1M)                     0.15       0.52 r
  ASYNC_FIFO_U5/U1/FIFO_MEM_reg[4][5]/D (DFFRQX2M)        0.00       0.52 r
  data arrival time                                                  0.52

  clock REF_CLK (rise edge)                               0.00       0.00
  clock network delay (ideal)                             0.00       0.00
  clock uncertainty                                       0.10       0.10
  ASYNC_FIFO_U5/U1/FIFO_MEM_reg[4][5]/CK (DFFRQX2M)       0.00       0.10 r
  library hold time                                      -0.17      -0.07
  data required time                                                -0.07
  --------------------------------------------------------------------------
  data required time                                                -0.07
  data arrival time                                                 -0.52
  --------------------------------------------------------------------------
  slack (MET)                                                        0.59


  Startpoint: ASYNC_FIFO_U5/U1/FIFO_MEM_reg[4][4]
              (rising edge-triggered flip-flop clocked by REF_CLK)
  Endpoint: ASYNC_FIFO_U5/U1/FIFO_MEM_reg[4][4]
            (rising edge-triggered flip-flop clocked by REF_CLK)
  Path Group: REF_CLK
  Path Type: min

  Point                                                   Incr       Path
  --------------------------------------------------------------------------
  clock REF_CLK (rise edge)                               0.00       0.00
  clock network delay (ideal)                             0.00       0.00
  ASYNC_FIFO_U5/U1/FIFO_MEM_reg[4][4]/CK (DFFRQX2M)       0.00       0.00 r
  ASYNC_FIFO_U5/U1/FIFO_MEM_reg[4][4]/Q (DFFRQX2M)        0.37       0.37 r
  ASYNC_FIFO_U5/U1/U48/Y (OAI2BB2X1M)                     0.15       0.52 r
  ASYNC_FIFO_U5/U1/FIFO_MEM_reg[4][4]/D (DFFRQX2M)        0.00       0.52 r
  data arrival time                                                  0.52

  clock REF_CLK (rise edge)                               0.00       0.00
  clock network delay (ideal)                             0.00       0.00
  clock uncertainty                                       0.10       0.10
  ASYNC_FIFO_U5/U1/FIFO_MEM_reg[4][4]/CK (DFFRQX2M)       0.00       0.10 r
  library hold time                                      -0.17      -0.07
  data required time                                                -0.07
  --------------------------------------------------------------------------
  data required time                                                -0.07
  data arrival time                                                 -0.52
  --------------------------------------------------------------------------
  slack (MET)                                                        0.59


  Startpoint: ASYNC_FIFO_U5/U1/FIFO_MEM_reg[4][3]
              (rising edge-triggered flip-flop clocked by REF_CLK)
  Endpoint: ASYNC_FIFO_U5/U1/FIFO_MEM_reg[4][3]
            (rising edge-triggered flip-flop clocked by REF_CLK)
  Path Group: REF_CLK
  Path Type: min

  Point                                                   Incr       Path
  --------------------------------------------------------------------------
  clock REF_CLK (rise edge)                               0.00       0.00
  clock network delay (ideal)                             0.00       0.00
  ASYNC_FIFO_U5/U1/FIFO_MEM_reg[4][3]/CK (DFFRQX2M)       0.00       0.00 r
  ASYNC_FIFO_U5/U1/FIFO_MEM_reg[4][3]/Q (DFFRQX2M)        0.37       0.37 r
  ASYNC_FIFO_U5/U1/U47/Y (OAI2BB2X1M)                     0.15       0.52 r
  ASYNC_FIFO_U5/U1/FIFO_MEM_reg[4][3]/D (DFFRQX2M)        0.00       0.52 r
  data arrival time                                                  0.52

  clock REF_CLK (rise edge)                               0.00       0.00
  clock network delay (ideal)                             0.00       0.00
  clock uncertainty                                       0.10       0.10
  ASYNC_FIFO_U5/U1/FIFO_MEM_reg[4][3]/CK (DFFRQX2M)       0.00       0.10 r
  library hold time                                      -0.17      -0.07
  data required time                                                -0.07
  --------------------------------------------------------------------------
  data required time                                                -0.07
  data arrival time                                                 -0.52
  --------------------------------------------------------------------------
  slack (MET)                                                        0.59


  Startpoint: ASYNC_FIFO_U5/U1/FIFO_MEM_reg[4][2]
              (rising edge-triggered flip-flop clocked by REF_CLK)
  Endpoint: ASYNC_FIFO_U5/U1/FIFO_MEM_reg[4][2]
            (rising edge-triggered flip-flop clocked by REF_CLK)
  Path Group: REF_CLK
  Path Type: min

  Point                                                   Incr       Path
  --------------------------------------------------------------------------
  clock REF_CLK (rise edge)                               0.00       0.00
  clock network delay (ideal)                             0.00       0.00
  ASYNC_FIFO_U5/U1/FIFO_MEM_reg[4][2]/CK (DFFRQX2M)       0.00       0.00 r
  ASYNC_FIFO_U5/U1/FIFO_MEM_reg[4][2]/Q (DFFRQX2M)        0.37       0.37 r
  ASYNC_FIFO_U5/U1/U46/Y (OAI2BB2X1M)                     0.15       0.52 r
  ASYNC_FIFO_U5/U1/FIFO_MEM_reg[4][2]/D (DFFRQX2M)        0.00       0.52 r
  data arrival time                                                  0.52

  clock REF_CLK (rise edge)                               0.00       0.00
  clock network delay (ideal)                             0.00       0.00
  clock uncertainty                                       0.10       0.10
  ASYNC_FIFO_U5/U1/FIFO_MEM_reg[4][2]/CK (DFFRQX2M)       0.00       0.10 r
  library hold time                                      -0.17      -0.07
  data required time                                                -0.07
  --------------------------------------------------------------------------
  data required time                                                -0.07
  data arrival time                                                 -0.52
  --------------------------------------------------------------------------
  slack (MET)                                                        0.59


  Startpoint: ASYNC_FIFO_U5/U1/FIFO_MEM_reg[4][1]
              (rising edge-triggered flip-flop clocked by REF_CLK)
  Endpoint: ASYNC_FIFO_U5/U1/FIFO_MEM_reg[4][1]
            (rising edge-triggered flip-flop clocked by REF_CLK)
  Path Group: REF_CLK
  Path Type: min

  Point                                                   Incr       Path
  --------------------------------------------------------------------------
  clock REF_CLK (rise edge)                               0.00       0.00
  clock network delay (ideal)                             0.00       0.00
  ASYNC_FIFO_U5/U1/FIFO_MEM_reg[4][1]/CK (DFFRQX2M)       0.00       0.00 r
  ASYNC_FIFO_U5/U1/FIFO_MEM_reg[4][1]/Q (DFFRQX2M)        0.37       0.37 r
  ASYNC_FIFO_U5/U1/U45/Y (OAI2BB2X1M)                     0.15       0.52 r
  ASYNC_FIFO_U5/U1/FIFO_MEM_reg[4][1]/D (DFFRQX2M)        0.00       0.52 r
  data arrival time                                                  0.52

  clock REF_CLK (rise edge)                               0.00       0.00
  clock network delay (ideal)                             0.00       0.00
  clock uncertainty                                       0.10       0.10
  ASYNC_FIFO_U5/U1/FIFO_MEM_reg[4][1]/CK (DFFRQX2M)       0.00       0.10 r
  library hold time                                      -0.17      -0.07
  data required time                                                -0.07
  --------------------------------------------------------------------------
  data required time                                                -0.07
  data arrival time                                                 -0.52
  --------------------------------------------------------------------------
  slack (MET)                                                        0.59


  Startpoint: ASYNC_FIFO_U5/U1/FIFO_MEM_reg[4][0]
              (rising edge-triggered flip-flop clocked by REF_CLK)
  Endpoint: ASYNC_FIFO_U5/U1/FIFO_MEM_reg[4][0]
            (rising edge-triggered flip-flop clocked by REF_CLK)
  Path Group: REF_CLK
  Path Type: min

  Point                                                   Incr       Path
  --------------------------------------------------------------------------
  clock REF_CLK (rise edge)                               0.00       0.00
  clock network delay (ideal)                             0.00       0.00
  ASYNC_FIFO_U5/U1/FIFO_MEM_reg[4][0]/CK (DFFRQX2M)       0.00       0.00 r
  ASYNC_FIFO_U5/U1/FIFO_MEM_reg[4][0]/Q (DFFRQX2M)        0.37       0.37 r
  ASYNC_FIFO_U5/U1/U44/Y (OAI2BB2X1M)                     0.15       0.52 r
  ASYNC_FIFO_U5/U1/FIFO_MEM_reg[4][0]/D (DFFRQX2M)        0.00       0.52 r
  data arrival time                                                  0.52

  clock REF_CLK (rise edge)                               0.00       0.00
  clock network delay (ideal)                             0.00       0.00
  clock uncertainty                                       0.10       0.10
  ASYNC_FIFO_U5/U1/FIFO_MEM_reg[4][0]/CK (DFFRQX2M)       0.00       0.10 r
  library hold time                                      -0.17      -0.07
  data required time                                                -0.07
  --------------------------------------------------------------------------
  data required time                                                -0.07
  data arrival time                                                 -0.52
  --------------------------------------------------------------------------
  slack (MET)                                                        0.59


  Startpoint: ASYNC_FIFO_U5/U1/FIFO_MEM_reg[5][7]
              (rising edge-triggered flip-flop clocked by REF_CLK)
  Endpoint: ASYNC_FIFO_U5/U1/FIFO_MEM_reg[5][7]
            (rising edge-triggered flip-flop clocked by REF_CLK)
  Path Group: REF_CLK
  Path Type: min

  Point                                                   Incr       Path
  --------------------------------------------------------------------------
  clock REF_CLK (rise edge)                               0.00       0.00
  clock network delay (ideal)                             0.00       0.00
  ASYNC_FIFO_U5/U1/FIFO_MEM_reg[5][7]/CK (DFFRQX2M)       0.00       0.00 r
  ASYNC_FIFO_U5/U1/FIFO_MEM_reg[5][7]/Q (DFFRQX2M)        0.37       0.37 r
  ASYNC_FIFO_U5/U1/U35/Y (OAI2BB2X1M)                     0.15       0.52 r
  ASYNC_FIFO_U5/U1/FIFO_MEM_reg[5][7]/D (DFFRQX2M)        0.00       0.52 r
  data arrival time                                                  0.52

  clock REF_CLK (rise edge)                               0.00       0.00
  clock network delay (ideal)                             0.00       0.00
  clock uncertainty                                       0.10       0.10
  ASYNC_FIFO_U5/U1/FIFO_MEM_reg[5][7]/CK (DFFRQX2M)       0.00       0.10 r
  library hold time                                      -0.17      -0.07
  data required time                                                -0.07
  --------------------------------------------------------------------------
  data required time                                                -0.07
  data arrival time                                                 -0.52
  --------------------------------------------------------------------------
  slack (MET)                                                        0.59


  Startpoint: ASYNC_FIFO_U5/U1/FIFO_MEM_reg[5][6]
              (rising edge-triggered flip-flop clocked by REF_CLK)
  Endpoint: ASYNC_FIFO_U5/U1/FIFO_MEM_reg[5][6]
            (rising edge-triggered flip-flop clocked by REF_CLK)
  Path Group: REF_CLK
  Path Type: min

  Point                                                   Incr       Path
  --------------------------------------------------------------------------
  clock REF_CLK (rise edge)                               0.00       0.00
  clock network delay (ideal)                             0.00       0.00
  ASYNC_FIFO_U5/U1/FIFO_MEM_reg[5][6]/CK (DFFRQX2M)       0.00       0.00 r
  ASYNC_FIFO_U5/U1/FIFO_MEM_reg[5][6]/Q (DFFRQX2M)        0.37       0.37 r
  ASYNC_FIFO_U5/U1/U34/Y (OAI2BB2X1M)                     0.15       0.52 r
  ASYNC_FIFO_U5/U1/FIFO_MEM_reg[5][6]/D (DFFRQX2M)        0.00       0.52 r
  data arrival time                                                  0.52

  clock REF_CLK (rise edge)                               0.00       0.00
  clock network delay (ideal)                             0.00       0.00
  clock uncertainty                                       0.10       0.10
  ASYNC_FIFO_U5/U1/FIFO_MEM_reg[5][6]/CK (DFFRQX2M)       0.00       0.10 r
  library hold time                                      -0.17      -0.07
  data required time                                                -0.07
  --------------------------------------------------------------------------
  data required time                                                -0.07
  data arrival time                                                 -0.52
  --------------------------------------------------------------------------
  slack (MET)                                                        0.59


  Startpoint: ASYNC_FIFO_U5/U1/FIFO_MEM_reg[5][5]
              (rising edge-triggered flip-flop clocked by REF_CLK)
  Endpoint: ASYNC_FIFO_U5/U1/FIFO_MEM_reg[5][5]
            (rising edge-triggered flip-flop clocked by REF_CLK)
  Path Group: REF_CLK
  Path Type: min

  Point                                                   Incr       Path
  --------------------------------------------------------------------------
  clock REF_CLK (rise edge)                               0.00       0.00
  clock network delay (ideal)                             0.00       0.00
  ASYNC_FIFO_U5/U1/FIFO_MEM_reg[5][5]/CK (DFFRQX2M)       0.00       0.00 r
  ASYNC_FIFO_U5/U1/FIFO_MEM_reg[5][5]/Q (DFFRQX2M)        0.37       0.37 r
  ASYNC_FIFO_U5/U1/U33/Y (OAI2BB2X1M)                     0.15       0.52 r
  ASYNC_FIFO_U5/U1/FIFO_MEM_reg[5][5]/D (DFFRQX2M)        0.00       0.52 r
  data arrival time                                                  0.52

  clock REF_CLK (rise edge)                               0.00       0.00
  clock network delay (ideal)                             0.00       0.00
  clock uncertainty                                       0.10       0.10
  ASYNC_FIFO_U5/U1/FIFO_MEM_reg[5][5]/CK (DFFRQX2M)       0.00       0.10 r
  library hold time                                      -0.17      -0.07
  data required time                                                -0.07
  --------------------------------------------------------------------------
  data required time                                                -0.07
  data arrival time                                                 -0.52
  --------------------------------------------------------------------------
  slack (MET)                                                        0.59


  Startpoint: ASYNC_FIFO_U5/U1/FIFO_MEM_reg[5][4]
              (rising edge-triggered flip-flop clocked by REF_CLK)
  Endpoint: ASYNC_FIFO_U5/U1/FIFO_MEM_reg[5][4]
            (rising edge-triggered flip-flop clocked by REF_CLK)
  Path Group: REF_CLK
  Path Type: min

  Point                                                   Incr       Path
  --------------------------------------------------------------------------
  clock REF_CLK (rise edge)                               0.00       0.00
  clock network delay (ideal)                             0.00       0.00
  ASYNC_FIFO_U5/U1/FIFO_MEM_reg[5][4]/CK (DFFRQX2M)       0.00       0.00 r
  ASYNC_FIFO_U5/U1/FIFO_MEM_reg[5][4]/Q (DFFRQX2M)        0.37       0.37 r
  ASYNC_FIFO_U5/U1/U32/Y (OAI2BB2X1M)                     0.15       0.52 r
  ASYNC_FIFO_U5/U1/FIFO_MEM_reg[5][4]/D (DFFRQX2M)        0.00       0.52 r
  data arrival time                                                  0.52

  clock REF_CLK (rise edge)                               0.00       0.00
  clock network delay (ideal)                             0.00       0.00
  clock uncertainty                                       0.10       0.10
  ASYNC_FIFO_U5/U1/FIFO_MEM_reg[5][4]/CK (DFFRQX2M)       0.00       0.10 r
  library hold time                                      -0.17      -0.07
  data required time                                                -0.07
  --------------------------------------------------------------------------
  data required time                                                -0.07
  data arrival time                                                 -0.52
  --------------------------------------------------------------------------
  slack (MET)                                                        0.59


  Startpoint: ASYNC_FIFO_U5/U1/FIFO_MEM_reg[5][3]
              (rising edge-triggered flip-flop clocked by REF_CLK)
  Endpoint: ASYNC_FIFO_U5/U1/FIFO_MEM_reg[5][3]
            (rising edge-triggered flip-flop clocked by REF_CLK)
  Path Group: REF_CLK
  Path Type: min

  Point                                                   Incr       Path
  --------------------------------------------------------------------------
  clock REF_CLK (rise edge)                               0.00       0.00
  clock network delay (ideal)                             0.00       0.00
  ASYNC_FIFO_U5/U1/FIFO_MEM_reg[5][3]/CK (DFFRQX2M)       0.00       0.00 r
  ASYNC_FIFO_U5/U1/FIFO_MEM_reg[5][3]/Q (DFFRQX2M)        0.37       0.37 r
  ASYNC_FIFO_U5/U1/U31/Y (OAI2BB2X1M)                     0.15       0.52 r
  ASYNC_FIFO_U5/U1/FIFO_MEM_reg[5][3]/D (DFFRQX2M)        0.00       0.52 r
  data arrival time                                                  0.52

  clock REF_CLK (rise edge)                               0.00       0.00
  clock network delay (ideal)                             0.00       0.00
  clock uncertainty                                       0.10       0.10
  ASYNC_FIFO_U5/U1/FIFO_MEM_reg[5][3]/CK (DFFRQX2M)       0.00       0.10 r
  library hold time                                      -0.17      -0.07
  data required time                                                -0.07
  --------------------------------------------------------------------------
  data required time                                                -0.07
  data arrival time                                                 -0.52
  --------------------------------------------------------------------------
  slack (MET)                                                        0.59


  Startpoint: ASYNC_FIFO_U5/U1/FIFO_MEM_reg[5][2]
              (rising edge-triggered flip-flop clocked by REF_CLK)
  Endpoint: ASYNC_FIFO_U5/U1/FIFO_MEM_reg[5][2]
            (rising edge-triggered flip-flop clocked by REF_CLK)
  Path Group: REF_CLK
  Path Type: min

  Point                                                   Incr       Path
  --------------------------------------------------------------------------
  clock REF_CLK (rise edge)                               0.00       0.00
  clock network delay (ideal)                             0.00       0.00
  ASYNC_FIFO_U5/U1/FIFO_MEM_reg[5][2]/CK (DFFRQX2M)       0.00       0.00 r
  ASYNC_FIFO_U5/U1/FIFO_MEM_reg[5][2]/Q (DFFRQX2M)        0.37       0.37 r
  ASYNC_FIFO_U5/U1/U30/Y (OAI2BB2X1M)                     0.15       0.52 r
  ASYNC_FIFO_U5/U1/FIFO_MEM_reg[5][2]/D (DFFRQX2M)        0.00       0.52 r
  data arrival time                                                  0.52

  clock REF_CLK (rise edge)                               0.00       0.00
  clock network delay (ideal)                             0.00       0.00
  clock uncertainty                                       0.10       0.10
  ASYNC_FIFO_U5/U1/FIFO_MEM_reg[5][2]/CK (DFFRQX2M)       0.00       0.10 r
  library hold time                                      -0.17      -0.07
  data required time                                                -0.07
  --------------------------------------------------------------------------
  data required time                                                -0.07
  data arrival time                                                 -0.52
  --------------------------------------------------------------------------
  slack (MET)                                                        0.59


  Startpoint: ASYNC_FIFO_U5/U1/FIFO_MEM_reg[5][1]
              (rising edge-triggered flip-flop clocked by REF_CLK)
  Endpoint: ASYNC_FIFO_U5/U1/FIFO_MEM_reg[5][1]
            (rising edge-triggered flip-flop clocked by REF_CLK)
  Path Group: REF_CLK
  Path Type: min

  Point                                                   Incr       Path
  --------------------------------------------------------------------------
  clock REF_CLK (rise edge)                               0.00       0.00
  clock network delay (ideal)                             0.00       0.00
  ASYNC_FIFO_U5/U1/FIFO_MEM_reg[5][1]/CK (DFFRQX2M)       0.00       0.00 r
  ASYNC_FIFO_U5/U1/FIFO_MEM_reg[5][1]/Q (DFFRQX2M)        0.37       0.37 r
  ASYNC_FIFO_U5/U1/U29/Y (OAI2BB2X1M)                     0.15       0.52 r
  ASYNC_FIFO_U5/U1/FIFO_MEM_reg[5][1]/D (DFFRQX2M)        0.00       0.52 r
  data arrival time                                                  0.52

  clock REF_CLK (rise edge)                               0.00       0.00
  clock network delay (ideal)                             0.00       0.00
  clock uncertainty                                       0.10       0.10
  ASYNC_FIFO_U5/U1/FIFO_MEM_reg[5][1]/CK (DFFRQX2M)       0.00       0.10 r
  library hold time                                      -0.17      -0.07
  data required time                                                -0.07
  --------------------------------------------------------------------------
  data required time                                                -0.07
  data arrival time                                                 -0.52
  --------------------------------------------------------------------------
  slack (MET)                                                        0.59


  Startpoint: ASYNC_FIFO_U5/U1/FIFO_MEM_reg[5][0]
              (rising edge-triggered flip-flop clocked by REF_CLK)
  Endpoint: ASYNC_FIFO_U5/U1/FIFO_MEM_reg[5][0]
            (rising edge-triggered flip-flop clocked by REF_CLK)
  Path Group: REF_CLK
  Path Type: min

  Point                                                   Incr       Path
  --------------------------------------------------------------------------
  clock REF_CLK (rise edge)                               0.00       0.00
  clock network delay (ideal)                             0.00       0.00
  ASYNC_FIFO_U5/U1/FIFO_MEM_reg[5][0]/CK (DFFRQX2M)       0.00       0.00 r
  ASYNC_FIFO_U5/U1/FIFO_MEM_reg[5][0]/Q (DFFRQX2M)        0.37       0.37 r
  ASYNC_FIFO_U5/U1/U28/Y (OAI2BB2X1M)                     0.15       0.52 r
  ASYNC_FIFO_U5/U1/FIFO_MEM_reg[5][0]/D (DFFRQX2M)        0.00       0.52 r
  data arrival time                                                  0.52

  clock REF_CLK (rise edge)                               0.00       0.00
  clock network delay (ideal)                             0.00       0.00
  clock uncertainty                                       0.10       0.10
  ASYNC_FIFO_U5/U1/FIFO_MEM_reg[5][0]/CK (DFFRQX2M)       0.00       0.10 r
  library hold time                                      -0.17      -0.07
  data required time                                                -0.07
  --------------------------------------------------------------------------
  data required time                                                -0.07
  data arrival time                                                 -0.52
  --------------------------------------------------------------------------
  slack (MET)                                                        0.59


  Startpoint: ASYNC_FIFO_U5/U1/FIFO_MEM_reg[6][7]
              (rising edge-triggered flip-flop clocked by REF_CLK)
  Endpoint: ASYNC_FIFO_U5/U1/FIFO_MEM_reg[6][7]
            (rising edge-triggered flip-flop clocked by REF_CLK)
  Path Group: REF_CLK
  Path Type: min

  Point                                                   Incr       Path
  --------------------------------------------------------------------------
  clock REF_CLK (rise edge)                               0.00       0.00
  clock network delay (ideal)                             0.00       0.00
  ASYNC_FIFO_U5/U1/FIFO_MEM_reg[6][7]/CK (DFFRQX2M)       0.00       0.00 r
  ASYNC_FIFO_U5/U1/FIFO_MEM_reg[6][7]/Q (DFFRQX2M)        0.37       0.37 r
  ASYNC_FIFO_U5/U1/U67/Y (OAI2BB2X1M)                     0.15       0.52 r
  ASYNC_FIFO_U5/U1/FIFO_MEM_reg[6][7]/D (DFFRQX2M)        0.00       0.52 r
  data arrival time                                                  0.52

  clock REF_CLK (rise edge)                               0.00       0.00
  clock network delay (ideal)                             0.00       0.00
  clock uncertainty                                       0.10       0.10
  ASYNC_FIFO_U5/U1/FIFO_MEM_reg[6][7]/CK (DFFRQX2M)       0.00       0.10 r
  library hold time                                      -0.17      -0.07
  data required time                                                -0.07
  --------------------------------------------------------------------------
  data required time                                                -0.07
  data arrival time                                                 -0.52
  --------------------------------------------------------------------------
  slack (MET)                                                        0.59


  Startpoint: ASYNC_FIFO_U5/U1/FIFO_MEM_reg[6][6]
              (rising edge-triggered flip-flop clocked by REF_CLK)
  Endpoint: ASYNC_FIFO_U5/U1/FIFO_MEM_reg[6][6]
            (rising edge-triggered flip-flop clocked by REF_CLK)
  Path Group: REF_CLK
  Path Type: min

  Point                                                   Incr       Path
  --------------------------------------------------------------------------
  clock REF_CLK (rise edge)                               0.00       0.00
  clock network delay (ideal)                             0.00       0.00
  ASYNC_FIFO_U5/U1/FIFO_MEM_reg[6][6]/CK (DFFRQX2M)       0.00       0.00 r
  ASYNC_FIFO_U5/U1/FIFO_MEM_reg[6][6]/Q (DFFRQX2M)        0.37       0.37 r
  ASYNC_FIFO_U5/U1/U66/Y (OAI2BB2X1M)                     0.15       0.52 r
  ASYNC_FIFO_U5/U1/FIFO_MEM_reg[6][6]/D (DFFRQX2M)        0.00       0.52 r
  data arrival time                                                  0.52

  clock REF_CLK (rise edge)                               0.00       0.00
  clock network delay (ideal)                             0.00       0.00
  clock uncertainty                                       0.10       0.10
  ASYNC_FIFO_U5/U1/FIFO_MEM_reg[6][6]/CK (DFFRQX2M)       0.00       0.10 r
  library hold time                                      -0.17      -0.07
  data required time                                                -0.07
  --------------------------------------------------------------------------
  data required time                                                -0.07
  data arrival time                                                 -0.52
  --------------------------------------------------------------------------
  slack (MET)                                                        0.59


  Startpoint: ASYNC_FIFO_U5/U1/FIFO_MEM_reg[6][5]
              (rising edge-triggered flip-flop clocked by REF_CLK)
  Endpoint: ASYNC_FIFO_U5/U1/FIFO_MEM_reg[6][5]
            (rising edge-triggered flip-flop clocked by REF_CLK)
  Path Group: REF_CLK
  Path Type: min

  Point                                                   Incr       Path
  --------------------------------------------------------------------------
  clock REF_CLK (rise edge)                               0.00       0.00
  clock network delay (ideal)                             0.00       0.00
  ASYNC_FIFO_U5/U1/FIFO_MEM_reg[6][5]/CK (DFFRQX2M)       0.00       0.00 r
  ASYNC_FIFO_U5/U1/FIFO_MEM_reg[6][5]/Q (DFFRQX2M)        0.37       0.37 r
  ASYNC_FIFO_U5/U1/U65/Y (OAI2BB2X1M)                     0.15       0.52 r
  ASYNC_FIFO_U5/U1/FIFO_MEM_reg[6][5]/D (DFFRQX2M)        0.00       0.52 r
  data arrival time                                                  0.52

  clock REF_CLK (rise edge)                               0.00       0.00
  clock network delay (ideal)                             0.00       0.00
  clock uncertainty                                       0.10       0.10
  ASYNC_FIFO_U5/U1/FIFO_MEM_reg[6][5]/CK (DFFRQX2M)       0.00       0.10 r
  library hold time                                      -0.17      -0.07
  data required time                                                -0.07
  --------------------------------------------------------------------------
  data required time                                                -0.07
  data arrival time                                                 -0.52
  --------------------------------------------------------------------------
  slack (MET)                                                        0.59


  Startpoint: ASYNC_FIFO_U5/U1/FIFO_MEM_reg[6][4]
              (rising edge-triggered flip-flop clocked by REF_CLK)
  Endpoint: ASYNC_FIFO_U5/U1/FIFO_MEM_reg[6][4]
            (rising edge-triggered flip-flop clocked by REF_CLK)
  Path Group: REF_CLK
  Path Type: min

  Point                                                   Incr       Path
  --------------------------------------------------------------------------
  clock REF_CLK (rise edge)                               0.00       0.00
  clock network delay (ideal)                             0.00       0.00
  ASYNC_FIFO_U5/U1/FIFO_MEM_reg[6][4]/CK (DFFRQX2M)       0.00       0.00 r
  ASYNC_FIFO_U5/U1/FIFO_MEM_reg[6][4]/Q (DFFRQX2M)        0.37       0.37 r
  ASYNC_FIFO_U5/U1/U64/Y (OAI2BB2X1M)                     0.15       0.52 r
  ASYNC_FIFO_U5/U1/FIFO_MEM_reg[6][4]/D (DFFRQX2M)        0.00       0.52 r
  data arrival time                                                  0.52

  clock REF_CLK (rise edge)                               0.00       0.00
  clock network delay (ideal)                             0.00       0.00
  clock uncertainty                                       0.10       0.10
  ASYNC_FIFO_U5/U1/FIFO_MEM_reg[6][4]/CK (DFFRQX2M)       0.00       0.10 r
  library hold time                                      -0.17      -0.07
  data required time                                                -0.07
  --------------------------------------------------------------------------
  data required time                                                -0.07
  data arrival time                                                 -0.52
  --------------------------------------------------------------------------
  slack (MET)                                                        0.59


  Startpoint: ASYNC_FIFO_U5/U1/FIFO_MEM_reg[6][3]
              (rising edge-triggered flip-flop clocked by REF_CLK)
  Endpoint: ASYNC_FIFO_U5/U1/FIFO_MEM_reg[6][3]
            (rising edge-triggered flip-flop clocked by REF_CLK)
  Path Group: REF_CLK
  Path Type: min

  Point                                                   Incr       Path
  --------------------------------------------------------------------------
  clock REF_CLK (rise edge)                               0.00       0.00
  clock network delay (ideal)                             0.00       0.00
  ASYNC_FIFO_U5/U1/FIFO_MEM_reg[6][3]/CK (DFFRQX2M)       0.00       0.00 r
  ASYNC_FIFO_U5/U1/FIFO_MEM_reg[6][3]/Q (DFFRQX2M)        0.37       0.37 r
  ASYNC_FIFO_U5/U1/U63/Y (OAI2BB2X1M)                     0.15       0.52 r
  ASYNC_FIFO_U5/U1/FIFO_MEM_reg[6][3]/D (DFFRQX2M)        0.00       0.52 r
  data arrival time                                                  0.52

  clock REF_CLK (rise edge)                               0.00       0.00
  clock network delay (ideal)                             0.00       0.00
  clock uncertainty                                       0.10       0.10
  ASYNC_FIFO_U5/U1/FIFO_MEM_reg[6][3]/CK (DFFRQX2M)       0.00       0.10 r
  library hold time                                      -0.17      -0.07
  data required time                                                -0.07
  --------------------------------------------------------------------------
  data required time                                                -0.07
  data arrival time                                                 -0.52
  --------------------------------------------------------------------------
  slack (MET)                                                        0.59


  Startpoint: ASYNC_FIFO_U5/U1/FIFO_MEM_reg[6][2]
              (rising edge-triggered flip-flop clocked by REF_CLK)
  Endpoint: ASYNC_FIFO_U5/U1/FIFO_MEM_reg[6][2]
            (rising edge-triggered flip-flop clocked by REF_CLK)
  Path Group: REF_CLK
  Path Type: min

  Point                                                   Incr       Path
  --------------------------------------------------------------------------
  clock REF_CLK (rise edge)                               0.00       0.00
  clock network delay (ideal)                             0.00       0.00
  ASYNC_FIFO_U5/U1/FIFO_MEM_reg[6][2]/CK (DFFRQX2M)       0.00       0.00 r
  ASYNC_FIFO_U5/U1/FIFO_MEM_reg[6][2]/Q (DFFRQX2M)        0.37       0.37 r
  ASYNC_FIFO_U5/U1/U62/Y (OAI2BB2X1M)                     0.15       0.52 r
  ASYNC_FIFO_U5/U1/FIFO_MEM_reg[6][2]/D (DFFRQX2M)        0.00       0.52 r
  data arrival time                                                  0.52

  clock REF_CLK (rise edge)                               0.00       0.00
  clock network delay (ideal)                             0.00       0.00
  clock uncertainty                                       0.10       0.10
  ASYNC_FIFO_U5/U1/FIFO_MEM_reg[6][2]/CK (DFFRQX2M)       0.00       0.10 r
  library hold time                                      -0.17      -0.07
  data required time                                                -0.07
  --------------------------------------------------------------------------
  data required time                                                -0.07
  data arrival time                                                 -0.52
  --------------------------------------------------------------------------
  slack (MET)                                                        0.59


  Startpoint: ASYNC_FIFO_U5/U1/FIFO_MEM_reg[6][1]
              (rising edge-triggered flip-flop clocked by REF_CLK)
  Endpoint: ASYNC_FIFO_U5/U1/FIFO_MEM_reg[6][1]
            (rising edge-triggered flip-flop clocked by REF_CLK)
  Path Group: REF_CLK
  Path Type: min

  Point                                                   Incr       Path
  --------------------------------------------------------------------------
  clock REF_CLK (rise edge)                               0.00       0.00
  clock network delay (ideal)                             0.00       0.00
  ASYNC_FIFO_U5/U1/FIFO_MEM_reg[6][1]/CK (DFFRQX2M)       0.00       0.00 r
  ASYNC_FIFO_U5/U1/FIFO_MEM_reg[6][1]/Q (DFFRQX2M)        0.37       0.37 r
  ASYNC_FIFO_U5/U1/U61/Y (OAI2BB2X1M)                     0.15       0.52 r
  ASYNC_FIFO_U5/U1/FIFO_MEM_reg[6][1]/D (DFFRQX2M)        0.00       0.52 r
  data arrival time                                                  0.52

  clock REF_CLK (rise edge)                               0.00       0.00
  clock network delay (ideal)                             0.00       0.00
  clock uncertainty                                       0.10       0.10
  ASYNC_FIFO_U5/U1/FIFO_MEM_reg[6][1]/CK (DFFRQX2M)       0.00       0.10 r
  library hold time                                      -0.17      -0.07
  data required time                                                -0.07
  --------------------------------------------------------------------------
  data required time                                                -0.07
  data arrival time                                                 -0.52
  --------------------------------------------------------------------------
  slack (MET)                                                        0.59


  Startpoint: ASYNC_FIFO_U5/U1/FIFO_MEM_reg[6][0]
              (rising edge-triggered flip-flop clocked by REF_CLK)
  Endpoint: ASYNC_FIFO_U5/U1/FIFO_MEM_reg[6][0]
            (rising edge-triggered flip-flop clocked by REF_CLK)
  Path Group: REF_CLK
  Path Type: min

  Point                                                   Incr       Path
  --------------------------------------------------------------------------
  clock REF_CLK (rise edge)                               0.00       0.00
  clock network delay (ideal)                             0.00       0.00
  ASYNC_FIFO_U5/U1/FIFO_MEM_reg[6][0]/CK (DFFRQX2M)       0.00       0.00 r
  ASYNC_FIFO_U5/U1/FIFO_MEM_reg[6][0]/Q (DFFRQX2M)        0.37       0.37 r
  ASYNC_FIFO_U5/U1/U60/Y (OAI2BB2X1M)                     0.15       0.52 r
  ASYNC_FIFO_U5/U1/FIFO_MEM_reg[6][0]/D (DFFRQX2M)        0.00       0.52 r
  data arrival time                                                  0.52

  clock REF_CLK (rise edge)                               0.00       0.00
  clock network delay (ideal)                             0.00       0.00
  clock uncertainty                                       0.10       0.10
  ASYNC_FIFO_U5/U1/FIFO_MEM_reg[6][0]/CK (DFFRQX2M)       0.00       0.10 r
  library hold time                                      -0.17      -0.07
  data required time                                                -0.07
  --------------------------------------------------------------------------
  data required time                                                -0.07
  data arrival time                                                 -0.52
  --------------------------------------------------------------------------
  slack (MET)                                                        0.59


  Startpoint: ASYNC_FIFO_U5/U1/FIFO_MEM_reg[7][7]
              (rising edge-triggered flip-flop clocked by REF_CLK)
  Endpoint: ASYNC_FIFO_U5/U1/FIFO_MEM_reg[7][7]
            (rising edge-triggered flip-flop clocked by REF_CLK)
  Path Group: REF_CLK
  Path Type: min

  Point                                                   Incr       Path
  --------------------------------------------------------------------------
  clock REF_CLK (rise edge)                               0.00       0.00
  clock network delay (ideal)                             0.00       0.00
  ASYNC_FIFO_U5/U1/FIFO_MEM_reg[7][7]/CK (DFFRQX2M)       0.00       0.00 r
  ASYNC_FIFO_U5/U1/FIFO_MEM_reg[7][7]/Q (DFFRQX2M)        0.37       0.37 r
  ASYNC_FIFO_U5/U1/U27/Y (OAI2BB2X1M)                     0.15       0.52 r
  ASYNC_FIFO_U5/U1/FIFO_MEM_reg[7][7]/D (DFFRQX2M)        0.00       0.52 r
  data arrival time                                                  0.52

  clock REF_CLK (rise edge)                               0.00       0.00
  clock network delay (ideal)                             0.00       0.00
  clock uncertainty                                       0.10       0.10
  ASYNC_FIFO_U5/U1/FIFO_MEM_reg[7][7]/CK (DFFRQX2M)       0.00       0.10 r
  library hold time                                      -0.17      -0.07
  data required time                                                -0.07
  --------------------------------------------------------------------------
  data required time                                                -0.07
  data arrival time                                                 -0.52
  --------------------------------------------------------------------------
  slack (MET)                                                        0.59


  Startpoint: ASYNC_FIFO_U5/U1/FIFO_MEM_reg[7][6]
              (rising edge-triggered flip-flop clocked by REF_CLK)
  Endpoint: ASYNC_FIFO_U5/U1/FIFO_MEM_reg[7][6]
            (rising edge-triggered flip-flop clocked by REF_CLK)
  Path Group: REF_CLK
  Path Type: min

  Point                                                   Incr       Path
  --------------------------------------------------------------------------
  clock REF_CLK (rise edge)                               0.00       0.00
  clock network delay (ideal)                             0.00       0.00
  ASYNC_FIFO_U5/U1/FIFO_MEM_reg[7][6]/CK (DFFRQX2M)       0.00       0.00 r
  ASYNC_FIFO_U5/U1/FIFO_MEM_reg[7][6]/Q (DFFRQX2M)        0.37       0.37 r
  ASYNC_FIFO_U5/U1/U26/Y (OAI2BB2X1M)                     0.15       0.52 r
  ASYNC_FIFO_U5/U1/FIFO_MEM_reg[7][6]/D (DFFRQX2M)        0.00       0.52 r
  data arrival time                                                  0.52

  clock REF_CLK (rise edge)                               0.00       0.00
  clock network delay (ideal)                             0.00       0.00
  clock uncertainty                                       0.10       0.10
  ASYNC_FIFO_U5/U1/FIFO_MEM_reg[7][6]/CK (DFFRQX2M)       0.00       0.10 r
  library hold time                                      -0.17      -0.07
  data required time                                                -0.07
  --------------------------------------------------------------------------
  data required time                                                -0.07
  data arrival time                                                 -0.52
  --------------------------------------------------------------------------
  slack (MET)                                                        0.59


  Startpoint: ASYNC_FIFO_U5/U1/FIFO_MEM_reg[7][5]
              (rising edge-triggered flip-flop clocked by REF_CLK)
  Endpoint: ASYNC_FIFO_U5/U1/FIFO_MEM_reg[7][5]
            (rising edge-triggered flip-flop clocked by REF_CLK)
  Path Group: REF_CLK
  Path Type: min

  Point                                                   Incr       Path
  --------------------------------------------------------------------------
  clock REF_CLK (rise edge)                               0.00       0.00
  clock network delay (ideal)                             0.00       0.00
  ASYNC_FIFO_U5/U1/FIFO_MEM_reg[7][5]/CK (DFFRQX2M)       0.00       0.00 r
  ASYNC_FIFO_U5/U1/FIFO_MEM_reg[7][5]/Q (DFFRQX2M)        0.37       0.37 r
  ASYNC_FIFO_U5/U1/U25/Y (OAI2BB2X1M)                     0.15       0.52 r
  ASYNC_FIFO_U5/U1/FIFO_MEM_reg[7][5]/D (DFFRQX2M)        0.00       0.52 r
  data arrival time                                                  0.52

  clock REF_CLK (rise edge)                               0.00       0.00
  clock network delay (ideal)                             0.00       0.00
  clock uncertainty                                       0.10       0.10
  ASYNC_FIFO_U5/U1/FIFO_MEM_reg[7][5]/CK (DFFRQX2M)       0.00       0.10 r
  library hold time                                      -0.17      -0.07
  data required time                                                -0.07
  --------------------------------------------------------------------------
  data required time                                                -0.07
  data arrival time                                                 -0.52
  --------------------------------------------------------------------------
  slack (MET)                                                        0.59


  Startpoint: ASYNC_FIFO_U5/U1/FIFO_MEM_reg[7][4]
              (rising edge-triggered flip-flop clocked by REF_CLK)
  Endpoint: ASYNC_FIFO_U5/U1/FIFO_MEM_reg[7][4]
            (rising edge-triggered flip-flop clocked by REF_CLK)
  Path Group: REF_CLK
  Path Type: min

  Point                                                   Incr       Path
  --------------------------------------------------------------------------
  clock REF_CLK (rise edge)                               0.00       0.00
  clock network delay (ideal)                             0.00       0.00
  ASYNC_FIFO_U5/U1/FIFO_MEM_reg[7][4]/CK (DFFRQX2M)       0.00       0.00 r
  ASYNC_FIFO_U5/U1/FIFO_MEM_reg[7][4]/Q (DFFRQX2M)        0.37       0.37 r
  ASYNC_FIFO_U5/U1/U24/Y (OAI2BB2X1M)                     0.15       0.52 r
  ASYNC_FIFO_U5/U1/FIFO_MEM_reg[7][4]/D (DFFRQX2M)        0.00       0.52 r
  data arrival time                                                  0.52

  clock REF_CLK (rise edge)                               0.00       0.00
  clock network delay (ideal)                             0.00       0.00
  clock uncertainty                                       0.10       0.10
  ASYNC_FIFO_U5/U1/FIFO_MEM_reg[7][4]/CK (DFFRQX2M)       0.00       0.10 r
  library hold time                                      -0.17      -0.07
  data required time                                                -0.07
  --------------------------------------------------------------------------
  data required time                                                -0.07
  data arrival time                                                 -0.52
  --------------------------------------------------------------------------
  slack (MET)                                                        0.59


  Startpoint: ASYNC_FIFO_U5/U1/FIFO_MEM_reg[7][3]
              (rising edge-triggered flip-flop clocked by REF_CLK)
  Endpoint: ASYNC_FIFO_U5/U1/FIFO_MEM_reg[7][3]
            (rising edge-triggered flip-flop clocked by REF_CLK)
  Path Group: REF_CLK
  Path Type: min

  Point                                                   Incr       Path
  --------------------------------------------------------------------------
  clock REF_CLK (rise edge)                               0.00       0.00
  clock network delay (ideal)                             0.00       0.00
  ASYNC_FIFO_U5/U1/FIFO_MEM_reg[7][3]/CK (DFFRQX2M)       0.00       0.00 r
  ASYNC_FIFO_U5/U1/FIFO_MEM_reg[7][3]/Q (DFFRQX2M)        0.37       0.37 r
  ASYNC_FIFO_U5/U1/U23/Y (OAI2BB2X1M)                     0.15       0.52 r
  ASYNC_FIFO_U5/U1/FIFO_MEM_reg[7][3]/D (DFFRQX2M)        0.00       0.52 r
  data arrival time                                                  0.52

  clock REF_CLK (rise edge)                               0.00       0.00
  clock network delay (ideal)                             0.00       0.00
  clock uncertainty                                       0.10       0.10
  ASYNC_FIFO_U5/U1/FIFO_MEM_reg[7][3]/CK (DFFRQX2M)       0.00       0.10 r
  library hold time                                      -0.17      -0.07
  data required time                                                -0.07
  --------------------------------------------------------------------------
  data required time                                                -0.07
  data arrival time                                                 -0.52
  --------------------------------------------------------------------------
  slack (MET)                                                        0.59


  Startpoint: ASYNC_FIFO_U5/U1/FIFO_MEM_reg[7][2]
              (rising edge-triggered flip-flop clocked by REF_CLK)
  Endpoint: ASYNC_FIFO_U5/U1/FIFO_MEM_reg[7][2]
            (rising edge-triggered flip-flop clocked by REF_CLK)
  Path Group: REF_CLK
  Path Type: min

  Point                                                   Incr       Path
  --------------------------------------------------------------------------
  clock REF_CLK (rise edge)                               0.00       0.00
  clock network delay (ideal)                             0.00       0.00
  ASYNC_FIFO_U5/U1/FIFO_MEM_reg[7][2]/CK (DFFRQX2M)       0.00       0.00 r
  ASYNC_FIFO_U5/U1/FIFO_MEM_reg[7][2]/Q (DFFRQX2M)        0.37       0.37 r
  ASYNC_FIFO_U5/U1/U22/Y (OAI2BB2X1M)                     0.15       0.52 r
  ASYNC_FIFO_U5/U1/FIFO_MEM_reg[7][2]/D (DFFRQX2M)        0.00       0.52 r
  data arrival time                                                  0.52

  clock REF_CLK (rise edge)                               0.00       0.00
  clock network delay (ideal)                             0.00       0.00
  clock uncertainty                                       0.10       0.10
  ASYNC_FIFO_U5/U1/FIFO_MEM_reg[7][2]/CK (DFFRQX2M)       0.00       0.10 r
  library hold time                                      -0.17      -0.07
  data required time                                                -0.07
  --------------------------------------------------------------------------
  data required time                                                -0.07
  data arrival time                                                 -0.52
  --------------------------------------------------------------------------
  slack (MET)                                                        0.59


  Startpoint: ASYNC_FIFO_U5/U1/FIFO_MEM_reg[7][1]
              (rising edge-triggered flip-flop clocked by REF_CLK)
  Endpoint: ASYNC_FIFO_U5/U1/FIFO_MEM_reg[7][1]
            (rising edge-triggered flip-flop clocked by REF_CLK)
  Path Group: REF_CLK
  Path Type: min

  Point                                                   Incr       Path
  --------------------------------------------------------------------------
  clock REF_CLK (rise edge)                               0.00       0.00
  clock network delay (ideal)                             0.00       0.00
  ASYNC_FIFO_U5/U1/FIFO_MEM_reg[7][1]/CK (DFFRQX2M)       0.00       0.00 r
  ASYNC_FIFO_U5/U1/FIFO_MEM_reg[7][1]/Q (DFFRQX2M)        0.37       0.37 r
  ASYNC_FIFO_U5/U1/U21/Y (OAI2BB2X1M)                     0.15       0.52 r
  ASYNC_FIFO_U5/U1/FIFO_MEM_reg[7][1]/D (DFFRQX2M)        0.00       0.52 r
  data arrival time                                                  0.52

  clock REF_CLK (rise edge)                               0.00       0.00
  clock network delay (ideal)                             0.00       0.00
  clock uncertainty                                       0.10       0.10
  ASYNC_FIFO_U5/U1/FIFO_MEM_reg[7][1]/CK (DFFRQX2M)       0.00       0.10 r
  library hold time                                      -0.17      -0.07
  data required time                                                -0.07
  --------------------------------------------------------------------------
  data required time                                                -0.07
  data arrival time                                                 -0.52
  --------------------------------------------------------------------------
  slack (MET)                                                        0.59


  Startpoint: ASYNC_FIFO_U5/U1/FIFO_MEM_reg[7][0]
              (rising edge-triggered flip-flop clocked by REF_CLK)
  Endpoint: ASYNC_FIFO_U5/U1/FIFO_MEM_reg[7][0]
            (rising edge-triggered flip-flop clocked by REF_CLK)
  Path Group: REF_CLK
  Path Type: min

  Point                                                   Incr       Path
  --------------------------------------------------------------------------
  clock REF_CLK (rise edge)                               0.00       0.00
  clock network delay (ideal)                             0.00       0.00
  ASYNC_FIFO_U5/U1/FIFO_MEM_reg[7][0]/CK (DFFRQX2M)       0.00       0.00 r
  ASYNC_FIFO_U5/U1/FIFO_MEM_reg[7][0]/Q (DFFRQX2M)        0.37       0.37 r
  ASYNC_FIFO_U5/U1/U20/Y (OAI2BB2X1M)                     0.15       0.52 r
  ASYNC_FIFO_U5/U1/FIFO_MEM_reg[7][0]/D (DFFRQX2M)        0.00       0.52 r
  data arrival time                                                  0.52

  clock REF_CLK (rise edge)                               0.00       0.00
  clock network delay (ideal)                             0.00       0.00
  clock uncertainty                                       0.10       0.10
  ASYNC_FIFO_U5/U1/FIFO_MEM_reg[7][0]/CK (DFFRQX2M)       0.00       0.10 r
  library hold time                                      -0.17      -0.07
  data required time                                                -0.07
  --------------------------------------------------------------------------
  data required time                                                -0.07
  data arrival time                                                 -0.52
  --------------------------------------------------------------------------
  slack (MET)                                                        0.59


  Startpoint: ASYNC_FIFO_U5/U1/FIFO_MEM_reg[2][4]
              (rising edge-triggered flip-flop clocked by REF_CLK)
  Endpoint: ASYNC_FIFO_U5/U1/FIFO_MEM_reg[2][4]
            (rising edge-triggered flip-flop clocked by REF_CLK)
  Path Group: REF_CLK
  Path Type: min

  Point                                                   Incr       Path
  --------------------------------------------------------------------------
  clock REF_CLK (rise edge)                               0.00       0.00
  clock network delay (ideal)                             0.00       0.00
  ASYNC_FIFO_U5/U1/FIFO_MEM_reg[2][4]/CK (DFFRQX2M)       0.00       0.00 r
  ASYNC_FIFO_U5/U1/FIFO_MEM_reg[2][4]/Q (DFFRQX2M)        0.37       0.37 r
  ASYNC_FIFO_U5/U1/U80/Y (OAI2BB2X1M)                     0.15       0.52 r
  ASYNC_FIFO_U5/U1/FIFO_MEM_reg[2][4]/D (DFFRQX2M)        0.00       0.52 r
  data arrival time                                                  0.52

  clock REF_CLK (rise edge)                               0.00       0.00
  clock network delay (ideal)                             0.00       0.00
  clock uncertainty                                       0.10       0.10
  ASYNC_FIFO_U5/U1/FIFO_MEM_reg[2][4]/CK (DFFRQX2M)       0.00       0.10 r
  library hold time                                      -0.17      -0.07
  data required time                                                -0.07
  --------------------------------------------------------------------------
  data required time                                                -0.07
  data arrival time                                                 -0.52
  --------------------------------------------------------------------------
  slack (MET)                                                        0.59


  Startpoint: ASYNC_FIFO_U5/U1/FIFO_MEM_reg[2][3]
              (rising edge-triggered flip-flop clocked by REF_CLK)
  Endpoint: ASYNC_FIFO_U5/U1/FIFO_MEM_reg[2][3]
            (rising edge-triggered flip-flop clocked by REF_CLK)
  Path Group: REF_CLK
  Path Type: min

  Point                                                   Incr       Path
  --------------------------------------------------------------------------
  clock REF_CLK (rise edge)                               0.00       0.00
  clock network delay (ideal)                             0.00       0.00
  ASYNC_FIFO_U5/U1/FIFO_MEM_reg[2][3]/CK (DFFRQX2M)       0.00       0.00 r
  ASYNC_FIFO_U5/U1/FIFO_MEM_reg[2][3]/Q (DFFRQX2M)        0.37       0.37 r
  ASYNC_FIFO_U5/U1/U79/Y (OAI2BB2X1M)                     0.15       0.52 r
  ASYNC_FIFO_U5/U1/FIFO_MEM_reg[2][3]/D (DFFRQX2M)        0.00       0.52 r
  data arrival time                                                  0.52

  clock REF_CLK (rise edge)                               0.00       0.00
  clock network delay (ideal)                             0.00       0.00
  clock uncertainty                                       0.10       0.10
  ASYNC_FIFO_U5/U1/FIFO_MEM_reg[2][3]/CK (DFFRQX2M)       0.00       0.10 r
  library hold time                                      -0.17      -0.07
  data required time                                                -0.07
  --------------------------------------------------------------------------
  data required time                                                -0.07
  data arrival time                                                 -0.52
  --------------------------------------------------------------------------
  slack (MET)                                                        0.59


  Startpoint: ASYNC_FIFO_U5/U1/FIFO_MEM_reg[2][2]
              (rising edge-triggered flip-flop clocked by REF_CLK)
  Endpoint: ASYNC_FIFO_U5/U1/FIFO_MEM_reg[2][2]
            (rising edge-triggered flip-flop clocked by REF_CLK)
  Path Group: REF_CLK
  Path Type: min

  Point                                                   Incr       Path
  --------------------------------------------------------------------------
  clock REF_CLK (rise edge)                               0.00       0.00
  clock network delay (ideal)                             0.00       0.00
  ASYNC_FIFO_U5/U1/FIFO_MEM_reg[2][2]/CK (DFFRQX2M)       0.00       0.00 r
  ASYNC_FIFO_U5/U1/FIFO_MEM_reg[2][2]/Q (DFFRQX2M)        0.37       0.37 r
  ASYNC_FIFO_U5/U1/U78/Y (OAI2BB2X1M)                     0.15       0.52 r
  ASYNC_FIFO_U5/U1/FIFO_MEM_reg[2][2]/D (DFFRQX2M)        0.00       0.52 r
  data arrival time                                                  0.52

  clock REF_CLK (rise edge)                               0.00       0.00
  clock network delay (ideal)                             0.00       0.00
  clock uncertainty                                       0.10       0.10
  ASYNC_FIFO_U5/U1/FIFO_MEM_reg[2][2]/CK (DFFRQX2M)       0.00       0.10 r
  library hold time                                      -0.17      -0.07
  data required time                                                -0.07
  --------------------------------------------------------------------------
  data required time                                                -0.07
  data arrival time                                                 -0.52
  --------------------------------------------------------------------------
  slack (MET)                                                        0.59


  Startpoint: ASYNC_FIFO_U5/U1/FIFO_MEM_reg[2][1]
              (rising edge-triggered flip-flop clocked by REF_CLK)
  Endpoint: ASYNC_FIFO_U5/U1/FIFO_MEM_reg[2][1]
            (rising edge-triggered flip-flop clocked by REF_CLK)
  Path Group: REF_CLK
  Path Type: min

  Point                                                   Incr       Path
  --------------------------------------------------------------------------
  clock REF_CLK (rise edge)                               0.00       0.00
  clock network delay (ideal)                             0.00       0.00
  ASYNC_FIFO_U5/U1/FIFO_MEM_reg[2][1]/CK (DFFRQX2M)       0.00       0.00 r
  ASYNC_FIFO_U5/U1/FIFO_MEM_reg[2][1]/Q (DFFRQX2M)        0.37       0.37 r
  ASYNC_FIFO_U5/U1/U77/Y (OAI2BB2X1M)                     0.15       0.52 r
  ASYNC_FIFO_U5/U1/FIFO_MEM_reg[2][1]/D (DFFRQX2M)        0.00       0.52 r
  data arrival time                                                  0.52

  clock REF_CLK (rise edge)                               0.00       0.00
  clock network delay (ideal)                             0.00       0.00
  clock uncertainty                                       0.10       0.10
  ASYNC_FIFO_U5/U1/FIFO_MEM_reg[2][1]/CK (DFFRQX2M)       0.00       0.10 r
  library hold time                                      -0.17      -0.07
  data required time                                                -0.07
  --------------------------------------------------------------------------
  data required time                                                -0.07
  data arrival time                                                 -0.52
  --------------------------------------------------------------------------
  slack (MET)                                                        0.59


  Startpoint: ASYNC_FIFO_U5/U1/FIFO_MEM_reg[2][0]
              (rising edge-triggered flip-flop clocked by REF_CLK)
  Endpoint: ASYNC_FIFO_U5/U1/FIFO_MEM_reg[2][0]
            (rising edge-triggered flip-flop clocked by REF_CLK)
  Path Group: REF_CLK
  Path Type: min

  Point                                                   Incr       Path
  --------------------------------------------------------------------------
  clock REF_CLK (rise edge)                               0.00       0.00
  clock network delay (ideal)                             0.00       0.00
  ASYNC_FIFO_U5/U1/FIFO_MEM_reg[2][0]/CK (DFFRQX2M)       0.00       0.00 r
  ASYNC_FIFO_U5/U1/FIFO_MEM_reg[2][0]/Q (DFFRQX2M)        0.37       0.37 r
  ASYNC_FIFO_U5/U1/U76/Y (OAI2BB2X1M)                     0.15       0.52 r
  ASYNC_FIFO_U5/U1/FIFO_MEM_reg[2][0]/D (DFFRQX2M)        0.00       0.52 r
  data arrival time                                                  0.52

  clock REF_CLK (rise edge)                               0.00       0.00
  clock network delay (ideal)                             0.00       0.00
  clock uncertainty                                       0.10       0.10
  ASYNC_FIFO_U5/U1/FIFO_MEM_reg[2][0]/CK (DFFRQX2M)       0.00       0.10 r
  library hold time                                      -0.17      -0.07
  data required time                                                -0.07
  --------------------------------------------------------------------------
  data required time                                                -0.07
  data arrival time                                                 -0.52
  --------------------------------------------------------------------------
  slack (MET)                                                        0.59


  Startpoint: Domain_2_TOP_U1/UART_U0/U0/U3/TX_OUT_reg
              (rising edge-triggered flip-flop clocked by TX_CLK)
  Endpoint: UART_TX_O (output port clocked by UART_CLK)
  Path Group: REGOUT
  Path Type: min

  Point                                                   Incr       Path
  --------------------------------------------------------------------------
  clock TX_CLK (rise edge)                                0.00       0.00
  clock network delay (ideal)                             0.00       0.00
  Domain_2_TOP_U1/UART_U0/U0/U3/TX_OUT_reg/CK (DFFSQX2M)
                                                          0.00       0.00 r
  Domain_2_TOP_U1/UART_U0/U0/U3/TX_OUT_reg/Q (DFFSQX2M)
                                                          0.74       0.74 f
  Domain_2_TOP_U1/UART_U0/U0/U3/TX_OUT (MUX_TX)           0.00       0.74 f
  Domain_2_TOP_U1/UART_U0/U0/TX_OUT (Top_TX)              0.00       0.74 f
  Domain_2_TOP_U1/UART_U0/TX_OUT_S (UART_TOP)             0.00       0.74 f
  Domain_2_TOP_U1/TX_OUT_S (Domain_2_TOP)                 0.00       0.74 f
  UART_TX_O (out)                                         0.00       0.74 f
  data arrival time                                                  0.74

  clock UART_CLK (rise edge)                              0.00       0.00
  clock network delay (ideal)                             0.00       0.00
  clock uncertainty                                       0.10       0.10
  output external delay                                 -54.25     -54.15
  data required time                                               -54.15
  --------------------------------------------------------------------------
  data required time                                               -54.15
  data arrival time                                                 -0.74
  --------------------------------------------------------------------------
  slack (MET)                                                       54.89


  Startpoint: Domain_2_TOP_U1/UART_U0/U1/U1/cur_state_reg[2]
              (rising edge-triggered flip-flop clocked by RX_CLK)
  Endpoint: parity_error
            (output port clocked by UART_CLK)
  Path Group: REGOUT
  Path Type: min

  Point                                                   Incr       Path
  --------------------------------------------------------------------------
  clock RX_CLK (rise edge)                                0.00       0.00
  clock network delay (ideal)                             0.00       0.00
  Domain_2_TOP_U1/UART_U0/U1/U1/cur_state_reg[2]/CK (DFFRQX2M)
                                                          0.00       0.00 r
  Domain_2_TOP_U1/UART_U0/U1/U1/cur_state_reg[2]/Q (DFFRQX2M)
                                                          0.40       0.40 r
  Domain_2_TOP_U1/UART_U0/U1/U1/U9/Y (NOR3X2M)            0.09       0.49 f
  Domain_2_TOP_U1/UART_U0/U1/U1/par_chk_en (FSM_RX)       0.00       0.49 f
  Domain_2_TOP_U1/UART_U0/U1/U6/par_chk_en (Parity_Checker)
                                                          0.00       0.49 f
  Domain_2_TOP_U1/UART_U0/U1/U6/U3/Y (NOR2BX4M)           0.27       0.76 f
  Domain_2_TOP_U1/UART_U0/U1/U6/par_err (Parity_Checker)
                                                          0.00       0.76 f
  Domain_2_TOP_U1/UART_U0/U1/par_err (TOP_RX)             0.00       0.76 f
  Domain_2_TOP_U1/UART_U0/par_err (UART_TOP)              0.00       0.76 f
  Domain_2_TOP_U1/par_err (Domain_2_TOP)                  0.00       0.76 f
  parity_error (out)                                      0.00       0.76 f
  data arrival time                                                  0.76

  clock UART_CLK (rise edge)                              0.00       0.00
  clock network delay (ideal)                             0.00       0.00
  clock uncertainty                                       0.10       0.10
  output external delay                                 -54.25     -54.15
  data required time                                               -54.15
  --------------------------------------------------------------------------
  data required time                                               -54.15
  data arrival time                                                 -0.76
  --------------------------------------------------------------------------
  slack (MET)                                                       54.91


  Startpoint: Domain_2_TOP_U1/UART_U0/U1/U2/sampled_data_reg
              (rising edge-triggered flip-flop clocked by RX_CLK)
  Endpoint: framing_error
            (output port clocked by UART_CLK)
  Path Group: REGOUT
  Path Type: min

  Point                                                   Incr       Path
  --------------------------------------------------------------------------
  clock RX_CLK (rise edge)                                0.00       0.00
  clock network delay (ideal)                             0.00       0.00
  Domain_2_TOP_U1/UART_U0/U1/U2/sampled_data_reg/CK (DFFRQX2M)
                                                          0.00       0.00 r
  Domain_2_TOP_U1/UART_U0/U1/U2/sampled_data_reg/Q (DFFRQX2M)
                                                          0.41       0.41 r
  Domain_2_TOP_U1/UART_U0/U1/U2/sampled_data (data_sampling)
                                                          0.00       0.41 r
  Domain_2_TOP_U1/UART_U0/U1/U5/sampled_data (Stop_Checker_RX)
                                                          0.00       0.41 r
  Domain_2_TOP_U1/UART_U0/U1/U5/U2/Y (NOR2BX2M)           0.08       0.49 f
  Domain_2_TOP_U1/UART_U0/U1/U5/stp_err (Stop_Checker_RX)
                                                          0.00       0.49 f
  Domain_2_TOP_U1/UART_U0/U1/stp_err (TOP_RX)             0.00       0.49 f
  Domain_2_TOP_U1/UART_U0/stp_err (UART_TOP)              0.00       0.49 f
  Domain_2_TOP_U1/stp_err (Domain_2_TOP)                  0.00       0.49 f
  U2/Y (OR2X2M)                                           0.45       0.94 f
  framing_error (out)                                     0.00       0.94 f
  data arrival time                                                  0.94

  clock UART_CLK (rise edge)                              0.00       0.00
  clock network delay (ideal)                             0.00       0.00
  clock uncertainty                                       0.10       0.10
  output external delay                                 -54.25     -54.15
  data required time                                               -54.15
  --------------------------------------------------------------------------
  data required time                                               -54.15
  data arrival time                                                 -0.94
  --------------------------------------------------------------------------
  slack (MET)                                                       55.10


  Startpoint: Domain_2_TOP_U1/UART_U0/U1/U3/Counter_reg[3]
              (rising edge-triggered flip-flop clocked by RX_CLK)
  Endpoint: Domain_2_TOP_U1/UART_U0/U1/U3/Counter_reg[3]
            (rising edge-triggered flip-flop clocked by RX_CLK)
  Path Group: RX_CLK
  Path Type: min

  Point                                                   Incr       Path
  --------------------------------------------------------------------------
  clock RX_CLK (rise edge)                                0.00       0.00
  clock network delay (ideal)                             0.00       0.00
  Domain_2_TOP_U1/UART_U0/U1/U3/Counter_reg[3]/CK (DFFRQX2M)
                                                          0.00       0.00 r
  Domain_2_TOP_U1/UART_U0/U1/U3/Counter_reg[3]/Q (DFFRQX2M)
                                                          0.37       0.37 r
  Domain_2_TOP_U1/UART_U0/U1/U3/U12/Y (XNOR2X2M)          0.05       0.42 f
  Domain_2_TOP_U1/UART_U0/U1/U3/Counter_reg[3]/D (DFFRQX2M)
                                                          0.00       0.42 f
  data arrival time                                                  0.42

  clock RX_CLK (rise edge)                                0.00       0.00
  clock network delay (ideal)                             0.00       0.00
  Domain_2_TOP_U1/UART_U0/U1/U3/Counter_reg[3]/CK (DFFRQX2M)
                                                          0.00       0.00 r
  library hold time                                      -0.02      -0.02
  data required time                                                -0.02
  --------------------------------------------------------------------------
  data required time                                                -0.02
  data arrival time                                                 -0.42
  --------------------------------------------------------------------------
  slack (MET)                                                        0.44


  Startpoint: Domain_2_TOP_U1/UART_U0/U1/U3/Counter_reg[1]
              (rising edge-triggered flip-flop clocked by RX_CLK)
  Endpoint: Domain_2_TOP_U1/UART_U0/U1/U3/Counter_reg[1]
            (rising edge-triggered flip-flop clocked by RX_CLK)
  Path Group: RX_CLK
  Path Type: min

  Point                                                   Incr       Path
  --------------------------------------------------------------------------
  clock RX_CLK (rise edge)                                0.00       0.00
  clock network delay (ideal)                             0.00       0.00
  Domain_2_TOP_U1/UART_U0/U1/U3/Counter_reg[1]/CK (DFFRQX2M)
                                                          0.00       0.00 r
  Domain_2_TOP_U1/UART_U0/U1/U3/Counter_reg[1]/Q (DFFRQX2M)
                                                          0.37       0.37 r
  Domain_2_TOP_U1/UART_U0/U1/U3/U13/Y (XNOR2X2M)          0.05       0.42 f
  Domain_2_TOP_U1/UART_U0/U1/U3/Counter_reg[1]/D (DFFRQX2M)
                                                          0.00       0.42 f
  data arrival time                                                  0.42

  clock RX_CLK (rise edge)                                0.00       0.00
  clock network delay (ideal)                             0.00       0.00
  Domain_2_TOP_U1/UART_U0/U1/U3/Counter_reg[1]/CK (DFFRQX2M)
                                                          0.00       0.00 r
  library hold time                                      -0.02      -0.02
  data required time                                                -0.02
  --------------------------------------------------------------------------
  data required time                                                -0.02
  data arrival time                                                 -0.42
  --------------------------------------------------------------------------
  slack (MET)                                                        0.45


  Startpoint: Domain_2_TOP_U1/UART_U0/U1/U2/sample_3_reg
              (rising edge-triggered flip-flop clocked by RX_CLK)
  Endpoint: Domain_2_TOP_U1/UART_U0/U1/U2/sample_3_reg
            (rising edge-triggered flip-flop clocked by RX_CLK)
  Path Group: RX_CLK
  Path Type: min

  Point                                                   Incr       Path
  --------------------------------------------------------------------------
  clock RX_CLK (rise edge)                                0.00       0.00
  clock network delay (ideal)                             0.00       0.00
  Domain_2_TOP_U1/UART_U0/U1/U2/sample_3_reg/CK (DFFRX1M)
                                                          0.00       0.00 r
  Domain_2_TOP_U1/UART_U0/U1/U2/sample_3_reg/QN (DFFRX1M)
                                                          0.35       0.35 r
  Domain_2_TOP_U1/UART_U0/U1/U2/U10/Y (OAI2BB2X1M)        0.10       0.45 f
  Domain_2_TOP_U1/UART_U0/U1/U2/sample_3_reg/D (DFFRX1M)
                                                          0.00       0.45 f
  data arrival time                                                  0.45

  clock RX_CLK (rise edge)                                0.00       0.00
  clock network delay (ideal)                             0.00       0.00
  Domain_2_TOP_U1/UART_U0/U1/U2/sample_3_reg/CK (DFFRX1M)
                                                          0.00       0.00 r
  library hold time                                      -0.03      -0.03
  data required time                                                -0.03
  --------------------------------------------------------------------------
  data required time                                                -0.03
  data arrival time                                                 -0.45
  --------------------------------------------------------------------------
  slack (MET)                                                        0.47


  Startpoint: Domain_2_TOP_U1/UART_U0/U1/U4/edge_cnt_reg[4]
              (rising edge-triggered flip-flop clocked by RX_CLK)
  Endpoint: Domain_2_TOP_U1/UART_U0/U1/U4/edge_cnt_reg[4]
            (rising edge-triggered flip-flop clocked by RX_CLK)
  Path Group: RX_CLK
  Path Type: min

  Point                                                   Incr       Path
  --------------------------------------------------------------------------
  clock RX_CLK (rise edge)                                0.00       0.00
  clock network delay (ideal)                             0.00       0.00
  Domain_2_TOP_U1/UART_U0/U1/U4/edge_cnt_reg[4]/CK (DFFRQX2M)
                                                          0.00       0.00 r
  Domain_2_TOP_U1/UART_U0/U1/U4/edge_cnt_reg[4]/Q (DFFRQX2M)
                                                          0.45       0.45 r
  Domain_2_TOP_U1/UART_U0/U1/U4/U27/Y (NOR2X2M)           0.05       0.50 f
  Domain_2_TOP_U1/UART_U0/U1/U4/edge_cnt_reg[4]/D (DFFRQX2M)
                                                          0.00       0.50 f
  data arrival time                                                  0.50

  clock RX_CLK (rise edge)                                0.00       0.00
  clock network delay (ideal)                             0.00       0.00
  Domain_2_TOP_U1/UART_U0/U1/U4/edge_cnt_reg[4]/CK (DFFRQX2M)
                                                          0.00       0.00 r
  library hold time                                      -0.03      -0.03
  data required time                                                -0.03
  --------------------------------------------------------------------------
  data required time                                                -0.03
  data arrival time                                                 -0.50
  --------------------------------------------------------------------------
  slack (MET)                                                        0.53


  Startpoint: Domain_2_TOP_U1/UART_U0/U1/U4/bit_cnt_reg[0]
              (rising edge-triggered flip-flop clocked by RX_CLK)
  Endpoint: Domain_2_TOP_U1/UART_U0/U1/U4/bit_cnt_reg[0]
            (rising edge-triggered flip-flop clocked by RX_CLK)
  Path Group: RX_CLK
  Path Type: min

  Point                                                   Incr       Path
  --------------------------------------------------------------------------
  clock RX_CLK (rise edge)                                0.00       0.00
  clock network delay (ideal)                             0.00       0.00
  Domain_2_TOP_U1/UART_U0/U1/U4/bit_cnt_reg[0]/CK (DFFRQX2M)
                                                          0.00       0.00 r
  Domain_2_TOP_U1/UART_U0/U1/U4/bit_cnt_reg[0]/Q (DFFRQX2M)
                                                          0.44       0.44 r
  Domain_2_TOP_U1/UART_U0/U1/U4/U19/Y (OAI31X1M)          0.11       0.55 f
  Domain_2_TOP_U1/UART_U0/U1/U4/bit_cnt_reg[0]/D (DFFRQX2M)
                                                          0.00       0.55 f
  data arrival time                                                  0.55

  clock RX_CLK (rise edge)                                0.00       0.00
  clock network delay (ideal)                             0.00       0.00
  Domain_2_TOP_U1/UART_U0/U1/U4/bit_cnt_reg[0]/CK (DFFRQX2M)
                                                          0.00       0.00 r
  library hold time                                      -0.02      -0.02
  data required time                                                -0.02
  --------------------------------------------------------------------------
  data required time                                                -0.02
  data arrival time                                                 -0.55
  --------------------------------------------------------------------------
  slack (MET)                                                        0.57


  Startpoint: Domain_2_TOP_U1/UART_U0/U1/U2/sample_3_reg
              (rising edge-triggered flip-flop clocked by RX_CLK)
  Endpoint: Domain_2_TOP_U1/UART_U0/U1/U2/sampled_data_reg
            (rising edge-triggered flip-flop clocked by RX_CLK)
  Path Group: RX_CLK
  Path Type: min

  Point                                                   Incr       Path
  --------------------------------------------------------------------------
  clock RX_CLK (rise edge)                                0.00       0.00
  clock network delay (ideal)                             0.00       0.00
  Domain_2_TOP_U1/UART_U0/U1/U2/sample_3_reg/CK (DFFRX1M)
                                                          0.00       0.00 r
  Domain_2_TOP_U1/UART_U0/U1/U2/sample_3_reg/QN (DFFRX1M)
                                                          0.35       0.35 r
  Domain_2_TOP_U1/UART_U0/U1/U2/U20/Y (AOI2BB1X2M)        0.06       0.41 f
  Domain_2_TOP_U1/UART_U0/U1/U2/U18/Y (AOI21X2M)          0.07       0.47 r
  Domain_2_TOP_U1/UART_U0/U1/U2/U17/Y (OAI2BB2X1M)        0.08       0.55 f
  Domain_2_TOP_U1/UART_U0/U1/U2/sampled_data_reg/D (DFFRQX2M)
                                                          0.00       0.55 f
  data arrival time                                                  0.55

  clock RX_CLK (rise edge)                                0.00       0.00
  clock network delay (ideal)                             0.00       0.00
  Domain_2_TOP_U1/UART_U0/U1/U2/sampled_data_reg/CK (DFFRQX2M)
                                                          0.00       0.00 r
  library hold time                                      -0.03      -0.03
  data required time                                                -0.03
  --------------------------------------------------------------------------
  data required time                                                -0.03
  data arrival time                                                 -0.55
  --------------------------------------------------------------------------
  slack (MET)                                                        0.58


  Startpoint: Domain_2_TOP_U1/UART_U0/U1/U3/DATA_reg[7]
              (rising edge-triggered flip-flop clocked by RX_CLK)
  Endpoint: Domain_2_TOP_U1/UART_U0/U1/U3/DATA_reg[7]
            (rising edge-triggered flip-flop clocked by RX_CLK)
  Path Group: RX_CLK
  Path Type: min

  Point                                                   Incr       Path
  --------------------------------------------------------------------------
  clock RX_CLK (rise edge)                                0.00       0.00
  clock network delay (ideal)                             0.00       0.00
  Domain_2_TOP_U1/UART_U0/U1/U3/DATA_reg[7]/CK (DFFRQX2M)
                                                          0.00       0.00 r
  Domain_2_TOP_U1/UART_U0/U1/U3/DATA_reg[7]/Q (DFFRQX2M)
                                                          0.46       0.46 f
  Domain_2_TOP_U1/UART_U0/U1/U3/U35/Y (INVX2M)            0.06       0.52 r
  Domain_2_TOP_U1/UART_U0/U1/U3/U3/Y (OAI22X1M)           0.06       0.58 f
  Domain_2_TOP_U1/UART_U0/U1/U3/DATA_reg[7]/D (DFFRQX2M)
                                                          0.00       0.58 f
  data arrival time                                                  0.58

  clock RX_CLK (rise edge)                                0.00       0.00
  clock network delay (ideal)                             0.00       0.00
  Domain_2_TOP_U1/UART_U0/U1/U3/DATA_reg[7]/CK (DFFRQX2M)
                                                          0.00       0.00 r
  library hold time                                      -0.02      -0.02
  data required time                                                -0.02
  --------------------------------------------------------------------------
  data required time                                                -0.02
  data arrival time                                                 -0.58
  --------------------------------------------------------------------------
  slack (MET)                                                        0.60


  Startpoint: Domain_2_TOP_U1/UART_U0/U1/U1/cur_state_reg[1]
              (rising edge-triggered flip-flop clocked by RX_CLK)
  Endpoint: Domain_2_TOP_U1/UART_U0/U1/U1/cur_state_reg[2]
            (rising edge-triggered flip-flop clocked by RX_CLK)
  Path Group: RX_CLK
  Path Type: min

  Point                                                   Incr       Path
  --------------------------------------------------------------------------
  clock RX_CLK (rise edge)                                0.00       0.00
  clock network delay (ideal)                             0.00       0.00
  Domain_2_TOP_U1/UART_U0/U1/U1/cur_state_reg[1]/CK (DFFRQX2M)
                                                          0.00       0.00 r
  Domain_2_TOP_U1/UART_U0/U1/U1/cur_state_reg[1]/Q (DFFRQX2M)
                                                          0.38       0.38 r
  Domain_2_TOP_U1/UART_U0/U1/U1/U10/Y (NOR3X2M)           0.08       0.46 f
  Domain_2_TOP_U1/UART_U0/U1/U1/U16/Y (OAI21X2M)          0.07       0.53 r
  Domain_2_TOP_U1/UART_U0/U1/U1/U14/Y (OAI211X2M)         0.06       0.59 f
  Domain_2_TOP_U1/UART_U0/U1/U1/cur_state_reg[2]/D (DFFRQX2M)
                                                          0.00       0.59 f
  data arrival time                                                  0.59

  clock RX_CLK (rise edge)                                0.00       0.00
  clock network delay (ideal)                             0.00       0.00
  Domain_2_TOP_U1/UART_U0/U1/U1/cur_state_reg[2]/CK (DFFRQX2M)
                                                          0.00       0.00 r
  library hold time                                      -0.03      -0.03
  data required time                                                -0.03
  --------------------------------------------------------------------------
  data required time                                                -0.03
  data arrival time                                                 -0.59
  --------------------------------------------------------------------------
  slack (MET)                                                        0.62


  Startpoint: Domain_2_TOP_U1/UART_U0/U1/U3/DATA_reg[1]
              (rising edge-triggered flip-flop clocked by RX_CLK)
  Endpoint: Domain_2_TOP_U1/UART_U0/U1/U3/DATA_reg[1]
            (rising edge-triggered flip-flop clocked by RX_CLK)
  Path Group: RX_CLK
  Path Type: min

  Point                                                   Incr       Path
  --------------------------------------------------------------------------
  clock RX_CLK (rise edge)                                0.00       0.00
  clock network delay (ideal)                             0.00       0.00
  Domain_2_TOP_U1/UART_U0/U1/U3/DATA_reg[1]/CK (DFFRQX2M)
                                                          0.00       0.00 r
  Domain_2_TOP_U1/UART_U0/U1/U3/DATA_reg[1]/Q (DFFRQX2M)
                                                          0.46       0.46 f
  Domain_2_TOP_U1/UART_U0/U1/U3/U34/Y (INVX2M)            0.08       0.53 r
  Domain_2_TOP_U1/UART_U0/U1/U3/U9/Y (OAI22X1M)           0.06       0.60 f
  Domain_2_TOP_U1/UART_U0/U1/U3/DATA_reg[1]/D (DFFRQX2M)
                                                          0.00       0.60 f
  data arrival time                                                  0.60

  clock RX_CLK (rise edge)                                0.00       0.00
  clock network delay (ideal)                             0.00       0.00
  Domain_2_TOP_U1/UART_U0/U1/U3/DATA_reg[1]/CK (DFFRQX2M)
                                                          0.00       0.00 r
  library hold time                                      -0.02      -0.02
  data required time                                                -0.02
  --------------------------------------------------------------------------
  data required time                                                -0.02
  data arrival time                                                 -0.60
  --------------------------------------------------------------------------
  slack (MET)                                                        0.62


  Startpoint: Domain_2_TOP_U1/UART_U0/U1/U3/DATA_reg[2]
              (rising edge-triggered flip-flop clocked by RX_CLK)
  Endpoint: Domain_2_TOP_U1/UART_U0/U1/U3/DATA_reg[2]
            (rising edge-triggered flip-flop clocked by RX_CLK)
  Path Group: RX_CLK
  Path Type: min

  Point                                                   Incr       Path
  --------------------------------------------------------------------------
  clock RX_CLK (rise edge)                                0.00       0.00
  clock network delay (ideal)                             0.00       0.00
  Domain_2_TOP_U1/UART_U0/U1/U3/DATA_reg[2]/CK (DFFRQX2M)
                                                          0.00       0.00 r
  Domain_2_TOP_U1/UART_U0/U1/U3/DATA_reg[2]/Q (DFFRQX2M)
                                                          0.46       0.46 f
  Domain_2_TOP_U1/UART_U0/U1/U3/U33/Y (INVX2M)            0.08       0.53 r
  Domain_2_TOP_U1/UART_U0/U1/U3/U8/Y (OAI22X1M)           0.06       0.60 f
  Domain_2_TOP_U1/UART_U0/U1/U3/DATA_reg[2]/D (DFFRQX2M)
                                                          0.00       0.60 f
  data arrival time                                                  0.60

  clock RX_CLK (rise edge)                                0.00       0.00
  clock network delay (ideal)                             0.00       0.00
  Domain_2_TOP_U1/UART_U0/U1/U3/DATA_reg[2]/CK (DFFRQX2M)
                                                          0.00       0.00 r
  library hold time                                      -0.02      -0.02
  data required time                                                -0.02
  --------------------------------------------------------------------------
  data required time                                                -0.02
  data arrival time                                                 -0.60
  --------------------------------------------------------------------------
  slack (MET)                                                        0.62


  Startpoint: Domain_2_TOP_U1/UART_U0/U1/U3/DATA_reg[3]
              (rising edge-triggered flip-flop clocked by RX_CLK)
  Endpoint: Domain_2_TOP_U1/UART_U0/U1/U3/DATA_reg[3]
            (rising edge-triggered flip-flop clocked by RX_CLK)
  Path Group: RX_CLK
  Path Type: min

  Point                                                   Incr       Path
  --------------------------------------------------------------------------
  clock RX_CLK (rise edge)                                0.00       0.00
  clock network delay (ideal)                             0.00       0.00
  Domain_2_TOP_U1/UART_U0/U1/U3/DATA_reg[3]/CK (DFFRQX2M)
                                                          0.00       0.00 r
  Domain_2_TOP_U1/UART_U0/U1/U3/DATA_reg[3]/Q (DFFRQX2M)
                                                          0.46       0.46 f
  Domain_2_TOP_U1/UART_U0/U1/U3/U32/Y (INVX2M)            0.08       0.53 r
  Domain_2_TOP_U1/UART_U0/U1/U3/U7/Y (OAI22X1M)           0.06       0.60 f
  Domain_2_TOP_U1/UART_U0/U1/U3/DATA_reg[3]/D (DFFRQX2M)
                                                          0.00       0.60 f
  data arrival time                                                  0.60

  clock RX_CLK (rise edge)                                0.00       0.00
  clock network delay (ideal)                             0.00       0.00
  Domain_2_TOP_U1/UART_U0/U1/U3/DATA_reg[3]/CK (DFFRQX2M)
                                                          0.00       0.00 r
  library hold time                                      -0.02      -0.02
  data required time                                                -0.02
  --------------------------------------------------------------------------
  data required time                                                -0.02
  data arrival time                                                 -0.60
  --------------------------------------------------------------------------
  slack (MET)                                                        0.62


  Startpoint: Domain_2_TOP_U1/UART_U0/U1/U3/DATA_reg[4]
              (rising edge-triggered flip-flop clocked by RX_CLK)
  Endpoint: Domain_2_TOP_U1/UART_U0/U1/U3/DATA_reg[4]
            (rising edge-triggered flip-flop clocked by RX_CLK)
  Path Group: RX_CLK
  Path Type: min

  Point                                                   Incr       Path
  --------------------------------------------------------------------------
  clock RX_CLK (rise edge)                                0.00       0.00
  clock network delay (ideal)                             0.00       0.00
  Domain_2_TOP_U1/UART_U0/U1/U3/DATA_reg[4]/CK (DFFRQX2M)
                                                          0.00       0.00 r
  Domain_2_TOP_U1/UART_U0/U1/U3/DATA_reg[4]/Q (DFFRQX2M)
                                                          0.46       0.46 f
  Domain_2_TOP_U1/UART_U0/U1/U3/U31/Y (INVX2M)            0.08       0.53 r
  Domain_2_TOP_U1/UART_U0/U1/U3/U6/Y (OAI22X1M)           0.06       0.60 f
  Domain_2_TOP_U1/UART_U0/U1/U3/DATA_reg[4]/D (DFFRQX2M)
                                                          0.00       0.60 f
  data arrival time                                                  0.60

  clock RX_CLK (rise edge)                                0.00       0.00
  clock network delay (ideal)                             0.00       0.00
  Domain_2_TOP_U1/UART_U0/U1/U3/DATA_reg[4]/CK (DFFRQX2M)
                                                          0.00       0.00 r
  library hold time                                      -0.02      -0.02
  data required time                                                -0.02
  --------------------------------------------------------------------------
  data required time                                                -0.02
  data arrival time                                                 -0.60
  --------------------------------------------------------------------------
  slack (MET)                                                        0.62


  Startpoint: Domain_2_TOP_U1/UART_U0/U1/U3/DATA_reg[5]
              (rising edge-triggered flip-flop clocked by RX_CLK)
  Endpoint: Domain_2_TOP_U1/UART_U0/U1/U3/DATA_reg[5]
            (rising edge-triggered flip-flop clocked by RX_CLK)
  Path Group: RX_CLK
  Path Type: min

  Point                                                   Incr       Path
  --------------------------------------------------------------------------
  clock RX_CLK (rise edge)                                0.00       0.00
  clock network delay (ideal)                             0.00       0.00
  Domain_2_TOP_U1/UART_U0/U1/U3/DATA_reg[5]/CK (DFFRQX2M)
                                                          0.00       0.00 r
  Domain_2_TOP_U1/UART_U0/U1/U3/DATA_reg[5]/Q (DFFRQX2M)
                                                          0.46       0.46 f
  Domain_2_TOP_U1/UART_U0/U1/U3/U30/Y (INVX2M)            0.08       0.53 r
  Domain_2_TOP_U1/UART_U0/U1/U3/U5/Y (OAI22X1M)           0.06       0.60 f
  Domain_2_TOP_U1/UART_U0/U1/U3/DATA_reg[5]/D (DFFRQX2M)
                                                          0.00       0.60 f
  data arrival time                                                  0.60

  clock RX_CLK (rise edge)                                0.00       0.00
  clock network delay (ideal)                             0.00       0.00
  Domain_2_TOP_U1/UART_U0/U1/U3/DATA_reg[5]/CK (DFFRQX2M)
                                                          0.00       0.00 r
  library hold time                                      -0.02      -0.02
  data required time                                                -0.02
  --------------------------------------------------------------------------
  data required time                                                -0.02
  data arrival time                                                 -0.60
  --------------------------------------------------------------------------
  slack (MET)                                                        0.62


  Startpoint: Domain_2_TOP_U1/UART_U0/U1/U3/DATA_reg[6]
              (rising edge-triggered flip-flop clocked by RX_CLK)
  Endpoint: Domain_2_TOP_U1/UART_U0/U1/U3/DATA_reg[6]
            (rising edge-triggered flip-flop clocked by RX_CLK)
  Path Group: RX_CLK
  Path Type: min

  Point                                                   Incr       Path
  --------------------------------------------------------------------------
  clock RX_CLK (rise edge)                                0.00       0.00
  clock network delay (ideal)                             0.00       0.00
  Domain_2_TOP_U1/UART_U0/U1/U3/DATA_reg[6]/CK (DFFRQX2M)
                                                          0.00       0.00 r
  Domain_2_TOP_U1/UART_U0/U1/U3/DATA_reg[6]/Q (DFFRQX2M)
                                                          0.46       0.46 f
  Domain_2_TOP_U1/UART_U0/U1/U3/U29/Y (INVX2M)            0.08       0.53 r
  Domain_2_TOP_U1/UART_U0/U1/U3/U4/Y (OAI22X1M)           0.06       0.60 f
  Domain_2_TOP_U1/UART_U0/U1/U3/DATA_reg[6]/D (DFFRQX2M)
                                                          0.00       0.60 f
  data arrival time                                                  0.60

  clock RX_CLK (rise edge)                                0.00       0.00
  clock network delay (ideal)                             0.00       0.00
  Domain_2_TOP_U1/UART_U0/U1/U3/DATA_reg[6]/CK (DFFRQX2M)
                                                          0.00       0.00 r
  library hold time                                      -0.02      -0.02
  data required time                                                -0.02
  --------------------------------------------------------------------------
  data required time                                                -0.02
  data arrival time                                                 -0.60
  --------------------------------------------------------------------------
  slack (MET)                                                        0.62


  Startpoint: Domain_2_TOP_U1/UART_U0/U1/U3/Counter_reg[2]
              (rising edge-triggered flip-flop clocked by RX_CLK)
  Endpoint: Domain_2_TOP_U1/UART_U0/U1/U3/Counter_reg[2]
            (rising edge-triggered flip-flop clocked by RX_CLK)
  Path Group: RX_CLK
  Path Type: min

  Point                                                   Incr       Path
  --------------------------------------------------------------------------
  clock RX_CLK (rise edge)                                0.00       0.00
  clock network delay (ideal)                             0.00       0.00
  Domain_2_TOP_U1/UART_U0/U1/U3/Counter_reg[2]/CK (DFFRQX2M)
                                                          0.00       0.00 r
  Domain_2_TOP_U1/UART_U0/U1/U3/Counter_reg[2]/Q (DFFRQX2M)
                                                          0.40       0.40 r
  Domain_2_TOP_U1/UART_U0/U1/U3/U17/Y (CLKXOR2X2M)        0.21       0.61 f
  Domain_2_TOP_U1/UART_U0/U1/U3/Counter_reg[2]/D (DFFRQX2M)
                                                          0.00       0.61 f
  data arrival time                                                  0.61

  clock RX_CLK (rise edge)                                0.00       0.00
  clock network delay (ideal)                             0.00       0.00
  Domain_2_TOP_U1/UART_U0/U1/U3/Counter_reg[2]/CK (DFFRQX2M)
                                                          0.00       0.00 r
  library hold time                                      -0.03      -0.03
  data required time                                                -0.03
  --------------------------------------------------------------------------
  data required time                                                -0.03
  data arrival time                                                 -0.61
  --------------------------------------------------------------------------
  slack (MET)                                                        0.63


  Startpoint: Domain_2_TOP_U1/UART_U0/U1/U3/DATA_reg[7]
              (rising edge-triggered flip-flop clocked by RX_CLK)
  Endpoint: Domain_2_TOP_U1/UART_U0/U1/U3/P_DATA_reg[7]
            (rising edge-triggered flip-flop clocked by RX_CLK)
  Path Group: RX_CLK
  Path Type: min

  Point                                                   Incr       Path
  --------------------------------------------------------------------------
  clock RX_CLK (rise edge)                                0.00       0.00
  clock network delay (ideal)                             0.00       0.00
  Domain_2_TOP_U1/UART_U0/U1/U3/DATA_reg[7]/CK (DFFRQX2M)
                                                          0.00       0.00 r
  Domain_2_TOP_U1/UART_U0/U1/U3/DATA_reg[7]/Q (DFFRQX2M)
                                                          0.46       0.46 f
  Domain_2_TOP_U1/UART_U0/U1/U3/U35/Y (INVX2M)            0.06       0.52 r
  Domain_2_TOP_U1/UART_U0/U1/U3/U20/Y (OAI2BB2X1M)        0.09       0.61 f
  Domain_2_TOP_U1/UART_U0/U1/U3/P_DATA_reg[7]/D (DFFRQX2M)
                                                          0.00       0.61 f
  data arrival time                                                  0.61

  clock RX_CLK (rise edge)                                0.00       0.00
  clock network delay (ideal)                             0.00       0.00
  Domain_2_TOP_U1/UART_U0/U1/U3/P_DATA_reg[7]/CK (DFFRQX2M)
                                                          0.00       0.00 r
  library hold time                                      -0.03      -0.03
  data required time                                                -0.03
  --------------------------------------------------------------------------
  data required time                                                -0.03
  data arrival time                                                 -0.61
  --------------------------------------------------------------------------
  slack (MET)                                                        0.64


  Startpoint: Domain_2_TOP_U1/UART_U0/U1/U1/cur_state_reg[2]
              (rising edge-triggered flip-flop clocked by RX_CLK)
  Endpoint: Domain_2_TOP_U1/UART_U0/U1/U1/cur_state_reg[1]
            (rising edge-triggered flip-flop clocked by RX_CLK)
  Path Group: RX_CLK
  Path Type: min

  Point                                                   Incr       Path
  --------------------------------------------------------------------------
  clock RX_CLK (rise edge)                                0.00       0.00
  clock network delay (ideal)                             0.00       0.00
  Domain_2_TOP_U1/UART_U0/U1/U1/cur_state_reg[2]/CK (DFFRQX2M)
                                                          0.00       0.00 r
  Domain_2_TOP_U1/UART_U0/U1/U1/cur_state_reg[2]/Q (DFFRQX2M)
                                                          0.40       0.40 r
  Domain_2_TOP_U1/UART_U0/U1/U1/U9/Y (NOR3X2M)            0.09       0.49 f
  Domain_2_TOP_U1/UART_U0/U1/U1/U29/Y (OAI21X2M)          0.07       0.56 r
  Domain_2_TOP_U1/UART_U0/U1/U1/U27/Y (OAI2B11X2M)        0.06       0.62 f
  Domain_2_TOP_U1/UART_U0/U1/U1/cur_state_reg[1]/D (DFFRQX2M)
                                                          0.00       0.62 f
  data arrival time                                                  0.62

  clock RX_CLK (rise edge)                                0.00       0.00
  clock network delay (ideal)                             0.00       0.00
  Domain_2_TOP_U1/UART_U0/U1/U1/cur_state_reg[1]/CK (DFFRQX2M)
                                                          0.00       0.00 r
  library hold time                                      -0.03      -0.03
  data required time                                                -0.03
  --------------------------------------------------------------------------
  data required time                                                -0.03
  data arrival time                                                 -0.62
  --------------------------------------------------------------------------
  slack (MET)                                                        0.65


  Startpoint: Domain_2_TOP_U1/UART_U0/U1/U4/bit_cnt_reg[1]
              (rising edge-triggered flip-flop clocked by RX_CLK)
  Endpoint: Domain_2_TOP_U1/UART_U0/U1/U4/bit_cnt_reg[1]
            (rising edge-triggered flip-flop clocked by RX_CLK)
  Path Group: RX_CLK
  Path Type: min

  Point                                                   Incr       Path
  --------------------------------------------------------------------------
  clock RX_CLK (rise edge)                                0.00       0.00
  clock network delay (ideal)                             0.00       0.00
  Domain_2_TOP_U1/UART_U0/U1/U4/bit_cnt_reg[1]/CK (DFFRQX2M)
                                                          0.00       0.00 r
  Domain_2_TOP_U1/UART_U0/U1/U4/bit_cnt_reg[1]/Q (DFFRQX2M)
                                                          0.42       0.42 r
  Domain_2_TOP_U1/UART_U0/U1/U4/U13/Y (AO21XLM)           0.14       0.56 r
  Domain_2_TOP_U1/UART_U0/U1/U4/U12/Y (OAI32X1M)          0.07       0.63 f
  Domain_2_TOP_U1/UART_U0/U1/U4/bit_cnt_reg[1]/D (DFFRQX2M)
                                                          0.00       0.63 f
  data arrival time                                                  0.63

  clock RX_CLK (rise edge)                                0.00       0.00
  clock network delay (ideal)                             0.00       0.00
  Domain_2_TOP_U1/UART_U0/U1/U4/bit_cnt_reg[1]/CK (DFFRQX2M)
                                                          0.00       0.00 r
  library hold time                                      -0.02      -0.02
  data required time                                                -0.02
  --------------------------------------------------------------------------
  data required time                                                -0.02
  data arrival time                                                 -0.63
  --------------------------------------------------------------------------
  slack (MET)                                                        0.65


  Startpoint: Domain_2_TOP_U1/UART_U0/U1/U1/cur_state_reg[2]
              (rising edge-triggered flip-flop clocked by RX_CLK)
  Endpoint: Domain_2_TOP_U1/UART_U0/U1/U1/cur_state_reg[0]
            (rising edge-triggered flip-flop clocked by RX_CLK)
  Path Group: RX_CLK
  Path Type: min

  Point                                                   Incr       Path
  --------------------------------------------------------------------------
  clock RX_CLK (rise edge)                                0.00       0.00
  clock network delay (ideal)                             0.00       0.00
  Domain_2_TOP_U1/UART_U0/U1/U1/cur_state_reg[2]/CK (DFFRQX2M)
                                                          0.00       0.00 r
  Domain_2_TOP_U1/UART_U0/U1/U1/cur_state_reg[2]/Q (DFFRQX2M)
                                                          0.40       0.40 r
  Domain_2_TOP_U1/UART_U0/U1/U1/U8/Y (NOR3X2M)            0.09       0.49 f
  Domain_2_TOP_U1/UART_U0/U1/U1/U23/Y (AOI32X1M)          0.09       0.57 r
  Domain_2_TOP_U1/UART_U0/U1/U1/U20/Y (OAI31X1M)          0.05       0.63 f
  Domain_2_TOP_U1/UART_U0/U1/U1/cur_state_reg[0]/D (DFFRQX2M)
                                                          0.00       0.63 f
  data arrival time                                                  0.63

  clock RX_CLK (rise edge)                                0.00       0.00
  clock network delay (ideal)                             0.00       0.00
  Domain_2_TOP_U1/UART_U0/U1/U1/cur_state_reg[0]/CK (DFFRQX2M)
                                                          0.00       0.00 r
  library hold time                                      -0.02      -0.02
  data required time                                                -0.02
  --------------------------------------------------------------------------
  data required time                                                -0.02
  data arrival time                                                 -0.63
  --------------------------------------------------------------------------
  slack (MET)                                                        0.65


  Startpoint: Domain_2_TOP_U1/UART_U0/U1/U3/Counter_reg[1]
              (rising edge-triggered flip-flop clocked by RX_CLK)
  Endpoint: Domain_2_TOP_U1/UART_U0/U1/U3/Counter_done_reg
            (rising edge-triggered flip-flop clocked by RX_CLK)
  Path Group: RX_CLK
  Path Type: min

  Point                                                   Incr       Path
  --------------------------------------------------------------------------
  clock RX_CLK (rise edge)                                0.00       0.00
  clock network delay (ideal)                             0.00       0.00
  Domain_2_TOP_U1/UART_U0/U1/U3/Counter_reg[1]/CK (DFFRQX2M)
                                                          0.00       0.00 r
  Domain_2_TOP_U1/UART_U0/U1/U3/Counter_reg[1]/Q (DFFRQX2M)
                                                          0.47       0.47 f
  Domain_2_TOP_U1/UART_U0/U1/U3/U18/Y (AND3X2M)           0.16       0.63 f
  Domain_2_TOP_U1/UART_U0/U1/U3/Counter_done_reg/D (DFFRQX2M)
                                                          0.00       0.63 f
  data arrival time                                                  0.63

  clock RX_CLK (rise edge)                                0.00       0.00
  clock network delay (ideal)                             0.00       0.00
  Domain_2_TOP_U1/UART_U0/U1/U3/Counter_done_reg/CK (DFFRQX2M)
                                                          0.00       0.00 r
  library hold time                                      -0.02      -0.02
  data required time                                                -0.02
  --------------------------------------------------------------------------
  data required time                                                -0.02
  data arrival time                                                 -0.63
  --------------------------------------------------------------------------
  slack (MET)                                                        0.66


  Startpoint: Domain_2_TOP_U1/UART_U0/U1/U3/DATA_reg[0]
              (rising edge-triggered flip-flop clocked by RX_CLK)
  Endpoint: Domain_2_TOP_U1/UART_U0/U1/U3/DATA_reg[0]
            (rising edge-triggered flip-flop clocked by RX_CLK)
  Path Group: RX_CLK
  Path Type: min

  Point                                                   Incr       Path
  --------------------------------------------------------------------------
  clock RX_CLK (rise edge)                                0.00       0.00
  clock network delay (ideal)                             0.00       0.00
  Domain_2_TOP_U1/UART_U0/U1/U3/DATA_reg[0]/CK (DFFRQX2M)
                                                          0.00       0.00 r
  Domain_2_TOP_U1/UART_U0/U1/U3/DATA_reg[0]/Q (DFFRQX2M)
                                                          0.46       0.46 f
  Domain_2_TOP_U1/UART_U0/U1/U3/U28/Y (INVX2M)            0.08       0.53 r
  Domain_2_TOP_U1/UART_U0/U1/U3/U15/Y (OAI2BB2X1M)        0.09       0.63 f
  Domain_2_TOP_U1/UART_U0/U1/U3/DATA_reg[0]/D (DFFRQX2M)
                                                          0.00       0.63 f
  data arrival time                                                  0.63

  clock RX_CLK (rise edge)                                0.00       0.00
  clock network delay (ideal)                             0.00       0.00
  Domain_2_TOP_U1/UART_U0/U1/U3/DATA_reg[0]/CK (DFFRQX2M)
                                                          0.00       0.00 r
  library hold time                                      -0.03      -0.03
  data required time                                                -0.03
  --------------------------------------------------------------------------
  data required time                                                -0.03
  data arrival time                                                 -0.63
  --------------------------------------------------------------------------
  slack (MET)                                                        0.66


  Startpoint: Domain_2_TOP_U1/UART_U0/U1/U3/DATA_reg[0]
              (rising edge-triggered flip-flop clocked by RX_CLK)
  Endpoint: Domain_2_TOP_U1/UART_U0/U1/U3/P_DATA_reg[0]
            (rising edge-triggered flip-flop clocked by RX_CLK)
  Path Group: RX_CLK
  Path Type: min

  Point                                                   Incr       Path
  --------------------------------------------------------------------------
  clock RX_CLK (rise edge)                                0.00       0.00
  clock network delay (ideal)                             0.00       0.00
  Domain_2_TOP_U1/UART_U0/U1/U3/DATA_reg[0]/CK (DFFRQX2M)
                                                          0.00       0.00 r
  Domain_2_TOP_U1/UART_U0/U1/U3/DATA_reg[0]/Q (DFFRQX2M)
                                                          0.46       0.46 f
  Domain_2_TOP_U1/UART_U0/U1/U3/U28/Y (INVX2M)            0.08       0.53 r
  Domain_2_TOP_U1/UART_U0/U1/U3/U27/Y (OAI2BB2X1M)        0.09       0.63 f
  Domain_2_TOP_U1/UART_U0/U1/U3/P_DATA_reg[0]/D (DFFRQX2M)
                                                          0.00       0.63 f
  data arrival time                                                  0.63

  clock RX_CLK (rise edge)                                0.00       0.00
  clock network delay (ideal)                             0.00       0.00
  Domain_2_TOP_U1/UART_U0/U1/U3/P_DATA_reg[0]/CK (DFFRQX2M)
                                                          0.00       0.00 r
  library hold time                                      -0.03      -0.03
  data required time                                                -0.03
  --------------------------------------------------------------------------
  data required time                                                -0.03
  data arrival time                                                 -0.63
  --------------------------------------------------------------------------
  slack (MET)                                                        0.66


  Startpoint: Domain_2_TOP_U1/UART_U0/U1/U3/DATA_reg[1]
              (rising edge-triggered flip-flop clocked by RX_CLK)
  Endpoint: Domain_2_TOP_U1/UART_U0/U1/U3/P_DATA_reg[1]
            (rising edge-triggered flip-flop clocked by RX_CLK)
  Path Group: RX_CLK
  Path Type: min

  Point                                                   Incr       Path
  --------------------------------------------------------------------------
  clock RX_CLK (rise edge)                                0.00       0.00
  clock network delay (ideal)                             0.00       0.00
  Domain_2_TOP_U1/UART_U0/U1/U3/DATA_reg[1]/CK (DFFRQX2M)
                                                          0.00       0.00 r
  Domain_2_TOP_U1/UART_U0/U1/U3/DATA_reg[1]/Q (DFFRQX2M)
                                                          0.46       0.46 f
  Domain_2_TOP_U1/UART_U0/U1/U3/U34/Y (INVX2M)            0.08       0.53 r
  Domain_2_TOP_U1/UART_U0/U1/U3/U26/Y (OAI2BB2X1M)        0.09       0.63 f
  Domain_2_TOP_U1/UART_U0/U1/U3/P_DATA_reg[1]/D (DFFRQX2M)
                                                          0.00       0.63 f
  data arrival time                                                  0.63

  clock RX_CLK (rise edge)                                0.00       0.00
  clock network delay (ideal)                             0.00       0.00
  Domain_2_TOP_U1/UART_U0/U1/U3/P_DATA_reg[1]/CK (DFFRQX2M)
                                                          0.00       0.00 r
  library hold time                                      -0.03      -0.03
  data required time                                                -0.03
  --------------------------------------------------------------------------
  data required time                                                -0.03
  data arrival time                                                 -0.63
  --------------------------------------------------------------------------
  slack (MET)                                                        0.66


  Startpoint: Domain_2_TOP_U1/UART_U0/U1/U3/DATA_reg[5]
              (rising edge-triggered flip-flop clocked by RX_CLK)
  Endpoint: Domain_2_TOP_U1/UART_U0/U1/U3/P_DATA_reg[5]
            (rising edge-triggered flip-flop clocked by RX_CLK)
  Path Group: RX_CLK
  Path Type: min

  Point                                                   Incr       Path
  --------------------------------------------------------------------------
  clock RX_CLK (rise edge)                                0.00       0.00
  clock network delay (ideal)                             0.00       0.00
  Domain_2_TOP_U1/UART_U0/U1/U3/DATA_reg[5]/CK (DFFRQX2M)
                                                          0.00       0.00 r
  Domain_2_TOP_U1/UART_U0/U1/U3/DATA_reg[5]/Q (DFFRQX2M)
                                                          0.46       0.46 f
  Domain_2_TOP_U1/UART_U0/U1/U3/U30/Y (INVX2M)            0.08       0.53 r
  Domain_2_TOP_U1/UART_U0/U1/U3/U22/Y (OAI2BB2X1M)        0.09       0.63 f
  Domain_2_TOP_U1/UART_U0/U1/U3/P_DATA_reg[5]/D (DFFRQX2M)
                                                          0.00       0.63 f
  data arrival time                                                  0.63

  clock RX_CLK (rise edge)                                0.00       0.00
  clock network delay (ideal)                             0.00       0.00
  Domain_2_TOP_U1/UART_U0/U1/U3/P_DATA_reg[5]/CK (DFFRQX2M)
                                                          0.00       0.00 r
  library hold time                                      -0.03      -0.03
  data required time                                                -0.03
  --------------------------------------------------------------------------
  data required time                                                -0.03
  data arrival time                                                 -0.63
  --------------------------------------------------------------------------
  slack (MET)                                                        0.66


  Startpoint: Domain_2_TOP_U1/UART_U0/U1/U3/DATA_reg[4]
              (rising edge-triggered flip-flop clocked by RX_CLK)
  Endpoint: Domain_2_TOP_U1/UART_U0/U1/U3/P_DATA_reg[4]
            (rising edge-triggered flip-flop clocked by RX_CLK)
  Path Group: RX_CLK
  Path Type: min

  Point                                                   Incr       Path
  --------------------------------------------------------------------------
  clock RX_CLK (rise edge)                                0.00       0.00
  clock network delay (ideal)                             0.00       0.00
  Domain_2_TOP_U1/UART_U0/U1/U3/DATA_reg[4]/CK (DFFRQX2M)
                                                          0.00       0.00 r
  Domain_2_TOP_U1/UART_U0/U1/U3/DATA_reg[4]/Q (DFFRQX2M)
                                                          0.46       0.46 f
  Domain_2_TOP_U1/UART_U0/U1/U3/U31/Y (INVX2M)            0.08       0.53 r
  Domain_2_TOP_U1/UART_U0/U1/U3/U23/Y (OAI2BB2X1M)        0.09       0.63 f
  Domain_2_TOP_U1/UART_U0/U1/U3/P_DATA_reg[4]/D (DFFRQX2M)
                                                          0.00       0.63 f
  data arrival time                                                  0.63

  clock RX_CLK (rise edge)                                0.00       0.00
  clock network delay (ideal)                             0.00       0.00
  Domain_2_TOP_U1/UART_U0/U1/U3/P_DATA_reg[4]/CK (DFFRQX2M)
                                                          0.00       0.00 r
  library hold time                                      -0.03      -0.03
  data required time                                                -0.03
  --------------------------------------------------------------------------
  data required time                                                -0.03
  data arrival time                                                 -0.63
  --------------------------------------------------------------------------
  slack (MET)                                                        0.66


  Startpoint: Domain_2_TOP_U1/UART_U0/U1/U3/DATA_reg[3]
              (rising edge-triggered flip-flop clocked by RX_CLK)
  Endpoint: Domain_2_TOP_U1/UART_U0/U1/U3/P_DATA_reg[3]
            (rising edge-triggered flip-flop clocked by RX_CLK)
  Path Group: RX_CLK
  Path Type: min

  Point                                                   Incr       Path
  --------------------------------------------------------------------------
  clock RX_CLK (rise edge)                                0.00       0.00
  clock network delay (ideal)                             0.00       0.00
  Domain_2_TOP_U1/UART_U0/U1/U3/DATA_reg[3]/CK (DFFRQX2M)
                                                          0.00       0.00 r
  Domain_2_TOP_U1/UART_U0/U1/U3/DATA_reg[3]/Q (DFFRQX2M)
                                                          0.46       0.46 f
  Domain_2_TOP_U1/UART_U0/U1/U3/U32/Y (INVX2M)            0.08       0.53 r
  Domain_2_TOP_U1/UART_U0/U1/U3/U24/Y (OAI2BB2X1M)        0.09       0.63 f
  Domain_2_TOP_U1/UART_U0/U1/U3/P_DATA_reg[3]/D (DFFRQX2M)
                                                          0.00       0.63 f
  data arrival time                                                  0.63

  clock RX_CLK (rise edge)                                0.00       0.00
  clock network delay (ideal)                             0.00       0.00
  Domain_2_TOP_U1/UART_U0/U1/U3/P_DATA_reg[3]/CK (DFFRQX2M)
                                                          0.00       0.00 r
  library hold time                                      -0.03      -0.03
  data required time                                                -0.03
  --------------------------------------------------------------------------
  data required time                                                -0.03
  data arrival time                                                 -0.63
  --------------------------------------------------------------------------
  slack (MET)                                                        0.66


  Startpoint: Domain_2_TOP_U1/UART_U0/U1/U3/DATA_reg[2]
              (rising edge-triggered flip-flop clocked by RX_CLK)
  Endpoint: Domain_2_TOP_U1/UART_U0/U1/U3/P_DATA_reg[2]
            (rising edge-triggered flip-flop clocked by RX_CLK)
  Path Group: RX_CLK
  Path Type: min

  Point                                                   Incr       Path
  --------------------------------------------------------------------------
  clock RX_CLK (rise edge)                                0.00       0.00
  clock network delay (ideal)                             0.00       0.00
  Domain_2_TOP_U1/UART_U0/U1/U3/DATA_reg[2]/CK (DFFRQX2M)
                                                          0.00       0.00 r
  Domain_2_TOP_U1/UART_U0/U1/U3/DATA_reg[2]/Q (DFFRQX2M)
                                                          0.46       0.46 f
  Domain_2_TOP_U1/UART_U0/U1/U3/U33/Y (INVX2M)            0.08       0.53 r
  Domain_2_TOP_U1/UART_U0/U1/U3/U25/Y (OAI2BB2X1M)        0.09       0.63 f
  Domain_2_TOP_U1/UART_U0/U1/U3/P_DATA_reg[2]/D (DFFRQX2M)
                                                          0.00       0.63 f
  data arrival time                                                  0.63

  clock RX_CLK (rise edge)                                0.00       0.00
  clock network delay (ideal)                             0.00       0.00
  Domain_2_TOP_U1/UART_U0/U1/U3/P_DATA_reg[2]/CK (DFFRQX2M)
                                                          0.00       0.00 r
  library hold time                                      -0.03      -0.03
  data required time                                                -0.03
  --------------------------------------------------------------------------
  data required time                                                -0.03
  data arrival time                                                 -0.63
  --------------------------------------------------------------------------
  slack (MET)                                                        0.66


  Startpoint: Domain_2_TOP_U1/UART_U0/U1/U3/DATA_reg[6]
              (rising edge-triggered flip-flop clocked by RX_CLK)
  Endpoint: Domain_2_TOP_U1/UART_U0/U1/U3/P_DATA_reg[6]
            (rising edge-triggered flip-flop clocked by RX_CLK)
  Path Group: RX_CLK
  Path Type: min

  Point                                                   Incr       Path
  --------------------------------------------------------------------------
  clock RX_CLK (rise edge)                                0.00       0.00
  clock network delay (ideal)                             0.00       0.00
  Domain_2_TOP_U1/UART_U0/U1/U3/DATA_reg[6]/CK (DFFRQX2M)
                                                          0.00       0.00 r
  Domain_2_TOP_U1/UART_U0/U1/U3/DATA_reg[6]/Q (DFFRQX2M)
                                                          0.46       0.46 f
  Domain_2_TOP_U1/UART_U0/U1/U3/U29/Y (INVX2M)            0.08       0.53 r
  Domain_2_TOP_U1/UART_U0/U1/U3/U21/Y (OAI2BB2X1M)        0.09       0.63 f
  Domain_2_TOP_U1/UART_U0/U1/U3/P_DATA_reg[6]/D (DFFRQX2M)
                                                          0.00       0.63 f
  data arrival time                                                  0.63

  clock RX_CLK (rise edge)                                0.00       0.00
  clock network delay (ideal)                             0.00       0.00
  Domain_2_TOP_U1/UART_U0/U1/U3/P_DATA_reg[6]/CK (DFFRQX2M)
                                                          0.00       0.00 r
  library hold time                                      -0.03      -0.03
  data required time                                                -0.03
  --------------------------------------------------------------------------
  data required time                                                -0.03
  data arrival time                                                 -0.63
  --------------------------------------------------------------------------
  slack (MET)                                                        0.66


  Startpoint: Domain_2_TOP_U1/UART_U0/U1/U4/bit_cnt_reg[2]
              (rising edge-triggered flip-flop clocked by RX_CLK)
  Endpoint: Domain_2_TOP_U1/UART_U0/U1/U4/bit_cnt_reg[2]
            (rising edge-triggered flip-flop clocked by RX_CLK)
  Path Group: RX_CLK
  Path Type: min

  Point                                                   Incr       Path
  --------------------------------------------------------------------------
  clock RX_CLK (rise edge)                                0.00       0.00
  clock network delay (ideal)                             0.00       0.00
  Domain_2_TOP_U1/UART_U0/U1/U4/bit_cnt_reg[2]/CK (DFFRQX2M)
                                                          0.00       0.00 r
  Domain_2_TOP_U1/UART_U0/U1/U4/bit_cnt_reg[2]/Q (DFFRQX2M)
                                                          0.51       0.51 f
  Domain_2_TOP_U1/UART_U0/U1/U4/U18/Y (INVX2M)            0.08       0.60 r
  Domain_2_TOP_U1/UART_U0/U1/U4/U15/Y (OAI32X1M)          0.05       0.65 f
  Domain_2_TOP_U1/UART_U0/U1/U4/bit_cnt_reg[2]/D (DFFRQX2M)
                                                          0.00       0.65 f
  data arrival time                                                  0.65

  clock RX_CLK (rise edge)                                0.00       0.00
  clock network delay (ideal)                             0.00       0.00
  Domain_2_TOP_U1/UART_U0/U1/U4/bit_cnt_reg[2]/CK (DFFRQX2M)
                                                          0.00       0.00 r
  library hold time                                      -0.02      -0.02
  data required time                                                -0.02
  --------------------------------------------------------------------------
  data required time                                                -0.02
  data arrival time                                                 -0.65
  --------------------------------------------------------------------------
  slack (MET)                                                        0.67


  Startpoint: Domain_2_TOP_U1/UART_U0/U1/U4/edge_cnt_reg[4]
              (rising edge-triggered flip-flop clocked by RX_CLK)
  Endpoint: Domain_2_TOP_U1/UART_U0/U1/U4/edge_cnt_reg[3]
            (rising edge-triggered flip-flop clocked by RX_CLK)
  Path Group: RX_CLK
  Path Type: min

  Point                                                   Incr       Path
  --------------------------------------------------------------------------
  clock RX_CLK (rise edge)                                0.00       0.00
  clock network delay (ideal)                             0.00       0.00
  Domain_2_TOP_U1/UART_U0/U1/U4/edge_cnt_reg[4]/CK (DFFRQX2M)
                                                          0.00       0.00 r
  Domain_2_TOP_U1/UART_U0/U1/U4/edge_cnt_reg[4]/Q (DFFRQX2M)
                                                          0.45       0.45 r
  Domain_2_TOP_U1/UART_U0/U1/U4/U30/S (ADDHX1M)           0.07       0.52 f
  Domain_2_TOP_U1/UART_U0/U1/U4/U7/Y (NOR2BX2M)           0.13       0.65 f
  Domain_2_TOP_U1/UART_U0/U1/U4/edge_cnt_reg[3]/D (DFFRQX2M)
                                                          0.00       0.65 f
  data arrival time                                                  0.65

  clock RX_CLK (rise edge)                                0.00       0.00
  clock network delay (ideal)                             0.00       0.00
  Domain_2_TOP_U1/UART_U0/U1/U4/edge_cnt_reg[3]/CK (DFFRQX2M)
                                                          0.00       0.00 r
  library hold time                                      -0.02      -0.02
  data required time                                                -0.02
  --------------------------------------------------------------------------
  data required time                                                -0.02
  data arrival time                                                 -0.65
  --------------------------------------------------------------------------
  slack (MET)                                                        0.68


  Startpoint: Domain_2_TOP_U1/UART_U0/U1/U4/edge_cnt_reg[2]
              (rising edge-triggered flip-flop clocked by RX_CLK)
  Endpoint: Domain_2_TOP_U1/UART_U0/U1/U4/edge_cnt_reg[2]
            (rising edge-triggered flip-flop clocked by RX_CLK)
  Path Group: RX_CLK
  Path Type: min

  Point                                                   Incr       Path
  --------------------------------------------------------------------------
  clock RX_CLK (rise edge)                                0.00       0.00
  clock network delay (ideal)                             0.00       0.00
  Domain_2_TOP_U1/UART_U0/U1/U4/edge_cnt_reg[2]/CK (DFFRQX2M)
                                                          0.00       0.00 r
  Domain_2_TOP_U1/UART_U0/U1/U4/edge_cnt_reg[2]/Q (DFFRQX2M)
                                                          0.43       0.43 r
  Domain_2_TOP_U1/UART_U0/U1/U4/U31/S (ADDHX1M)           0.11       0.54 f
  Domain_2_TOP_U1/UART_U0/U1/U4/U8/Y (NOR2BX2M)           0.12       0.66 f
  Domain_2_TOP_U1/UART_U0/U1/U4/edge_cnt_reg[2]/D (DFFRQX2M)
                                                          0.00       0.66 f
  data arrival time                                                  0.66

  clock RX_CLK (rise edge)                                0.00       0.00
  clock network delay (ideal)                             0.00       0.00
  Domain_2_TOP_U1/UART_U0/U1/U4/edge_cnt_reg[2]/CK (DFFRQX2M)
                                                          0.00       0.00 r
  library hold time                                      -0.02      -0.02
  data required time                                                -0.02
  --------------------------------------------------------------------------
  data required time                                                -0.02
  data arrival time                                                 -0.66
  --------------------------------------------------------------------------
  slack (MET)                                                        0.69


  Startpoint: Domain_2_TOP_U1/UART_U0/U1/U4/edge_cnt_reg[0]
              (rising edge-triggered flip-flop clocked by RX_CLK)
  Endpoint: Domain_2_TOP_U1/UART_U0/U1/U4/edge_cnt_reg[0]
            (rising edge-triggered flip-flop clocked by RX_CLK)
  Path Group: RX_CLK
  Path Type: min

  Point                                                   Incr       Path
  --------------------------------------------------------------------------
  clock RX_CLK (rise edge)                                0.00       0.00
  clock network delay (ideal)                             0.00       0.00
  Domain_2_TOP_U1/UART_U0/U1/U4/edge_cnt_reg[0]/CK (DFFRQX2M)
                                                          0.00       0.00 r
  Domain_2_TOP_U1/UART_U0/U1/U4/edge_cnt_reg[0]/Q (DFFRQX2M)
                                                          0.43       0.43 r
  Domain_2_TOP_U1/UART_U0/U1/U4/U26/Y (XNOR2X2M)          0.20       0.63 r
  Domain_2_TOP_U1/UART_U0/U1/U4/U25/Y (NOR2X2M)           0.05       0.67 f
  Domain_2_TOP_U1/UART_U0/U1/U4/edge_cnt_reg[0]/D (DFFRQX2M)
                                                          0.00       0.67 f
  data arrival time                                                  0.67

  clock RX_CLK (rise edge)                                0.00       0.00
  clock network delay (ideal)                             0.00       0.00
  Domain_2_TOP_U1/UART_U0/U1/U4/edge_cnt_reg[0]/CK (DFFRQX2M)
                                                          0.00       0.00 r
  library hold time                                      -0.02      -0.02
  data required time                                                -0.02
  --------------------------------------------------------------------------
  data required time                                                -0.02
  data arrival time                                                 -0.67
  --------------------------------------------------------------------------
  slack (MET)                                                        0.70


  Startpoint: Domain_2_TOP_U1/UART_U0/U1/U2/sample_1_reg
              (rising edge-triggered flip-flop clocked by RX_CLK)
  Endpoint: Domain_2_TOP_U1/UART_U0/U1/U2/sample_1_reg
            (rising edge-triggered flip-flop clocked by RX_CLK)
  Path Group: RX_CLK
  Path Type: min

  Point                                                   Incr       Path
  --------------------------------------------------------------------------
  clock RX_CLK (rise edge)                                0.00       0.00
  clock network delay (ideal)                             0.00       0.00
  Domain_2_TOP_U1/UART_U0/U1/U2/sample_1_reg/CK (DFFRQX2M)
                                                          0.00       0.00 r
  Domain_2_TOP_U1/UART_U0/U1/U2/sample_1_reg/Q (DFFRQX2M)
                                                          0.48       0.48 f
  Domain_2_TOP_U1/UART_U0/U1/U2/U4/Y (OAI2BB2X1M)         0.20       0.67 f
  Domain_2_TOP_U1/UART_U0/U1/U2/sample_1_reg/D (DFFRQX2M)
                                                          0.00       0.67 f
  data arrival time                                                  0.67

  clock RX_CLK (rise edge)                                0.00       0.00
  clock network delay (ideal)                             0.00       0.00
  Domain_2_TOP_U1/UART_U0/U1/U2/sample_1_reg/CK (DFFRQX2M)
                                                          0.00       0.00 r
  library hold time                                      -0.03      -0.03
  data required time                                                -0.03
  --------------------------------------------------------------------------
  data required time                                                -0.03
  data arrival time                                                 -0.67
  --------------------------------------------------------------------------
  slack (MET)                                                        0.70


  Startpoint: Domain_2_TOP_U1/UART_U0/U1/U2/sample_2_reg
              (rising edge-triggered flip-flop clocked by RX_CLK)
  Endpoint: Domain_2_TOP_U1/UART_U0/U1/U2/sample_2_reg
            (rising edge-triggered flip-flop clocked by RX_CLK)
  Path Group: RX_CLK
  Path Type: min

  Point                                                   Incr       Path
  --------------------------------------------------------------------------
  clock RX_CLK (rise edge)                                0.00       0.00
  clock network delay (ideal)                             0.00       0.00
  Domain_2_TOP_U1/UART_U0/U1/U2/sample_2_reg/CK (DFFRQX2M)
                                                          0.00       0.00 r
  Domain_2_TOP_U1/UART_U0/U1/U2/sample_2_reg/Q (DFFRQX2M)
                                                          0.48       0.48 f
  Domain_2_TOP_U1/UART_U0/U1/U2/U8/Y (OAI2BB2X1M)         0.20       0.67 f
  Domain_2_TOP_U1/UART_U0/U1/U2/sample_2_reg/D (DFFRQX2M)
                                                          0.00       0.67 f
  data arrival time                                                  0.67

  clock RX_CLK (rise edge)                                0.00       0.00
  clock network delay (ideal)                             0.00       0.00
  Domain_2_TOP_U1/UART_U0/U1/U2/sample_2_reg/CK (DFFRQX2M)
                                                          0.00       0.00 r
  library hold time                                      -0.03      -0.03
  data required time                                                -0.03
  --------------------------------------------------------------------------
  data required time                                                -0.03
  data arrival time                                                 -0.67
  --------------------------------------------------------------------------
  slack (MET)                                                        0.70


  Startpoint: Domain_2_TOP_U1/UART_U0/U1/U4/edge_cnt_reg[1]
              (rising edge-triggered flip-flop clocked by RX_CLK)
  Endpoint: Domain_2_TOP_U1/UART_U0/U1/U4/edge_cnt_reg[1]
            (rising edge-triggered flip-flop clocked by RX_CLK)
  Path Group: RX_CLK
  Path Type: min

  Point                                                   Incr       Path
  --------------------------------------------------------------------------
  clock RX_CLK (rise edge)                                0.00       0.00
  clock network delay (ideal)                             0.00       0.00
  Domain_2_TOP_U1/UART_U0/U1/U4/edge_cnt_reg[1]/CK (DFFRQX2M)
                                                          0.00       0.00 r
  Domain_2_TOP_U1/UART_U0/U1/U4/edge_cnt_reg[1]/Q (DFFRQX2M)
                                                          0.46       0.46 r
  Domain_2_TOP_U1/UART_U0/U1/U4/U32/S (ADDHX1M)           0.12       0.57 f
  Domain_2_TOP_U1/UART_U0/U1/U4/U9/Y (NOR2BX2M)           0.12       0.70 f
  Domain_2_TOP_U1/UART_U0/U1/U4/edge_cnt_reg[1]/D (DFFRQX2M)
                                                          0.00       0.70 f
  data arrival time                                                  0.70

  clock RX_CLK (rise edge)                                0.00       0.00
  clock network delay (ideal)                             0.00       0.00
  Domain_2_TOP_U1/UART_U0/U1/U4/edge_cnt_reg[1]/CK (DFFRQX2M)
                                                          0.00       0.00 r
  library hold time                                      -0.02      -0.02
  data required time                                                -0.02
  --------------------------------------------------------------------------
  data required time                                                -0.02
  data arrival time                                                 -0.70
  --------------------------------------------------------------------------
  slack (MET)                                                        0.72


  Startpoint: Domain_2_TOP_U1/UART_U0/U1/U4/bit_cnt_reg[3]
              (rising edge-triggered flip-flop clocked by RX_CLK)
  Endpoint: Domain_2_TOP_U1/UART_U0/U1/U4/bit_cnt_reg[3]
            (rising edge-triggered flip-flop clocked by RX_CLK)
  Path Group: RX_CLK
  Path Type: min

  Point                                                   Incr       Path
  --------------------------------------------------------------------------
  clock RX_CLK (rise edge)                                0.00       0.00
  clock network delay (ideal)                             0.00       0.00
  Domain_2_TOP_U1/UART_U0/U1/U4/bit_cnt_reg[3]/CK (DFFRQX2M)
                                                          0.00       0.00 r
  Domain_2_TOP_U1/UART_U0/U1/U4/bit_cnt_reg[3]/Q (DFFRQX2M)
                                                          0.46       0.46 r
  Domain_2_TOP_U1/UART_U0/U1/U4/U34/Y (INVX2M)            0.10       0.56 f
  Domain_2_TOP_U1/UART_U0/U1/U4/U6/Y (NAND4X2M)           0.11       0.67 r
  Domain_2_TOP_U1/UART_U0/U1/U4/U5/Y (OAI21X2M)           0.04       0.71 f
  Domain_2_TOP_U1/UART_U0/U1/U4/bit_cnt_reg[3]/D (DFFRQX2M)
                                                          0.00       0.71 f
  data arrival time                                                  0.71

  clock RX_CLK (rise edge)                                0.00       0.00
  clock network delay (ideal)                             0.00       0.00
  Domain_2_TOP_U1/UART_U0/U1/U4/bit_cnt_reg[3]/CK (DFFRQX2M)
                                                          0.00       0.00 r
  library hold time                                      -0.02      -0.02
  data required time                                                -0.02
  --------------------------------------------------------------------------
  data required time                                                -0.02
  data arrival time                                                 -0.71
  --------------------------------------------------------------------------
  slack (MET)                                                        0.74


  Startpoint: Domain_2_TOP_U1/UART_U0/U1/U4/edge_cnt_reg[3]
              (rising edge-triggered flip-flop clocked by RX_CLK)
  Endpoint: Domain_2_TOP_U1/UART_U0/U1/U4/edge_cnt_done_reg
            (rising edge-triggered flip-flop clocked by RX_CLK)
  Path Group: RX_CLK
  Path Type: min

  Point                                                   Incr       Path
  --------------------------------------------------------------------------
  clock RX_CLK (rise edge)                                0.00       0.00
  clock network delay (ideal)                             0.00       0.00
  Domain_2_TOP_U1/UART_U0/U1/U4/edge_cnt_reg[3]/CK (DFFRQX2M)
                                                          0.00       0.00 r
  Domain_2_TOP_U1/UART_U0/U1/U4/edge_cnt_reg[3]/Q (DFFRQX2M)
                                                          0.45       0.45 r
  Domain_2_TOP_U1/UART_U0/U1/U4/U51/Y (OAI2B2X1M)         0.12       0.57 f
  Domain_2_TOP_U1/UART_U0/U1/U4/U52/Y (NAND3BX1M)         0.08       0.65 r
  Domain_2_TOP_U1/UART_U0/U1/U4/U28/Y (OR4X1M)            0.17       0.82 r
  Domain_2_TOP_U1/UART_U0/U1/U4/U10/Y (NOR2X2M)           0.05       0.87 f
  Domain_2_TOP_U1/UART_U0/U1/U4/edge_cnt_done_reg/D (DFFRQX2M)
                                                          0.00       0.87 f
  data arrival time                                                  0.87

  clock RX_CLK (rise edge)                                0.00       0.00
  clock network delay (ideal)                             0.00       0.00
  Domain_2_TOP_U1/UART_U0/U1/U4/edge_cnt_done_reg/CK (DFFRQX2M)
                                                          0.00       0.00 r
  library hold time                                      -0.02      -0.02
  data required time                                                -0.02
  --------------------------------------------------------------------------
  data required time                                                -0.02
  data arrival time                                                 -0.87
  --------------------------------------------------------------------------
  slack (MET)                                                        0.90


  Startpoint: Domain_2_TOP_U1/PULSE_GEN_U3/LVL_SIG_OLD_reg
              (rising edge-triggered flip-flop clocked by TX_CLK)
  Endpoint: Domain_2_TOP_U1/PULSE_GEN_U3/PULSE_SIG_reg
            (rising edge-triggered flip-flop clocked by TX_CLK)
  Path Group: TX_CLK
  Path Type: min

  Point                                                   Incr       Path
  --------------------------------------------------------------------------
  clock TX_CLK (rise edge)                                0.00       0.00
  clock network delay (ideal)                             0.00       0.00
  Domain_2_TOP_U1/PULSE_GEN_U3/LVL_SIG_OLD_reg/CK (DFFRQX2M)
                                                          0.00       0.00 r
  Domain_2_TOP_U1/PULSE_GEN_U3/LVL_SIG_OLD_reg/Q (DFFRQX2M)
                                                          0.36       0.36 r
  Domain_2_TOP_U1/PULSE_GEN_U3/U3/Y (NOR2BX2M)            0.04       0.40 f
  Domain_2_TOP_U1/PULSE_GEN_U3/PULSE_SIG_reg/D (DFFRQX2M)
                                                          0.00       0.40 f
  data arrival time                                                  0.40

  clock TX_CLK (rise edge)                                0.00       0.00
  clock network delay (ideal)                             0.00       0.00
  Domain_2_TOP_U1/PULSE_GEN_U3/PULSE_SIG_reg/CK (DFFRQX2M)
                                                          0.00       0.00 r
  library hold time                                      -0.02      -0.02
  data required time                                                -0.02
  --------------------------------------------------------------------------
  data required time                                                -0.02
  data arrival time                                                 -0.40
  --------------------------------------------------------------------------
  slack (MET)                                                        0.43


  Startpoint: ASYNC_FIFO_U5/U4/wptr_sync1_reg[3]
              (rising edge-triggered flip-flop clocked by TX_CLK)
  Endpoint: ASYNC_FIFO_U5/U4/wptr_sync_reg[3]
            (rising edge-triggered flip-flop clocked by TX_CLK)
  Path Group: TX_CLK
  Path Type: min

  Point                                                   Incr       Path
  --------------------------------------------------------------------------
  clock TX_CLK (rise edge)                                0.00       0.00
  clock network delay (ideal)                             0.00       0.00
  ASYNC_FIFO_U5/U4/wptr_sync1_reg[3]/CK (DFFRQX2M)        0.00       0.00 r
  ASYNC_FIFO_U5/U4/wptr_sync1_reg[3]/Q (DFFRQX2M)         0.45       0.45 f
  ASYNC_FIFO_U5/U4/wptr_sync_reg[3]/D (DFFRQX2M)          0.00       0.45 f
  data arrival time                                                  0.45

  clock TX_CLK (rise edge)                                0.00       0.00
  clock network delay (ideal)                             0.00       0.00
  ASYNC_FIFO_U5/U4/wptr_sync_reg[3]/CK (DFFRQX2M)         0.00       0.00 r
  library hold time                                      -0.03      -0.03
  data required time                                                -0.03
  --------------------------------------------------------------------------
  data required time                                                -0.03
  data arrival time                                                 -0.45
  --------------------------------------------------------------------------
  slack (MET)                                                        0.47


  Startpoint: ASYNC_FIFO_U5/U4/wptr_sync1_reg[2]
              (rising edge-triggered flip-flop clocked by TX_CLK)
  Endpoint: ASYNC_FIFO_U5/U4/wptr_sync_reg[2]
            (rising edge-triggered flip-flop clocked by TX_CLK)
  Path Group: TX_CLK
  Path Type: min

  Point                                                   Incr       Path
  --------------------------------------------------------------------------
  clock TX_CLK (rise edge)                                0.00       0.00
  clock network delay (ideal)                             0.00       0.00
  ASYNC_FIFO_U5/U4/wptr_sync1_reg[2]/CK (DFFRQX2M)        0.00       0.00 r
  ASYNC_FIFO_U5/U4/wptr_sync1_reg[2]/Q (DFFRQX2M)         0.45       0.45 f
  ASYNC_FIFO_U5/U4/wptr_sync_reg[2]/D (DFFRQX2M)          0.00       0.45 f
  data arrival time                                                  0.45

  clock TX_CLK (rise edge)                                0.00       0.00
  clock network delay (ideal)                             0.00       0.00
  ASYNC_FIFO_U5/U4/wptr_sync_reg[2]/CK (DFFRQX2M)         0.00       0.00 r
  library hold time                                      -0.03      -0.03
  data required time                                                -0.03
  --------------------------------------------------------------------------
  data required time                                                -0.03
  data arrival time                                                 -0.45
  --------------------------------------------------------------------------
  slack (MET)                                                        0.47


  Startpoint: ASYNC_FIFO_U5/U4/wptr_sync1_reg[1]
              (rising edge-triggered flip-flop clocked by TX_CLK)
  Endpoint: ASYNC_FIFO_U5/U4/wptr_sync_reg[1]
            (rising edge-triggered flip-flop clocked by TX_CLK)
  Path Group: TX_CLK
  Path Type: min

  Point                                                   Incr       Path
  --------------------------------------------------------------------------
  clock TX_CLK (rise edge)                                0.00       0.00
  clock network delay (ideal)                             0.00       0.00
  ASYNC_FIFO_U5/U4/wptr_sync1_reg[1]/CK (DFFRQX2M)        0.00       0.00 r
  ASYNC_FIFO_U5/U4/wptr_sync1_reg[1]/Q (DFFRQX2M)         0.45       0.45 f
  ASYNC_FIFO_U5/U4/wptr_sync_reg[1]/D (DFFRQX2M)          0.00       0.45 f
  data arrival time                                                  0.45

  clock TX_CLK (rise edge)                                0.00       0.00
  clock network delay (ideal)                             0.00       0.00
  ASYNC_FIFO_U5/U4/wptr_sync_reg[1]/CK (DFFRQX2M)         0.00       0.00 r
  library hold time                                      -0.03      -0.03
  data required time                                                -0.03
  --------------------------------------------------------------------------
  data required time                                                -0.03
  data arrival time                                                 -0.45
  --------------------------------------------------------------------------
  slack (MET)                                                        0.47


  Startpoint: ASYNC_FIFO_U5/U4/wptr_sync1_reg[0]
              (rising edge-triggered flip-flop clocked by TX_CLK)
  Endpoint: ASYNC_FIFO_U5/U4/wptr_sync_reg[0]
            (rising edge-triggered flip-flop clocked by TX_CLK)
  Path Group: TX_CLK
  Path Type: min

  Point                                                   Incr       Path
  --------------------------------------------------------------------------
  clock TX_CLK (rise edge)                                0.00       0.00
  clock network delay (ideal)                             0.00       0.00
  ASYNC_FIFO_U5/U4/wptr_sync1_reg[0]/CK (DFFRQX2M)        0.00       0.00 r
  ASYNC_FIFO_U5/U4/wptr_sync1_reg[0]/Q (DFFRQX2M)         0.45       0.45 f
  ASYNC_FIFO_U5/U4/wptr_sync_reg[0]/D (DFFRQX2M)          0.00       0.45 f
  data arrival time                                                  0.45

  clock TX_CLK (rise edge)                                0.00       0.00
  clock network delay (ideal)                             0.00       0.00
  ASYNC_FIFO_U5/U4/wptr_sync_reg[0]/CK (DFFRQX2M)         0.00       0.00 r
  library hold time                                      -0.03      -0.03
  data required time                                                -0.03
  --------------------------------------------------------------------------
  data required time                                                -0.03
  data arrival time                                                 -0.45
  --------------------------------------------------------------------------
  slack (MET)                                                        0.47


  Startpoint: ASYNC_FIFO_U5/U3/rptr_bi_reg[3]
              (rising edge-triggered flip-flop clocked by TX_CLK)
  Endpoint: ASYNC_FIFO_U5/U3/rptr_reg[2]
            (rising edge-triggered flip-flop clocked by TX_CLK)
  Path Group: TX_CLK
  Path Type: min

  Point                                                   Incr       Path
  --------------------------------------------------------------------------
  clock TX_CLK (rise edge)                                0.00       0.00
  clock network delay (ideal)                             0.00       0.00
  ASYNC_FIFO_U5/U3/rptr_bi_reg[3]/CK (DFFRQX2M)           0.00       0.00 r
  ASYNC_FIFO_U5/U3/rptr_bi_reg[3]/Q (DFFRQX2M)            0.41       0.41 r
  ASYNC_FIFO_U5/U3/U19/Y (OAI21X2M)                       0.07       0.49 f
  ASYNC_FIFO_U5/U3/rptr_reg[2]/D (DFFRQX2M)               0.00       0.49 f
  data arrival time                                                  0.49

  clock TX_CLK (rise edge)                                0.00       0.00
  clock network delay (ideal)                             0.00       0.00
  ASYNC_FIFO_U5/U3/rptr_reg[2]/CK (DFFRQX2M)              0.00       0.00 r
  library hold time                                      -0.02      -0.02
  data required time                                                -0.02
  --------------------------------------------------------------------------
  data required time                                                -0.02
  data arrival time                                                 -0.49
  --------------------------------------------------------------------------
  slack (MET)                                                        0.51


  Startpoint: Domain_2_TOP_U1/UART_U0/U0/U2/Counter_reg[0]
              (rising edge-triggered flip-flop clocked by TX_CLK)
  Endpoint: Domain_2_TOP_U1/UART_U0/U0/U2/Counter_reg[0]
            (rising edge-triggered flip-flop clocked by TX_CLK)
  Path Group: TX_CLK
  Path Type: min

  Point                                                   Incr       Path
  --------------------------------------------------------------------------
  clock TX_CLK (rise edge)                                0.00       0.00
  clock network delay (ideal)                             0.00       0.00
  Domain_2_TOP_U1/UART_U0/U0/U2/Counter_reg[0]/CK (DFFRQX2M)
                                                          0.00       0.00 r
  Domain_2_TOP_U1/UART_U0/U0/U2/Counter_reg[0]/Q (DFFRQX2M)
                                                          0.42       0.42 r
  Domain_2_TOP_U1/UART_U0/U0/U2/U34/Y (NOR2X2M)           0.07       0.49 f
  Domain_2_TOP_U1/UART_U0/U0/U2/Counter_reg[0]/D (DFFRQX2M)
                                                          0.00       0.49 f
  data arrival time                                                  0.49

  clock TX_CLK (rise edge)                                0.00       0.00
  clock network delay (ideal)                             0.00       0.00
  Domain_2_TOP_U1/UART_U0/U0/U2/Counter_reg[0]/CK (DFFRQX2M)
                                                          0.00       0.00 r
  library hold time                                      -0.03      -0.03
  data required time                                                -0.03
  --------------------------------------------------------------------------
  data required time                                                -0.03
  data arrival time                                                 -0.49
  --------------------------------------------------------------------------
  slack (MET)                                                        0.51


  Startpoint: ASYNC_FIFO_U5/U3/rptr_bi_reg[3]
              (rising edge-triggered flip-flop clocked by TX_CLK)
  Endpoint: ASYNC_FIFO_U5/U3/rptr_reg[3]
            (rising edge-triggered flip-flop clocked by TX_CLK)
  Path Group: TX_CLK
  Path Type: min

  Point                                                   Incr       Path
  --------------------------------------------------------------------------
  clock TX_CLK (rise edge)                                0.00       0.00
  clock network delay (ideal)                             0.00       0.00
  ASYNC_FIFO_U5/U3/rptr_bi_reg[3]/CK (DFFRQX2M)           0.00       0.00 r
  ASYNC_FIFO_U5/U3/rptr_bi_reg[3]/Q (DFFRQX2M)            0.50       0.50 f
  ASYNC_FIFO_U5/U3/rptr_reg[3]/D (DFFRQX2M)               0.00       0.50 f
  data arrival time                                                  0.50

  clock TX_CLK (rise edge)                                0.00       0.00
  clock network delay (ideal)                             0.00       0.00
  ASYNC_FIFO_U5/U3/rptr_reg[3]/CK (DFFRQX2M)              0.00       0.00 r
  library hold time                                      -0.04      -0.04
  data required time                                                -0.04
  --------------------------------------------------------------------------
  data required time                                                -0.04
  data arrival time                                                 -0.50
  --------------------------------------------------------------------------
  slack (MET)                                                        0.53


  Startpoint: ASYNC_FIFO_U5/U3/rptr_bi_reg[2]
              (rising edge-triggered flip-flop clocked by TX_CLK)
  Endpoint: ASYNC_FIFO_U5/U3/rptr_bi_reg[2]
            (rising edge-triggered flip-flop clocked by TX_CLK)
  Path Group: TX_CLK
  Path Type: min

  Point                                                   Incr       Path
  --------------------------------------------------------------------------
  clock TX_CLK (rise edge)                                0.00       0.00
  clock network delay (ideal)                             0.00       0.00
  ASYNC_FIFO_U5/U3/rptr_bi_reg[2]/CK (DFFRQX2M)           0.00       0.00 r
  ASYNC_FIFO_U5/U3/rptr_bi_reg[2]/Q (DFFRQX2M)            0.46       0.46 r
  ASYNC_FIFO_U5/U3/U7/Y (XNOR2X2M)                        0.07       0.52 f
  ASYNC_FIFO_U5/U3/rptr_bi_reg[2]/D (DFFRQX2M)            0.00       0.52 f
  data arrival time                                                  0.52

  clock TX_CLK (rise edge)                                0.00       0.00
  clock network delay (ideal)                             0.00       0.00
  ASYNC_FIFO_U5/U3/rptr_bi_reg[2]/CK (DFFRQX2M)           0.00       0.00 r
  library hold time                                      -0.03      -0.03
  data required time                                                -0.03
  --------------------------------------------------------------------------
  data required time                                                -0.03
  data arrival time                                                 -0.52
  --------------------------------------------------------------------------
  slack (MET)                                                        0.55


  Startpoint: ASYNC_FIFO_U5/U3/rptr_bi_reg[1]
              (rising edge-triggered flip-flop clocked by TX_CLK)
  Endpoint: ASYNC_FIFO_U5/U3/rptr_reg[0]
            (rising edge-triggered flip-flop clocked by TX_CLK)
  Path Group: TX_CLK
  Path Type: min

  Point                                                   Incr       Path
  --------------------------------------------------------------------------
  clock TX_CLK (rise edge)                                0.00       0.00
  clock network delay (ideal)                             0.00       0.00
  ASYNC_FIFO_U5/U3/rptr_bi_reg[1]/CK (DFFRQX2M)           0.00       0.00 r
  ASYNC_FIFO_U5/U3/rptr_bi_reg[1]/Q (DFFRQX2M)            0.48       0.48 r
  ASYNC_FIFO_U5/U3/U8/Y (XNOR2X2M)                        0.07       0.55 f
  ASYNC_FIFO_U5/U3/rptr_reg[0]/D (DFFRQX2M)               0.00       0.55 f
  data arrival time                                                  0.55

  clock TX_CLK (rise edge)                                0.00       0.00
  clock network delay (ideal)                             0.00       0.00
  ASYNC_FIFO_U5/U3/rptr_reg[0]/CK (DFFRQX2M)              0.00       0.00 r
  library hold time                                      -0.03      -0.03
  data required time                                                -0.03
  --------------------------------------------------------------------------
  data required time                                                -0.03
  data arrival time                                                 -0.55
  --------------------------------------------------------------------------
  slack (MET)                                                        0.57


  Startpoint: Domain_2_TOP_U1/UART_U0/U0/U4/par_bit_reg
              (rising edge-triggered flip-flop clocked by TX_CLK)
  Endpoint: Domain_2_TOP_U1/UART_U0/U0/U3/TX_OUT_reg
            (rising edge-triggered flip-flop clocked by TX_CLK)
  Path Group: TX_CLK
  Path Type: min

  Point                                                   Incr       Path
  --------------------------------------------------------------------------
  clock TX_CLK (rise edge)                                0.00       0.00
  clock network delay (ideal)                             0.00       0.00
  Domain_2_TOP_U1/UART_U0/U0/U4/par_bit_reg/CK (DFFRQX2M)
                                                          0.00       0.00 r
  Domain_2_TOP_U1/UART_U0/U0/U4/par_bit_reg/Q (DFFRQX2M)
                                                          0.36       0.36 r
  Domain_2_TOP_U1/UART_U0/U0/U4/par_bit (Parity_Calc_TX)
                                                          0.00       0.36 r
  Domain_2_TOP_U1/UART_U0/U0/U3/par_bit (MUX_TX)          0.00       0.36 r
  Domain_2_TOP_U1/UART_U0/U0/U3/U5/Y (NOR2BX2M)           0.05       0.41 f
  Domain_2_TOP_U1/UART_U0/U0/U3/U3/Y (OAI21X2M)           0.11       0.53 r
  Domain_2_TOP_U1/UART_U0/U0/U3/TX_OUT_reg/D (DFFSQX2M)
                                                          0.00       0.53 r
  data arrival time                                                  0.53

  clock TX_CLK (rise edge)                                0.00       0.00
  clock network delay (ideal)                             0.00       0.00
  Domain_2_TOP_U1/UART_U0/U0/U3/TX_OUT_reg/CK (DFFSQX2M)
                                                          0.00       0.00 r
  library hold time                                      -0.05      -0.05
  data required time                                                -0.05
  --------------------------------------------------------------------------
  data required time                                                -0.05
  data arrival time                                                 -0.53
  --------------------------------------------------------------------------
  slack (MET)                                                        0.58


  Startpoint: ASYNC_FIFO_U5/U3/rptr_bi_reg[0]
              (rising edge-triggered flip-flop clocked by TX_CLK)
  Endpoint: ASYNC_FIFO_U5/U3/rptr_bi_reg[0]
            (rising edge-triggered flip-flop clocked by TX_CLK)
  Path Group: TX_CLK
  Path Type: min

  Point                                                   Incr       Path
  --------------------------------------------------------------------------
  clock TX_CLK (rise edge)                                0.00       0.00
  clock network delay (ideal)                             0.00       0.00
  ASYNC_FIFO_U5/U3/rptr_bi_reg[0]/CK (DFFRQX2M)           0.00       0.00 r
  ASYNC_FIFO_U5/U3/rptr_bi_reg[0]/Q (DFFRQX2M)            0.50       0.50 r
  ASYNC_FIFO_U5/U3/U9/Y (XNOR2X2M)                        0.07       0.57 f
  ASYNC_FIFO_U5/U3/rptr_bi_reg[0]/D (DFFRQX2M)            0.00       0.57 f
  data arrival time                                                  0.57

  clock TX_CLK (rise edge)                                0.00       0.00
  clock network delay (ideal)                             0.00       0.00
  ASYNC_FIFO_U5/U3/rptr_bi_reg[0]/CK (DFFRQX2M)           0.00       0.00 r
  library hold time                                      -0.03      -0.03
  data required time                                                -0.03
  --------------------------------------------------------------------------
  data required time                                                -0.03
  data arrival time                                                 -0.57
  --------------------------------------------------------------------------
  slack (MET)                                                        0.60


  Startpoint: ASYNC_FIFO_U5/U1/RD_DATA_reg[7]
              (rising edge-triggered flip-flop clocked by TX_CLK)
  Endpoint: Domain_2_TOP_U1/UART_U0/U0/U2/P_DATA_Hold_reg[6]
            (rising edge-triggered flip-flop clocked by TX_CLK)
  Path Group: TX_CLK
  Path Type: min

  Point                                                   Incr       Path
  --------------------------------------------------------------------------
  clock TX_CLK (rise edge)                                0.00       0.00
  clock network delay (ideal)                             0.00       0.00
  ASYNC_FIFO_U5/U1/RD_DATA_reg[7]/CK (DFFRQX2M)           0.00       0.00 r
  ASYNC_FIFO_U5/U1/RD_DATA_reg[7]/Q (DFFRQX2M)            0.47       0.47 f
  ASYNC_FIFO_U5/U1/RD_DATA[7] (FIFO_MEM_CNTRL)            0.00       0.47 f
  ASYNC_FIFO_U5/RD_DATA[7] (ASYNC_FIFO)                   0.00       0.47 f
  Domain_2_TOP_U1/RD_DATA[7] (Domain_2_TOP)               0.00       0.47 f
  Domain_2_TOP_U1/UART_U0/TX_IN_P[7] (UART_TOP)           0.00       0.47 f
  Domain_2_TOP_U1/UART_U0/U0/P_DATA[7] (Top_TX)           0.00       0.47 f
  Domain_2_TOP_U1/UART_U0/U0/U2/P_DATA[7] (serializer_TX)
                                                          0.00       0.47 f
  Domain_2_TOP_U1/UART_U0/U0/U2/U28/Y (NAND2X2M)          0.07       0.53 r
  Domain_2_TOP_U1/UART_U0/U0/U2/U27/Y (OAI2BB1X2M)        0.05       0.59 f
  Domain_2_TOP_U1/UART_U0/U0/U2/P_DATA_Hold_reg[6]/D (DFFRQX2M)
                                                          0.00       0.59 f
  data arrival time                                                  0.59

  clock TX_CLK (rise edge)                                0.00       0.00
  clock network delay (ideal)                             0.00       0.00
  Domain_2_TOP_U1/UART_U0/U0/U2/P_DATA_Hold_reg[6]/CK (DFFRQX2M)
                                                          0.00       0.00 r
  library hold time                                      -0.02      -0.02
  data required time                                                -0.02
  --------------------------------------------------------------------------
  data required time                                                -0.02
  data arrival time                                                 -0.59
  --------------------------------------------------------------------------
  slack (MET)                                                        0.61


  Startpoint: Domain_2_TOP_U1/UART_U0/U0/U2/Counter_reg[0]
              (rising edge-triggered flip-flop clocked by TX_CLK)
  Endpoint: Domain_2_TOP_U1/UART_U0/U0/U2/Counter_reg[1]
            (rising edge-triggered flip-flop clocked by TX_CLK)
  Path Group: TX_CLK
  Path Type: min

  Point                                                   Incr       Path
  --------------------------------------------------------------------------
  clock TX_CLK (rise edge)                                0.00       0.00
  clock network delay (ideal)                             0.00       0.00
  Domain_2_TOP_U1/UART_U0/U0/U2/Counter_reg[0]/CK (DFFRQX2M)
                                                          0.00       0.00 r
  Domain_2_TOP_U1/UART_U0/U0/U2/Counter_reg[0]/Q (DFFRQX2M)
                                                          0.42       0.42 r
  Domain_2_TOP_U1/UART_U0/U0/U2/U39/Y (XNOR2X2M)          0.13       0.54 r
  Domain_2_TOP_U1/UART_U0/U0/U2/U38/Y (NOR2X2M)           0.05       0.59 f
  Domain_2_TOP_U1/UART_U0/U0/U2/Counter_reg[1]/D (DFFRQX2M)
                                                          0.00       0.59 f
  data arrival time                                                  0.59

  clock TX_CLK (rise edge)                                0.00       0.00
  clock network delay (ideal)                             0.00       0.00
  Domain_2_TOP_U1/UART_U0/U0/U2/Counter_reg[1]/CK (DFFRQX2M)
                                                          0.00       0.00 r
  library hold time                                      -0.02      -0.02
  data required time                                                -0.02
  --------------------------------------------------------------------------
  data required time                                                -0.02
  data arrival time                                                 -0.59
  --------------------------------------------------------------------------
  slack (MET)                                                        0.61


  Startpoint: Domain_2_TOP_U1/UART_U0/U0/U2/Counter_reg[2]
              (rising edge-triggered flip-flop clocked by TX_CLK)
  Endpoint: Domain_2_TOP_U1/UART_U0/U0/U2/Counter_reg[2]
            (rising edge-triggered flip-flop clocked by TX_CLK)
  Path Group: TX_CLK
  Path Type: min

  Point                                                   Incr       Path
  --------------------------------------------------------------------------
  clock TX_CLK (rise edge)                                0.00       0.00
  clock network delay (ideal)                             0.00       0.00
  Domain_2_TOP_U1/UART_U0/U0/U2/Counter_reg[2]/CK (DFFRQX2M)
                                                          0.00       0.00 r
  Domain_2_TOP_U1/UART_U0/U0/U2/Counter_reg[2]/Q (DFFRQX2M)
                                                          0.38       0.38 r
  Domain_2_TOP_U1/UART_U0/U0/U2/U35/Y (INVX2M)            0.07       0.45 f
  Domain_2_TOP_U1/UART_U0/U0/U2/U10/Y (NAND2X2M)          0.07       0.52 r
  Domain_2_TOP_U1/UART_U0/U0/U2/U9/Y (OAI32X1M)           0.07       0.59 f
  Domain_2_TOP_U1/UART_U0/U0/U2/Counter_reg[2]/D (DFFRQX2M)
                                                          0.00       0.59 f
  data arrival time                                                  0.59

  clock TX_CLK (rise edge)                                0.00       0.00
  clock network delay (ideal)                             0.00       0.00
  Domain_2_TOP_U1/UART_U0/U0/U2/Counter_reg[2]/CK (DFFRQX2M)
                                                          0.00       0.00 r
  library hold time                                      -0.02      -0.02
  data required time                                                -0.02
  --------------------------------------------------------------------------
  data required time                                                -0.02
  data arrival time                                                 -0.59
  --------------------------------------------------------------------------
  slack (MET)                                                        0.62


  Startpoint: ASYNC_FIFO_U5/U3/rptr_bi_reg[1]
              (rising edge-triggered flip-flop clocked by TX_CLK)
  Endpoint: ASYNC_FIFO_U5/U3/rptr_reg[1]
            (rising edge-triggered flip-flop clocked by TX_CLK)
  Path Group: TX_CLK
  Path Type: min

  Point                                                   Incr       Path
  --------------------------------------------------------------------------
  clock TX_CLK (rise edge)                                0.00       0.00
  clock network delay (ideal)                             0.00       0.00
  ASYNC_FIFO_U5/U3/rptr_bi_reg[1]/CK (DFFRQX2M)           0.00       0.00 r
  ASYNC_FIFO_U5/U3/rptr_bi_reg[1]/Q (DFFRQX2M)            0.48       0.48 r
  ASYNC_FIFO_U5/U3/U6/Y (XNOR2X2M)                        0.13       0.61 f
  ASYNC_FIFO_U5/U3/rptr_reg[1]/D (DFFRQX2M)               0.00       0.61 f
  data arrival time                                                  0.61

  clock TX_CLK (rise edge)                                0.00       0.00
  clock network delay (ideal)                             0.00       0.00
  ASYNC_FIFO_U5/U3/rptr_reg[1]/CK (DFFRQX2M)              0.00       0.00 r
  library hold time                                      -0.02      -0.02
  data required time                                                -0.02
  --------------------------------------------------------------------------
  data required time                                                -0.02
  data arrival time                                                 -0.61
  --------------------------------------------------------------------------
  slack (MET)                                                        0.63


  Startpoint: Domain_2_TOP_U1/UART_U0/U0/U2/P_DATA_Hold_reg[5]
              (rising edge-triggered flip-flop clocked by TX_CLK)
  Endpoint: Domain_2_TOP_U1/UART_U0/U0/U2/P_DATA_Hold_reg[5]
            (rising edge-triggered flip-flop clocked by TX_CLK)
  Path Group: TX_CLK
  Path Type: min

  Point                                                   Incr       Path
  --------------------------------------------------------------------------
  clock TX_CLK (rise edge)                                0.00       0.00
  clock network delay (ideal)                             0.00       0.00
  Domain_2_TOP_U1/UART_U0/U0/U2/P_DATA_Hold_reg[5]/CK (DFFRQX2M)
                                                          0.00       0.00 r
  Domain_2_TOP_U1/UART_U0/U0/U2/P_DATA_Hold_reg[5]/Q (DFFRQX2M)
                                                          0.46       0.46 f
  Domain_2_TOP_U1/UART_U0/U0/U2/U25/Y (OAI2BB1X2M)        0.15       0.61 f
  Domain_2_TOP_U1/UART_U0/U0/U2/P_DATA_Hold_reg[5]/D (DFFRQX2M)
                                                          0.00       0.61 f
  data arrival time                                                  0.61

  clock TX_CLK (rise edge)                                0.00       0.00
  clock network delay (ideal)                             0.00       0.00
  Domain_2_TOP_U1/UART_U0/U0/U2/P_DATA_Hold_reg[5]/CK (DFFRQX2M)
                                                          0.00       0.00 r
  library hold time                                      -0.02      -0.02
  data required time                                                -0.02
  --------------------------------------------------------------------------
  data required time                                                -0.02
  data arrival time                                                 -0.61
  --------------------------------------------------------------------------
  slack (MET)                                                        0.63


  Startpoint: Domain_2_TOP_U1/UART_U0/U0/U2/P_DATA_Hold_reg[4]
              (rising edge-triggered flip-flop clocked by TX_CLK)
  Endpoint: Domain_2_TOP_U1/UART_U0/U0/U2/P_DATA_Hold_reg[4]
            (rising edge-triggered flip-flop clocked by TX_CLK)
  Path Group: TX_CLK
  Path Type: min

  Point                                                   Incr       Path
  --------------------------------------------------------------------------
  clock TX_CLK (rise edge)                                0.00       0.00
  clock network delay (ideal)                             0.00       0.00
  Domain_2_TOP_U1/UART_U0/U0/U2/P_DATA_Hold_reg[4]/CK (DFFRQX2M)
                                                          0.00       0.00 r
  Domain_2_TOP_U1/UART_U0/U0/U2/P_DATA_Hold_reg[4]/Q (DFFRQX2M)
                                                          0.46       0.46 f
  Domain_2_TOP_U1/UART_U0/U0/U2/U23/Y (OAI2BB1X2M)        0.15       0.61 f
  Domain_2_TOP_U1/UART_U0/U0/U2/P_DATA_Hold_reg[4]/D (DFFRQX2M)
                                                          0.00       0.61 f
  data arrival time                                                  0.61

  clock TX_CLK (rise edge)                                0.00       0.00
  clock network delay (ideal)                             0.00       0.00
  Domain_2_TOP_U1/UART_U0/U0/U2/P_DATA_Hold_reg[4]/CK (DFFRQX2M)
                                                          0.00       0.00 r
  library hold time                                      -0.02      -0.02
  data required time                                                -0.02
  --------------------------------------------------------------------------
  data required time                                                -0.02
  data arrival time                                                 -0.61
  --------------------------------------------------------------------------
  slack (MET)                                                        0.63


  Startpoint: Domain_2_TOP_U1/UART_U0/U0/U2/P_DATA_Hold_reg[3]
              (rising edge-triggered flip-flop clocked by TX_CLK)
  Endpoint: Domain_2_TOP_U1/UART_U0/U0/U2/P_DATA_Hold_reg[3]
            (rising edge-triggered flip-flop clocked by TX_CLK)
  Path Group: TX_CLK
  Path Type: min

  Point                                                   Incr       Path
  --------------------------------------------------------------------------
  clock TX_CLK (rise edge)                                0.00       0.00
  clock network delay (ideal)                             0.00       0.00
  Domain_2_TOP_U1/UART_U0/U0/U2/P_DATA_Hold_reg[3]/CK (DFFRQX2M)
                                                          0.00       0.00 r
  Domain_2_TOP_U1/UART_U0/U0/U2/P_DATA_Hold_reg[3]/Q (DFFRQX2M)
                                                          0.46       0.46 f
  Domain_2_TOP_U1/UART_U0/U0/U2/U21/Y (OAI2BB1X2M)        0.15       0.61 f
  Domain_2_TOP_U1/UART_U0/U0/U2/P_DATA_Hold_reg[3]/D (DFFRQX2M)
                                                          0.00       0.61 f
  data arrival time                                                  0.61

  clock TX_CLK (rise edge)                                0.00       0.00
  clock network delay (ideal)                             0.00       0.00
  Domain_2_TOP_U1/UART_U0/U0/U2/P_DATA_Hold_reg[3]/CK (DFFRQX2M)
                                                          0.00       0.00 r
  library hold time                                      -0.02      -0.02
  data required time                                                -0.02
  --------------------------------------------------------------------------
  data required time                                                -0.02
  data arrival time                                                 -0.61
  --------------------------------------------------------------------------
  slack (MET)                                                        0.63


  Startpoint: Domain_2_TOP_U1/UART_U0/U0/U2/P_DATA_Hold_reg[2]
              (rising edge-triggered flip-flop clocked by TX_CLK)
  Endpoint: Domain_2_TOP_U1/UART_U0/U0/U2/P_DATA_Hold_reg[2]
            (rising edge-triggered flip-flop clocked by TX_CLK)
  Path Group: TX_CLK
  Path Type: min

  Point                                                   Incr       Path
  --------------------------------------------------------------------------
  clock TX_CLK (rise edge)                                0.00       0.00
  clock network delay (ideal)                             0.00       0.00
  Domain_2_TOP_U1/UART_U0/U0/U2/P_DATA_Hold_reg[2]/CK (DFFRQX2M)
                                                          0.00       0.00 r
  Domain_2_TOP_U1/UART_U0/U0/U2/P_DATA_Hold_reg[2]/Q (DFFRQX2M)
                                                          0.46       0.46 f
  Domain_2_TOP_U1/UART_U0/U0/U2/U19/Y (OAI2BB1X2M)        0.15       0.61 f
  Domain_2_TOP_U1/UART_U0/U0/U2/P_DATA_Hold_reg[2]/D (DFFRQX2M)
                                                          0.00       0.61 f
  data arrival time                                                  0.61

  clock TX_CLK (rise edge)                                0.00       0.00
  clock network delay (ideal)                             0.00       0.00
  Domain_2_TOP_U1/UART_U0/U0/U2/P_DATA_Hold_reg[2]/CK (DFFRQX2M)
                                                          0.00       0.00 r
  library hold time                                      -0.02      -0.02
  data required time                                                -0.02
  --------------------------------------------------------------------------
  data required time                                                -0.02
  data arrival time                                                 -0.61
  --------------------------------------------------------------------------
  slack (MET)                                                        0.63


  Startpoint: Domain_2_TOP_U1/UART_U0/U0/U2/P_DATA_Hold_reg[1]
              (rising edge-triggered flip-flop clocked by TX_CLK)
  Endpoint: Domain_2_TOP_U1/UART_U0/U0/U2/P_DATA_Hold_reg[1]
            (rising edge-triggered flip-flop clocked by TX_CLK)
  Path Group: TX_CLK
  Path Type: min

  Point                                                   Incr       Path
  --------------------------------------------------------------------------
  clock TX_CLK (rise edge)                                0.00       0.00
  clock network delay (ideal)                             0.00       0.00
  Domain_2_TOP_U1/UART_U0/U0/U2/P_DATA_Hold_reg[1]/CK (DFFRQX2M)
                                                          0.00       0.00 r
  Domain_2_TOP_U1/UART_U0/U0/U2/P_DATA_Hold_reg[1]/Q (DFFRQX2M)
                                                          0.46       0.46 f
  Domain_2_TOP_U1/UART_U0/U0/U2/U17/Y (OAI2BB1X2M)        0.15       0.61 f
  Domain_2_TOP_U1/UART_U0/U0/U2/P_DATA_Hold_reg[1]/D (DFFRQX2M)
                                                          0.00       0.61 f
  data arrival time                                                  0.61

  clock TX_CLK (rise edge)                                0.00       0.00
  clock network delay (ideal)                             0.00       0.00
  Domain_2_TOP_U1/UART_U0/U0/U2/P_DATA_Hold_reg[1]/CK (DFFRQX2M)
                                                          0.00       0.00 r
  library hold time                                      -0.02      -0.02
  data required time                                                -0.02
  --------------------------------------------------------------------------
  data required time                                                -0.02
  data arrival time                                                 -0.61
  --------------------------------------------------------------------------
  slack (MET)                                                        0.63


  Startpoint: Domain_2_TOP_U1/UART_U0/U0/U2/P_DATA_Hold_reg[0]
              (rising edge-triggered flip-flop clocked by TX_CLK)
  Endpoint: Domain_2_TOP_U1/UART_U0/U0/U2/P_DATA_Hold_reg[0]
            (rising edge-triggered flip-flop clocked by TX_CLK)
  Path Group: TX_CLK
  Path Type: min

  Point                                                   Incr       Path
  --------------------------------------------------------------------------
  clock TX_CLK (rise edge)                                0.00       0.00
  clock network delay (ideal)                             0.00       0.00
  Domain_2_TOP_U1/UART_U0/U0/U2/P_DATA_Hold_reg[0]/CK (DFFRQX2M)
                                                          0.00       0.00 r
  Domain_2_TOP_U1/UART_U0/U0/U2/P_DATA_Hold_reg[0]/Q (DFFRQX2M)
                                                          0.46       0.46 f
  Domain_2_TOP_U1/UART_U0/U0/U2/U15/Y (OAI2BB1X2M)        0.15       0.61 f
  Domain_2_TOP_U1/UART_U0/U0/U2/P_DATA_Hold_reg[0]/D (DFFRQX2M)
                                                          0.00       0.61 f
  data arrival time                                                  0.61

  clock TX_CLK (rise edge)                                0.00       0.00
  clock network delay (ideal)                             0.00       0.00
  Domain_2_TOP_U1/UART_U0/U0/U2/P_DATA_Hold_reg[0]/CK (DFFRQX2M)
                                                          0.00       0.00 r
  library hold time                                      -0.02      -0.02
  data required time                                                -0.02
  --------------------------------------------------------------------------
  data required time                                                -0.02
  data arrival time                                                 -0.61
  --------------------------------------------------------------------------
  slack (MET)                                                        0.63


  Startpoint: Domain_2_TOP_U1/UART_U0/U0/U1/cur_state_reg[2]
              (rising edge-triggered flip-flop clocked by TX_CLK)
  Endpoint: Domain_2_TOP_U1/UART_U0/U0/U1/cur_state_reg[0]
            (rising edge-triggered flip-flop clocked by TX_CLK)
  Path Group: TX_CLK
  Path Type: min

  Point                                                   Incr       Path
  --------------------------------------------------------------------------
  clock TX_CLK (rise edge)                                0.00       0.00
  clock network delay (ideal)                             0.00       0.00
  Domain_2_TOP_U1/UART_U0/U0/U1/cur_state_reg[2]/CK (DFFRQX2M)
                                                          0.00       0.00 r
  Domain_2_TOP_U1/UART_U0/U0/U1/cur_state_reg[2]/Q (DFFRQX2M)
                                                          0.38       0.38 r
  Domain_2_TOP_U1/UART_U0/U0/U1/U17/Y (AOI21X2M)          0.05       0.43 f
  Domain_2_TOP_U1/UART_U0/U0/U1/U16/Y (AOI32X1M)          0.09       0.52 r
  Domain_2_TOP_U1/UART_U0/U0/U1/U15/Y (NAND3X2M)          0.09       0.61 f
  Domain_2_TOP_U1/UART_U0/U0/U1/cur_state_reg[0]/D (DFFRQX2M)
                                                          0.00       0.61 f
  data arrival time                                                  0.61

  clock TX_CLK (rise edge)                                0.00       0.00
  clock network delay (ideal)                             0.00       0.00
  Domain_2_TOP_U1/UART_U0/U0/U1/cur_state_reg[0]/CK (DFFRQX2M)
                                                          0.00       0.00 r
  library hold time                                      -0.03      -0.03
  data required time                                                -0.03
  --------------------------------------------------------------------------
  data required time                                                -0.03
  data arrival time                                                 -0.61
  --------------------------------------------------------------------------
  slack (MET)                                                        0.64


  Startpoint: ASYNC_FIFO_U5/U3/rptr_bi_reg[0]
              (rising edge-triggered flip-flop clocked by TX_CLK)
  Endpoint: ASYNC_FIFO_U5/U1/RD_DATA_reg[6]
            (rising edge-triggered flip-flop clocked by TX_CLK)
  Path Group: TX_CLK
  Path Type: min

  Point                                                   Incr       Path
  --------------------------------------------------------------------------
  clock TX_CLK (rise edge)                                0.00       0.00
  clock network delay (ideal)                             0.00       0.00
  ASYNC_FIFO_U5/U3/rptr_bi_reg[0]/CK (DFFRQX2M)           0.00       0.00 r
  ASYNC_FIFO_U5/U3/rptr_bi_reg[0]/Q (DFFRQX2M)            0.50       0.50 r
  ASYNC_FIFO_U5/U3/raddr[0] (FIFO_RD)                     0.00       0.50 r
  ASYNC_FIFO_U5/U1/raddr[0] (FIFO_MEM_CNTRL)              0.00       0.50 r
  ASYNC_FIFO_U5/U1/U139/Y (OAI22X1M)                      0.11       0.62 f
  ASYNC_FIFO_U5/U1/RD_DATA_reg[6]/D (DFFRQX2M)            0.00       0.62 f
  data arrival time                                                  0.62

  clock TX_CLK (rise edge)                                0.00       0.00
  clock network delay (ideal)                             0.00       0.00
  ASYNC_FIFO_U5/U1/RD_DATA_reg[6]/CK (DFFRQX2M)           0.00       0.00 r
  library hold time                                      -0.03      -0.03
  data required time                                                -0.03
  --------------------------------------------------------------------------
  data required time                                                -0.03
  data arrival time                                                 -0.62
  --------------------------------------------------------------------------
  slack (MET)                                                        0.64


  Startpoint: ASYNC_FIFO_U5/U3/rptr_bi_reg[0]
              (rising edge-triggered flip-flop clocked by TX_CLK)
  Endpoint: ASYNC_FIFO_U5/U1/RD_DATA_reg[5]
            (rising edge-triggered flip-flop clocked by TX_CLK)
  Path Group: TX_CLK
  Path Type: min

  Point                                                   Incr       Path
  --------------------------------------------------------------------------
  clock TX_CLK (rise edge)                                0.00       0.00
  clock network delay (ideal)                             0.00       0.00
  ASYNC_FIFO_U5/U3/rptr_bi_reg[0]/CK (DFFRQX2M)           0.00       0.00 r
  ASYNC_FIFO_U5/U3/rptr_bi_reg[0]/Q (DFFRQX2M)            0.50       0.50 r
  ASYNC_FIFO_U5/U3/raddr[0] (FIFO_RD)                     0.00       0.50 r
  ASYNC_FIFO_U5/U1/raddr[0] (FIFO_MEM_CNTRL)              0.00       0.50 r
  ASYNC_FIFO_U5/U1/U134/Y (OAI22X1M)                      0.11       0.62 f
  ASYNC_FIFO_U5/U1/RD_DATA_reg[5]/D (DFFRQX2M)            0.00       0.62 f
  data arrival time                                                  0.62

  clock TX_CLK (rise edge)                                0.00       0.00
  clock network delay (ideal)                             0.00       0.00
  ASYNC_FIFO_U5/U1/RD_DATA_reg[5]/CK (DFFRQX2M)           0.00       0.00 r
  library hold time                                      -0.03      -0.03
  data required time                                                -0.03
  --------------------------------------------------------------------------
  data required time                                                -0.03
  data arrival time                                                 -0.62
  --------------------------------------------------------------------------
  slack (MET)                                                        0.64


  Startpoint: ASYNC_FIFO_U5/U3/rptr_bi_reg[0]
              (rising edge-triggered flip-flop clocked by TX_CLK)
  Endpoint: ASYNC_FIFO_U5/U1/RD_DATA_reg[4]
            (rising edge-triggered flip-flop clocked by TX_CLK)
  Path Group: TX_CLK
  Path Type: min

  Point                                                   Incr       Path
  --------------------------------------------------------------------------
  clock TX_CLK (rise edge)                                0.00       0.00
  clock network delay (ideal)                             0.00       0.00
  ASYNC_FIFO_U5/U3/rptr_bi_reg[0]/CK (DFFRQX2M)           0.00       0.00 r
  ASYNC_FIFO_U5/U3/rptr_bi_reg[0]/Q (DFFRQX2M)            0.50       0.50 r
  ASYNC_FIFO_U5/U3/raddr[0] (FIFO_RD)                     0.00       0.50 r
  ASYNC_FIFO_U5/U1/raddr[0] (FIFO_MEM_CNTRL)              0.00       0.50 r
  ASYNC_FIFO_U5/U1/U129/Y (OAI22X1M)                      0.11       0.62 f
  ASYNC_FIFO_U5/U1/RD_DATA_reg[4]/D (DFFRQX2M)            0.00       0.62 f
  data arrival time                                                  0.62

  clock TX_CLK (rise edge)                                0.00       0.00
  clock network delay (ideal)                             0.00       0.00
  ASYNC_FIFO_U5/U1/RD_DATA_reg[4]/CK (DFFRQX2M)           0.00       0.00 r
  library hold time                                      -0.03      -0.03
  data required time                                                -0.03
  --------------------------------------------------------------------------
  data required time                                                -0.03
  data arrival time                                                 -0.62
  --------------------------------------------------------------------------
  slack (MET)                                                        0.64


  Startpoint: ASYNC_FIFO_U5/U3/rptr_bi_reg[0]
              (rising edge-triggered flip-flop clocked by TX_CLK)
  Endpoint: ASYNC_FIFO_U5/U1/RD_DATA_reg[3]
            (rising edge-triggered flip-flop clocked by TX_CLK)
  Path Group: TX_CLK
  Path Type: min

  Point                                                   Incr       Path
  --------------------------------------------------------------------------
  clock TX_CLK (rise edge)                                0.00       0.00
  clock network delay (ideal)                             0.00       0.00
  ASYNC_FIFO_U5/U3/rptr_bi_reg[0]/CK (DFFRQX2M)           0.00       0.00 r
  ASYNC_FIFO_U5/U3/rptr_bi_reg[0]/Q (DFFRQX2M)            0.50       0.50 r
  ASYNC_FIFO_U5/U3/raddr[0] (FIFO_RD)                     0.00       0.50 r
  ASYNC_FIFO_U5/U1/raddr[0] (FIFO_MEM_CNTRL)              0.00       0.50 r
  ASYNC_FIFO_U5/U1/U124/Y (OAI22X1M)                      0.11       0.62 f
  ASYNC_FIFO_U5/U1/RD_DATA_reg[3]/D (DFFRQX2M)            0.00       0.62 f
  data arrival time                                                  0.62

  clock TX_CLK (rise edge)                                0.00       0.00
  clock network delay (ideal)                             0.00       0.00
  ASYNC_FIFO_U5/U1/RD_DATA_reg[3]/CK (DFFRQX2M)           0.00       0.00 r
  library hold time                                      -0.03      -0.03
  data required time                                                -0.03
  --------------------------------------------------------------------------
  data required time                                                -0.03
  data arrival time                                                 -0.62
  --------------------------------------------------------------------------
  slack (MET)                                                        0.64


  Startpoint: ASYNC_FIFO_U5/U3/rptr_bi_reg[0]
              (rising edge-triggered flip-flop clocked by TX_CLK)
  Endpoint: ASYNC_FIFO_U5/U1/RD_DATA_reg[2]
            (rising edge-triggered flip-flop clocked by TX_CLK)
  Path Group: TX_CLK
  Path Type: min

  Point                                                   Incr       Path
  --------------------------------------------------------------------------
  clock TX_CLK (rise edge)                                0.00       0.00
  clock network delay (ideal)                             0.00       0.00
  ASYNC_FIFO_U5/U3/rptr_bi_reg[0]/CK (DFFRQX2M)           0.00       0.00 r
  ASYNC_FIFO_U5/U3/rptr_bi_reg[0]/Q (DFFRQX2M)            0.50       0.50 r
  ASYNC_FIFO_U5/U3/raddr[0] (FIFO_RD)                     0.00       0.50 r
  ASYNC_FIFO_U5/U1/raddr[0] (FIFO_MEM_CNTRL)              0.00       0.50 r
  ASYNC_FIFO_U5/U1/U119/Y (OAI22X1M)                      0.11       0.62 f
  ASYNC_FIFO_U5/U1/RD_DATA_reg[2]/D (DFFRQX2M)            0.00       0.62 f
  data arrival time                                                  0.62

  clock TX_CLK (rise edge)                                0.00       0.00
  clock network delay (ideal)                             0.00       0.00
  ASYNC_FIFO_U5/U1/RD_DATA_reg[2]/CK (DFFRQX2M)           0.00       0.00 r
  library hold time                                      -0.03      -0.03
  data required time                                                -0.03
  --------------------------------------------------------------------------
  data required time                                                -0.03
  data arrival time                                                 -0.62
  --------------------------------------------------------------------------
  slack (MET)                                                        0.64


  Startpoint: ASYNC_FIFO_U5/U3/rptr_bi_reg[0]
              (rising edge-triggered flip-flop clocked by TX_CLK)
  Endpoint: ASYNC_FIFO_U5/U1/RD_DATA_reg[1]
            (rising edge-triggered flip-flop clocked by TX_CLK)
  Path Group: TX_CLK
  Path Type: min

  Point                                                   Incr       Path
  --------------------------------------------------------------------------
  clock TX_CLK (rise edge)                                0.00       0.00
  clock network delay (ideal)                             0.00       0.00
  ASYNC_FIFO_U5/U3/rptr_bi_reg[0]/CK (DFFRQX2M)           0.00       0.00 r
  ASYNC_FIFO_U5/U3/rptr_bi_reg[0]/Q (DFFRQX2M)            0.50       0.50 r
  ASYNC_FIFO_U5/U3/raddr[0] (FIFO_RD)                     0.00       0.50 r
  ASYNC_FIFO_U5/U1/raddr[0] (FIFO_MEM_CNTRL)              0.00       0.50 r
  ASYNC_FIFO_U5/U1/U114/Y (OAI22X1M)                      0.11       0.62 f
  ASYNC_FIFO_U5/U1/RD_DATA_reg[1]/D (DFFRQX2M)            0.00       0.62 f
  data arrival time                                                  0.62

  clock TX_CLK (rise edge)                                0.00       0.00
  clock network delay (ideal)                             0.00       0.00
  ASYNC_FIFO_U5/U1/RD_DATA_reg[1]/CK (DFFRQX2M)           0.00       0.00 r
  library hold time                                      -0.03      -0.03
  data required time                                                -0.03
  --------------------------------------------------------------------------
  data required time                                                -0.03
  data arrival time                                                 -0.62
  --------------------------------------------------------------------------
  slack (MET)                                                        0.64


  Startpoint: ASYNC_FIFO_U5/U3/rptr_bi_reg[0]
              (rising edge-triggered flip-flop clocked by TX_CLK)
  Endpoint: ASYNC_FIFO_U5/U1/RD_DATA_reg[0]
            (rising edge-triggered flip-flop clocked by TX_CLK)
  Path Group: TX_CLK
  Path Type: min

  Point                                                   Incr       Path
  --------------------------------------------------------------------------
  clock TX_CLK (rise edge)                                0.00       0.00
  clock network delay (ideal)                             0.00       0.00
  ASYNC_FIFO_U5/U3/rptr_bi_reg[0]/CK (DFFRQX2M)           0.00       0.00 r
  ASYNC_FIFO_U5/U3/rptr_bi_reg[0]/Q (DFFRQX2M)            0.50       0.50 r
  ASYNC_FIFO_U5/U3/raddr[0] (FIFO_RD)                     0.00       0.50 r
  ASYNC_FIFO_U5/U1/raddr[0] (FIFO_MEM_CNTRL)              0.00       0.50 r
  ASYNC_FIFO_U5/U1/U109/Y (OAI22X1M)                      0.11       0.62 f
  ASYNC_FIFO_U5/U1/RD_DATA_reg[0]/D (DFFRQX2M)            0.00       0.62 f
  data arrival time                                                  0.62

  clock TX_CLK (rise edge)                                0.00       0.00
  clock network delay (ideal)                             0.00       0.00
  ASYNC_FIFO_U5/U1/RD_DATA_reg[0]/CK (DFFRQX2M)           0.00       0.00 r
  library hold time                                      -0.03      -0.03
  data required time                                                -0.03
  --------------------------------------------------------------------------
  data required time                                                -0.03
  data arrival time                                                 -0.62
  --------------------------------------------------------------------------
  slack (MET)                                                        0.64


  Startpoint: ASYNC_FIFO_U5/U3/rptr_bi_reg[0]
              (rising edge-triggered flip-flop clocked by TX_CLK)
  Endpoint: ASYNC_FIFO_U5/U1/RD_DATA_reg[7]
            (rising edge-triggered flip-flop clocked by TX_CLK)
  Path Group: TX_CLK
  Path Type: min

  Point                                                   Incr       Path
  --------------------------------------------------------------------------
  clock TX_CLK (rise edge)                                0.00       0.00
  clock network delay (ideal)                             0.00       0.00
  ASYNC_FIFO_U5/U3/rptr_bi_reg[0]/CK (DFFRQX2M)           0.00       0.00 r
  ASYNC_FIFO_U5/U3/rptr_bi_reg[0]/Q (DFFRQX2M)            0.50       0.50 r
  ASYNC_FIFO_U5/U3/raddr[0] (FIFO_RD)                     0.00       0.50 r
  ASYNC_FIFO_U5/U1/raddr[0] (FIFO_MEM_CNTRL)              0.00       0.50 r
  ASYNC_FIFO_U5/U1/U144/Y (OAI22X1M)                      0.11       0.62 f
  ASYNC_FIFO_U5/U1/RD_DATA_reg[7]/D (DFFRQX2M)            0.00       0.62 f
  data arrival time                                                  0.62

  clock TX_CLK (rise edge)                                0.00       0.00
  clock network delay (ideal)                             0.00       0.00
  ASYNC_FIFO_U5/U1/RD_DATA_reg[7]/CK (DFFRQX2M)           0.00       0.00 r
  library hold time                                      -0.03      -0.03
  data required time                                                -0.03
  --------------------------------------------------------------------------
  data required time                                                -0.03
  data arrival time                                                 -0.62
  --------------------------------------------------------------------------
  slack (MET)                                                        0.65


  Startpoint: Domain_2_TOP_U1/UART_U0/U0/U2/P_DATA_Hold_reg[0]
              (rising edge-triggered flip-flop clocked by TX_CLK)
  Endpoint: Domain_2_TOP_U1/UART_U0/U0/U2/ser_data_reg
            (rising edge-triggered flip-flop clocked by TX_CLK)
  Path Group: TX_CLK
  Path Type: min

  Point                                                   Incr       Path
  --------------------------------------------------------------------------
  clock TX_CLK (rise edge)                                0.00       0.00
  clock network delay (ideal)                             0.00       0.00
  Domain_2_TOP_U1/UART_U0/U0/U2/P_DATA_Hold_reg[0]/CK (DFFRQX2M)
                                                          0.00       0.00 r
  Domain_2_TOP_U1/UART_U0/U0/U2/P_DATA_Hold_reg[0]/Q (DFFRQX2M)
                                                          0.46       0.46 f
  Domain_2_TOP_U1/UART_U0/U0/U2/U14/Y (AOI22X1M)          0.10       0.56 r
  Domain_2_TOP_U1/UART_U0/U0/U2/U13/Y (OAI2BB1X2M)        0.06       0.62 f
  Domain_2_TOP_U1/UART_U0/U0/U2/ser_data_reg/D (DFFRQX2M)
                                                          0.00       0.62 f
  data arrival time                                                  0.62

  clock TX_CLK (rise edge)                                0.00       0.00
  clock network delay (ideal)                             0.00       0.00
  Domain_2_TOP_U1/UART_U0/U0/U2/ser_data_reg/CK (DFFRQX2M)
                                                          0.00       0.00 r
  library hold time                                      -0.02      -0.02
  data required time                                                -0.02
  --------------------------------------------------------------------------
  data required time                                                -0.02
  data arrival time                                                 -0.62
  --------------------------------------------------------------------------
  slack (MET)                                                        0.65


  Startpoint: ASYNC_FIFO_U5/U3/rptr_bi_reg[3]
              (rising edge-triggered flip-flop clocked by TX_CLK)
  Endpoint: ASYNC_FIFO_U5/U3/rptr_bi_reg[3]
            (rising edge-triggered flip-flop clocked by TX_CLK)
  Path Group: TX_CLK
  Path Type: min

  Point                                                   Incr       Path
  --------------------------------------------------------------------------
  clock TX_CLK (rise edge)                                0.00       0.00
  clock network delay (ideal)                             0.00       0.00
  ASYNC_FIFO_U5/U3/rptr_bi_reg[3]/CK (DFFRQX2M)           0.00       0.00 r
  ASYNC_FIFO_U5/U3/rptr_bi_reg[3]/Q (DFFRQX2M)            0.41       0.41 r
  ASYNC_FIFO_U5/U3/U16/Y (INVX2M)                         0.07       0.48 f
  ASYNC_FIFO_U5/U3/U15/Y (NAND3X2M)                       0.08       0.56 r
  ASYNC_FIFO_U5/U3/U14/Y (OAI211X2M)                      0.06       0.62 f
  ASYNC_FIFO_U5/U3/rptr_bi_reg[3]/D (DFFRQX2M)            0.00       0.62 f
  data arrival time                                                  0.62

  clock TX_CLK (rise edge)                                0.00       0.00
  clock network delay (ideal)                             0.00       0.00
  ASYNC_FIFO_U5/U3/rptr_bi_reg[3]/CK (DFFRQX2M)           0.00       0.00 r
  library hold time                                      -0.03      -0.03
  data required time                                                -0.03
  --------------------------------------------------------------------------
  data required time                                                -0.03
  data arrival time                                                 -0.62
  --------------------------------------------------------------------------
  slack (MET)                                                        0.65


  Startpoint: Domain_2_TOP_U1/UART_U0/U0/U4/P_DATA_Hold_reg[6]
              (rising edge-triggered flip-flop clocked by TX_CLK)
  Endpoint: Domain_2_TOP_U1/UART_U0/U0/U4/P_DATA_Hold_reg[6]
            (rising edge-triggered flip-flop clocked by TX_CLK)
  Path Group: TX_CLK
  Path Type: min

  Point                                                   Incr       Path
  --------------------------------------------------------------------------
  clock TX_CLK (rise edge)                                0.00       0.00
  clock network delay (ideal)                             0.00       0.00
  Domain_2_TOP_U1/UART_U0/U0/U4/P_DATA_Hold_reg[6]/CK (DFFRQX2M)
                                                          0.00       0.00 r
  Domain_2_TOP_U1/UART_U0/U0/U4/P_DATA_Hold_reg[6]/Q (DFFRQX2M)
                                                          0.37       0.37 r
  Domain_2_TOP_U1/UART_U0/U0/U4/U13/Y (AO2B2X2M)          0.13       0.50 r
  Domain_2_TOP_U1/UART_U0/U0/U4/P_DATA_Hold_reg[6]/D (DFFRQX2M)
                                                          0.00       0.50 r
  data arrival time                                                  0.50

  clock TX_CLK (rise edge)                                0.00       0.00
  clock network delay (ideal)                             0.00       0.00
  Domain_2_TOP_U1/UART_U0/U0/U4/P_DATA_Hold_reg[6]/CK (DFFRQX2M)
                                                          0.00       0.00 r
  library hold time                                      -0.17      -0.17
  data required time                                                -0.17
  --------------------------------------------------------------------------
  data required time                                                -0.17
  data arrival time                                                 -0.50
  --------------------------------------------------------------------------
  slack (MET)                                                        0.66


  Startpoint: Domain_2_TOP_U1/UART_U0/U0/U4/P_DATA_Hold_reg[2]
              (rising edge-triggered flip-flop clocked by TX_CLK)
  Endpoint: Domain_2_TOP_U1/UART_U0/U0/U4/P_DATA_Hold_reg[2]
            (rising edge-triggered flip-flop clocked by TX_CLK)
  Path Group: TX_CLK
  Path Type: min

  Point                                                   Incr       Path
  --------------------------------------------------------------------------
  clock TX_CLK (rise edge)                                0.00       0.00
  clock network delay (ideal)                             0.00       0.00
  Domain_2_TOP_U1/UART_U0/U0/U4/P_DATA_Hold_reg[2]/CK (DFFRQX2M)
                                                          0.00       0.00 r
  Domain_2_TOP_U1/UART_U0/U0/U4/P_DATA_Hold_reg[2]/Q (DFFRQX2M)
                                                          0.37       0.37 r
  Domain_2_TOP_U1/UART_U0/U0/U4/U9/Y (AO2B2X2M)           0.13       0.50 r
  Domain_2_TOP_U1/UART_U0/U0/U4/P_DATA_Hold_reg[2]/D (DFFRQX2M)
                                                          0.00       0.50 r
  data arrival time                                                  0.50

  clock TX_CLK (rise edge)                                0.00       0.00
  clock network delay (ideal)                             0.00       0.00
  Domain_2_TOP_U1/UART_U0/U0/U4/P_DATA_Hold_reg[2]/CK (DFFRQX2M)
                                                          0.00       0.00 r
  library hold time                                      -0.17      -0.17
  data required time                                                -0.17
  --------------------------------------------------------------------------
  data required time                                                -0.17
  data arrival time                                                 -0.50
  --------------------------------------------------------------------------
  slack (MET)                                                        0.66


  Startpoint: Domain_2_TOP_U1/UART_U0/U0/U4/P_DATA_Hold_reg[5]
              (rising edge-triggered flip-flop clocked by TX_CLK)
  Endpoint: Domain_2_TOP_U1/UART_U0/U0/U4/P_DATA_Hold_reg[5]
            (rising edge-triggered flip-flop clocked by TX_CLK)
  Path Group: TX_CLK
  Path Type: min

  Point                                                   Incr       Path
  --------------------------------------------------------------------------
  clock TX_CLK (rise edge)                                0.00       0.00
  clock network delay (ideal)                             0.00       0.00
  Domain_2_TOP_U1/UART_U0/U0/U4/P_DATA_Hold_reg[5]/CK (DFFRQX2M)
                                                          0.00       0.00 r
  Domain_2_TOP_U1/UART_U0/U0/U4/P_DATA_Hold_reg[5]/Q (DFFRQX2M)
                                                          0.37       0.37 r
  Domain_2_TOP_U1/UART_U0/U0/U4/U12/Y (AO2B2X2M)          0.13       0.50 r
  Domain_2_TOP_U1/UART_U0/U0/U4/P_DATA_Hold_reg[5]/D (DFFRQX2M)
                                                          0.00       0.50 r
  data arrival time                                                  0.50

  clock TX_CLK (rise edge)                                0.00       0.00
  clock network delay (ideal)                             0.00       0.00
  Domain_2_TOP_U1/UART_U0/U0/U4/P_DATA_Hold_reg[5]/CK (DFFRQX2M)
                                                          0.00       0.00 r
  library hold time                                      -0.17      -0.17
  data required time                                                -0.17
  --------------------------------------------------------------------------
  data required time                                                -0.17
  data arrival time                                                 -0.50
  --------------------------------------------------------------------------
  slack (MET)                                                        0.67


  Startpoint: Domain_2_TOP_U1/UART_U0/U0/U4/P_DATA_Hold_reg[1]
              (rising edge-triggered flip-flop clocked by TX_CLK)
  Endpoint: Domain_2_TOP_U1/UART_U0/U0/U4/P_DATA_Hold_reg[1]
            (rising edge-triggered flip-flop clocked by TX_CLK)
  Path Group: TX_CLK
  Path Type: min

  Point                                                   Incr       Path
  --------------------------------------------------------------------------
  clock TX_CLK (rise edge)                                0.00       0.00
  clock network delay (ideal)                             0.00       0.00
  Domain_2_TOP_U1/UART_U0/U0/U4/P_DATA_Hold_reg[1]/CK (DFFRQX2M)
                                                          0.00       0.00 r
  Domain_2_TOP_U1/UART_U0/U0/U4/P_DATA_Hold_reg[1]/Q (DFFRQX2M)
                                                          0.37       0.37 r
  Domain_2_TOP_U1/UART_U0/U0/U4/U8/Y (AO2B2X2M)           0.13       0.50 r
  Domain_2_TOP_U1/UART_U0/U0/U4/P_DATA_Hold_reg[1]/D (DFFRQX2M)
                                                          0.00       0.50 r
  data arrival time                                                  0.50

  clock TX_CLK (rise edge)                                0.00       0.00
  clock network delay (ideal)                             0.00       0.00
  Domain_2_TOP_U1/UART_U0/U0/U4/P_DATA_Hold_reg[1]/CK (DFFRQX2M)
                                                          0.00       0.00 r
  library hold time                                      -0.17      -0.17
  data required time                                                -0.17
  --------------------------------------------------------------------------
  data required time                                                -0.17
  data arrival time                                                 -0.50
  --------------------------------------------------------------------------
  slack (MET)                                                        0.67


  Startpoint: Domain_2_TOP_U1/UART_U0/U0/U4/P_DATA_Hold_reg[4]
              (rising edge-triggered flip-flop clocked by TX_CLK)
  Endpoint: Domain_2_TOP_U1/UART_U0/U0/U4/P_DATA_Hold_reg[4]
            (rising edge-triggered flip-flop clocked by TX_CLK)
  Path Group: TX_CLK
  Path Type: min

  Point                                                   Incr       Path
  --------------------------------------------------------------------------
  clock TX_CLK (rise edge)                                0.00       0.00
  clock network delay (ideal)                             0.00       0.00
  Domain_2_TOP_U1/UART_U0/U0/U4/P_DATA_Hold_reg[4]/CK (DFFRQX2M)
                                                          0.00       0.00 r
  Domain_2_TOP_U1/UART_U0/U0/U4/P_DATA_Hold_reg[4]/Q (DFFRQX2M)
                                                          0.37       0.37 r
  Domain_2_TOP_U1/UART_U0/U0/U4/U11/Y (AO2B2X2M)          0.13       0.50 r
  Domain_2_TOP_U1/UART_U0/U0/U4/P_DATA_Hold_reg[4]/D (DFFRQX2M)
                                                          0.00       0.50 r
  data arrival time                                                  0.50

  clock TX_CLK (rise edge)                                0.00       0.00
  clock network delay (ideal)                             0.00       0.00
  Domain_2_TOP_U1/UART_U0/U0/U4/P_DATA_Hold_reg[4]/CK (DFFRQX2M)
                                                          0.00       0.00 r
  library hold time                                      -0.17      -0.17
  data required time                                                -0.17
  --------------------------------------------------------------------------
  data required time                                                -0.17
  data arrival time                                                 -0.50
  --------------------------------------------------------------------------
  slack (MET)                                                        0.67


  Startpoint: Domain_2_TOP_U1/UART_U0/U0/U4/P_DATA_Hold_reg[0]
              (rising edge-triggered flip-flop clocked by TX_CLK)
  Endpoint: Domain_2_TOP_U1/UART_U0/U0/U4/P_DATA_Hold_reg[0]
            (rising edge-triggered flip-flop clocked by TX_CLK)
  Path Group: TX_CLK
  Path Type: min

  Point                                                   Incr       Path
  --------------------------------------------------------------------------
  clock TX_CLK (rise edge)                                0.00       0.00
  clock network delay (ideal)                             0.00       0.00
  Domain_2_TOP_U1/UART_U0/U0/U4/P_DATA_Hold_reg[0]/CK (DFFRQX2M)
                                                          0.00       0.00 r
  Domain_2_TOP_U1/UART_U0/U0/U4/P_DATA_Hold_reg[0]/Q (DFFRQX2M)
                                                          0.37       0.37 r
  Domain_2_TOP_U1/UART_U0/U0/U4/U7/Y (AO2B2X2M)           0.13       0.50 r
  Domain_2_TOP_U1/UART_U0/U0/U4/P_DATA_Hold_reg[0]/D (DFFRQX2M)
                                                          0.00       0.50 r
  data arrival time                                                  0.50

  clock TX_CLK (rise edge)                                0.00       0.00
  clock network delay (ideal)                             0.00       0.00
  Domain_2_TOP_U1/UART_U0/U0/U4/P_DATA_Hold_reg[0]/CK (DFFRQX2M)
                                                          0.00       0.00 r
  library hold time                                      -0.17      -0.17
  data required time                                                -0.17
  --------------------------------------------------------------------------
  data required time                                                -0.17
  data arrival time                                                 -0.50
  --------------------------------------------------------------------------
  slack (MET)                                                        0.67


  Startpoint: Domain_2_TOP_U1/UART_U0/U0/U2/ser_done_reg
              (rising edge-triggered flip-flop clocked by TX_CLK)
  Endpoint: Domain_2_TOP_U1/UART_U0/U0/U1/cur_state_reg[2]
            (rising edge-triggered flip-flop clocked by TX_CLK)
  Path Group: TX_CLK
  Path Type: min

  Point                                                   Incr       Path
  --------------------------------------------------------------------------
  clock TX_CLK (rise edge)                                0.00       0.00
  clock network delay (ideal)                             0.00       0.00
  Domain_2_TOP_U1/UART_U0/U0/U2/ser_done_reg/CK (DFFRQX2M)
                                                          0.00       0.00 r
  Domain_2_TOP_U1/UART_U0/U0/U2/ser_done_reg/Q (DFFRQX2M)
                                                          0.47       0.47 f
  Domain_2_TOP_U1/UART_U0/U0/U2/ser_done (serializer_TX)
                                                          0.00       0.47 f
  Domain_2_TOP_U1/UART_U0/U0/U1/ser_done (FSM_TX)         0.00       0.47 f
  Domain_2_TOP_U1/UART_U0/U0/U1/U13/Y (OAI2B1X2M)         0.17       0.65 f
  Domain_2_TOP_U1/UART_U0/U0/U1/cur_state_reg[2]/D (DFFRQX2M)
                                                          0.00       0.65 f
  data arrival time                                                  0.65

  clock TX_CLK (rise edge)                                0.00       0.00
  clock network delay (ideal)                             0.00       0.00
  Domain_2_TOP_U1/UART_U0/U0/U1/cur_state_reg[2]/CK (DFFRQX2M)
                                                          0.00       0.00 r
  library hold time                                      -0.02      -0.02
  data required time                                                -0.02
  --------------------------------------------------------------------------
  data required time                                                -0.02
  data arrival time                                                 -0.65
  --------------------------------------------------------------------------
  slack (MET)                                                        0.67


  Startpoint: Domain_2_TOP_U1/UART_U0/U0/U2/Counter_reg[0]
              (rising edge-triggered flip-flop clocked by TX_CLK)
  Endpoint: Domain_2_TOP_U1/UART_U0/U0/U2/Counter_reg[3]
            (rising edge-triggered flip-flop clocked by TX_CLK)
  Path Group: TX_CLK
  Path Type: min

  Point                                                   Incr       Path
  --------------------------------------------------------------------------
  clock TX_CLK (rise edge)                                0.00       0.00
  clock network delay (ideal)                             0.00       0.00
  Domain_2_TOP_U1/UART_U0/U0/U2/Counter_reg[0]/CK (DFFRQX2M)
                                                          0.00       0.00 r
  Domain_2_TOP_U1/UART_U0/U0/U2/Counter_reg[0]/Q (DFFRQX2M)
                                                          0.42       0.42 r
  Domain_2_TOP_U1/UART_U0/U0/U2/U34/Y (NOR2X2M)           0.07       0.49 f
  Domain_2_TOP_U1/UART_U0/U0/U2/U12/Y (AOI21X2M)          0.09       0.58 r
  Domain_2_TOP_U1/UART_U0/U0/U2/U30/Y (OAI2B2X1M)         0.07       0.65 f
  Domain_2_TOP_U1/UART_U0/U0/U2/Counter_reg[3]/D (DFFRQX2M)
                                                          0.00       0.65 f
  data arrival time                                                  0.65

  clock TX_CLK (rise edge)                                0.00       0.00
  clock network delay (ideal)                             0.00       0.00
  Domain_2_TOP_U1/UART_U0/U0/U2/Counter_reg[3]/CK (DFFRQX2M)
                                                          0.00       0.00 r
  library hold time                                      -0.03      -0.03
  data required time                                                -0.03
  --------------------------------------------------------------------------
  data required time                                                -0.03
  data arrival time                                                 -0.65
  --------------------------------------------------------------------------
  slack (MET)                                                        0.67


  Startpoint: Domain_2_TOP_U1/UART_U0/U0/U2/Counter_Done_reg
              (rising edge-triggered flip-flop clocked by TX_CLK)
  Endpoint: Domain_2_TOP_U1/UART_U0/U0/U2/Counter_Done_reg
            (rising edge-triggered flip-flop clocked by TX_CLK)
  Path Group: TX_CLK
  Path Type: min

  Point                                                   Incr       Path
  --------------------------------------------------------------------------
  clock TX_CLK (rise edge)                                0.00       0.00
  clock network delay (ideal)                             0.00       0.00
  Domain_2_TOP_U1/UART_U0/U0/U2/Counter_Done_reg/CK (DFFRQX2M)
                                                          0.00       0.00 r
  Domain_2_TOP_U1/UART_U0/U0/U2/Counter_Done_reg/Q (DFFRQX2M)
                                                          0.36       0.36 r
  Domain_2_TOP_U1/UART_U0/U0/U2/U32/Y (OAI2BB2X1M)        0.14       0.50 r
  Domain_2_TOP_U1/UART_U0/U0/U2/Counter_Done_reg/D (DFFRQX2M)
                                                          0.00       0.50 r
  data arrival time                                                  0.50

  clock TX_CLK (rise edge)                                0.00       0.00
  clock network delay (ideal)                             0.00       0.00
  Domain_2_TOP_U1/UART_U0/U0/U2/Counter_Done_reg/CK (DFFRQX2M)
                                                          0.00       0.00 r
  library hold time                                      -0.17      -0.17
  data required time                                                -0.17
  --------------------------------------------------------------------------
  data required time                                                -0.17
  data arrival time                                                 -0.50
  --------------------------------------------------------------------------
  slack (MET)                                                        0.67


  Startpoint: Domain_2_TOP_U1/UART_U0/U0/U4/P_DATA_Hold_reg[7]
              (rising edge-triggered flip-flop clocked by TX_CLK)
  Endpoint: Domain_2_TOP_U1/UART_U0/U0/U4/P_DATA_Hold_reg[7]
            (rising edge-triggered flip-flop clocked by TX_CLK)
  Path Group: TX_CLK
  Path Type: min

  Point                                                   Incr       Path
  --------------------------------------------------------------------------
  clock TX_CLK (rise edge)                                0.00       0.00
  clock network delay (ideal)                             0.00       0.00
  Domain_2_TOP_U1/UART_U0/U0/U4/P_DATA_Hold_reg[7]/CK (DFFRQX2M)
                                                          0.00       0.00 r
  Domain_2_TOP_U1/UART_U0/U0/U4/P_DATA_Hold_reg[7]/Q (DFFRQX2M)
                                                          0.38       0.38 r
  Domain_2_TOP_U1/UART_U0/U0/U4/U14/Y (AO2B2X2M)          0.13       0.51 r
  Domain_2_TOP_U1/UART_U0/U0/U4/P_DATA_Hold_reg[7]/D (DFFRQX2M)
                                                          0.00       0.51 r
  data arrival time                                                  0.51

  clock TX_CLK (rise edge)                                0.00       0.00
  clock network delay (ideal)                             0.00       0.00
  Domain_2_TOP_U1/UART_U0/U0/U4/P_DATA_Hold_reg[7]/CK (DFFRQX2M)
                                                          0.00       0.00 r
  library hold time                                      -0.17      -0.17
  data required time                                                -0.17
  --------------------------------------------------------------------------
  data required time                                                -0.17
  data arrival time                                                 -0.51
  --------------------------------------------------------------------------
  slack (MET)                                                        0.68


  Startpoint: Domain_2_TOP_U1/UART_U0/U0/U4/P_DATA_Hold_reg[3]
              (rising edge-triggered flip-flop clocked by TX_CLK)
  Endpoint: Domain_2_TOP_U1/UART_U0/U0/U4/P_DATA_Hold_reg[3]
            (rising edge-triggered flip-flop clocked by TX_CLK)
  Path Group: TX_CLK
  Path Type: min

  Point                                                   Incr       Path
  --------------------------------------------------------------------------
  clock TX_CLK (rise edge)                                0.00       0.00
  clock network delay (ideal)                             0.00       0.00
  Domain_2_TOP_U1/UART_U0/U0/U4/P_DATA_Hold_reg[3]/CK (DFFRQX2M)
                                                          0.00       0.00 r
  Domain_2_TOP_U1/UART_U0/U0/U4/P_DATA_Hold_reg[3]/Q (DFFRQX2M)
                                                          0.38       0.38 r
  Domain_2_TOP_U1/UART_U0/U0/U4/U10/Y (AO2B2X2M)          0.13       0.51 r
  Domain_2_TOP_U1/UART_U0/U0/U4/P_DATA_Hold_reg[3]/D (DFFRQX2M)
                                                          0.00       0.51 r
  data arrival time                                                  0.51

  clock TX_CLK (rise edge)                                0.00       0.00
  clock network delay (ideal)                             0.00       0.00
  Domain_2_TOP_U1/UART_U0/U0/U4/P_DATA_Hold_reg[3]/CK (DFFRQX2M)
                                                          0.00       0.00 r
  library hold time                                      -0.17      -0.17
  data required time                                                -0.17
  --------------------------------------------------------------------------
  data required time                                                -0.17
  data arrival time                                                 -0.51
  --------------------------------------------------------------------------
  slack (MET)                                                        0.68


  Startpoint: Domain_2_TOP_U1/UART_U0/U0/U2/ser_done_reg
              (rising edge-triggered flip-flop clocked by TX_CLK)
  Endpoint: Domain_2_TOP_U1/UART_U0/U0/U2/ser_done_reg
            (rising edge-triggered flip-flop clocked by TX_CLK)
  Path Group: TX_CLK
  Path Type: min

  Point                                                   Incr       Path
  --------------------------------------------------------------------------
  clock TX_CLK (rise edge)                                0.00       0.00
  clock network delay (ideal)                             0.00       0.00
  Domain_2_TOP_U1/UART_U0/U0/U2/ser_done_reg/CK (DFFRQX2M)
                                                          0.00       0.00 r
  Domain_2_TOP_U1/UART_U0/U0/U2/ser_done_reg/Q (DFFRQX2M)
                                                          0.38       0.38 r
  Domain_2_TOP_U1/UART_U0/U0/U2/U33/Y (OAI2BB2X1M)        0.15       0.53 r
  Domain_2_TOP_U1/UART_U0/U0/U2/ser_done_reg/D (DFFRQX2M)
                                                          0.00       0.53 r
  data arrival time                                                  0.53

  clock TX_CLK (rise edge)                                0.00       0.00
  clock network delay (ideal)                             0.00       0.00
  Domain_2_TOP_U1/UART_U0/U0/U2/ser_done_reg/CK (DFFRQX2M)
                                                          0.00       0.00 r
  library hold time                                      -0.17      -0.17
  data required time                                                -0.17
  --------------------------------------------------------------------------
  data required time                                                -0.17
  data arrival time                                                 -0.53
  --------------------------------------------------------------------------
  slack (MET)                                                        0.70


  Startpoint: Domain_2_TOP_U1/UART_U0/U0/U1/cur_state_reg[0]
              (rising edge-triggered flip-flop clocked by TX_CLK)
  Endpoint: Domain_2_TOP_U1/UART_U0/U0/U1/cur_state_reg[1]
            (rising edge-triggered flip-flop clocked by TX_CLK)
  Path Group: TX_CLK
  Path Type: min

  Point                                                   Incr       Path
  --------------------------------------------------------------------------
  clock TX_CLK (rise edge)                                0.00       0.00
  clock network delay (ideal)                             0.00       0.00
  Domain_2_TOP_U1/UART_U0/U0/U1/cur_state_reg[0]/CK (DFFRQX2M)
                                                          0.00       0.00 r
  Domain_2_TOP_U1/UART_U0/U0/U1/cur_state_reg[0]/Q (DFFRQX2M)
                                                          0.43       0.43 r
  Domain_2_TOP_U1/UART_U0/U0/U1/U12/Y (NAND2BX2M)         0.19       0.62 r
  Domain_2_TOP_U1/UART_U0/U0/U1/U7/Y (NAND2BX2M)          0.08       0.70 f
  Domain_2_TOP_U1/UART_U0/U0/U1/cur_state_reg[1]/D (DFFRQX2M)
                                                          0.00       0.70 f
  data arrival time                                                  0.70

  clock TX_CLK (rise edge)                                0.00       0.00
  clock network delay (ideal)                             0.00       0.00
  Domain_2_TOP_U1/UART_U0/U0/U1/cur_state_reg[1]/CK (DFFRQX2M)
                                                          0.00       0.00 r
  library hold time                                      -0.03      -0.03
  data required time                                                -0.03
  --------------------------------------------------------------------------
  data required time                                                -0.03
  data arrival time                                                 -0.70
  --------------------------------------------------------------------------
  slack (MET)                                                        0.73


  Startpoint: ASYNC_FIFO_U5/U3/rptr_bi_reg[1]
              (rising edge-triggered flip-flop clocked by TX_CLK)
  Endpoint: ASYNC_FIFO_U5/U3/rptr_bi_reg[1]
            (rising edge-triggered flip-flop clocked by TX_CLK)
  Path Group: TX_CLK
  Path Type: min

  Point                                                   Incr       Path
  --------------------------------------------------------------------------
  clock TX_CLK (rise edge)                                0.00       0.00
  clock network delay (ideal)                             0.00       0.00
  ASYNC_FIFO_U5/U3/rptr_bi_reg[1]/CK (DFFRQX2M)           0.00       0.00 r
  ASYNC_FIFO_U5/U3/rptr_bi_reg[1]/Q (DFFRQX2M)            0.48       0.48 r
  ASYNC_FIFO_U5/U3/U24/Y (CLKXOR2X2M)                     0.23       0.71 f
  ASYNC_FIFO_U5/U3/rptr_bi_reg[1]/D (DFFRQX2M)            0.00       0.71 f
  data arrival time                                                  0.71

  clock TX_CLK (rise edge)                                0.00       0.00
  clock network delay (ideal)                             0.00       0.00
  ASYNC_FIFO_U5/U3/rptr_bi_reg[1]/CK (DFFRQX2M)           0.00       0.00 r
  library hold time                                      -0.03      -0.03
  data required time                                                -0.03
  --------------------------------------------------------------------------
  data required time                                                -0.03
  data arrival time                                                 -0.71
  --------------------------------------------------------------------------
  slack (MET)                                                        0.74


  Startpoint: Domain_2_TOP_U1/UART_U0/U0/U1/cur_state_reg[1]
              (rising edge-triggered flip-flop clocked by TX_CLK)
  Endpoint: Domain_2_TOP_U1/PULSE_GEN_U3/LVL_SIG_OLD_reg
            (rising edge-triggered flip-flop clocked by TX_CLK)
  Path Group: TX_CLK
  Path Type: min

  Point                                                   Incr       Path
  --------------------------------------------------------------------------
  clock TX_CLK (rise edge)                                0.00       0.00
  clock network delay (ideal)                             0.00       0.00
  Domain_2_TOP_U1/UART_U0/U0/U1/cur_state_reg[1]/CK (DFFRQX2M)
                                                          0.00       0.00 r
  Domain_2_TOP_U1/UART_U0/U0/U1/cur_state_reg[1]/Q (DFFRQX2M)
                                                          0.47       0.47 f
  Domain_2_TOP_U1/UART_U0/U0/U1/U11/Y (INVX2M)            0.09       0.57 r
  Domain_2_TOP_U1/UART_U0/U0/U1/U5/Y (NOR2X2M)            0.06       0.63 f
  Domain_2_TOP_U1/UART_U0/U0/U1/U3/Y (OR2X2M)             0.16       0.79 f
  Domain_2_TOP_U1/UART_U0/U0/U1/busy (FSM_TX)             0.00       0.79 f
  Domain_2_TOP_U1/UART_U0/U0/busy (Top_TX)                0.00       0.79 f
  Domain_2_TOP_U1/UART_U0/busy (UART_TOP)                 0.00       0.79 f
  Domain_2_TOP_U1/PULSE_GEN_U3/LVL_SIG (PULSE_GEN)        0.00       0.79 f
  Domain_2_TOP_U1/PULSE_GEN_U3/LVL_SIG_OLD_reg/D (DFFRQX2M)
                                                          0.00       0.79 f
  data arrival time                                                  0.79

  clock TX_CLK (rise edge)                                0.00       0.00
  clock network delay (ideal)                             0.00       0.00
  Domain_2_TOP_U1/PULSE_GEN_U3/LVL_SIG_OLD_reg/CK (DFFRQX2M)
                                                          0.00       0.00 r
  library hold time                                      -0.03      -0.03
  data required time                                                -0.03
  --------------------------------------------------------------------------
  data required time                                                -0.03
  data arrival time                                                 -0.79
  --------------------------------------------------------------------------
  slack (MET)                                                        0.82


  Startpoint: Domain_2_TOP_U1/UART_U0/U0/U4/P_DATA_Hold_reg[0]
              (rising edge-triggered flip-flop clocked by TX_CLK)
  Endpoint: Domain_2_TOP_U1/UART_U0/U0/U4/par_bit_reg
            (rising edge-triggered flip-flop clocked by TX_CLK)
  Path Group: TX_CLK
  Path Type: min

  Point                                                   Incr       Path
  --------------------------------------------------------------------------
  clock TX_CLK (rise edge)                                0.00       0.00
  clock network delay (ideal)                             0.00       0.00
  Domain_2_TOP_U1/UART_U0/U0/U4/P_DATA_Hold_reg[0]/CK (DFFRQX2M)
                                                          0.00       0.00 r
  Domain_2_TOP_U1/UART_U0/U0/U4/P_DATA_Hold_reg[0]/Q (DFFRQX2M)
                                                          0.37       0.37 r
  Domain_2_TOP_U1/UART_U0/U0/U4/U5/Y (XOR3XLM)            0.22       0.59 r
  Domain_2_TOP_U1/UART_U0/U0/U4/U3/Y (XOR3XLM)            0.31       0.90 f
  Domain_2_TOP_U1/UART_U0/U0/U4/par_bit_reg/D (DFFRQX2M)
                                                          0.00       0.90 f
  data arrival time                                                  0.90

  clock TX_CLK (rise edge)                                0.00       0.00
  clock network delay (ideal)                             0.00       0.00
  Domain_2_TOP_U1/UART_U0/U0/U4/par_bit_reg/CK (DFFRQX2M)
                                                          0.00       0.00 r
  library hold time                                      -0.03      -0.03
  data required time                                                -0.03
  --------------------------------------------------------------------------
  data required time                                                -0.03
  data arrival time                                                 -0.90
  --------------------------------------------------------------------------
  slack (MET)                                                        0.93


  Startpoint: RST_SYNC_U4/stage_reg[1]
              (rising edge-triggered flip-flop clocked by UART_CLK)
  Endpoint: RST_SYNC_U4/SYNC_RST_reg
            (rising edge-triggered flip-flop clocked by UART_CLK)
  Path Group: UART_CLK
  Path Type: min

  Point                                                   Incr       Path
  --------------------------------------------------------------------------
  clock UART_CLK (rise edge)                              0.00       0.00
  clock network delay (ideal)                             0.00       0.00
  RST_SYNC_U4/stage_reg[1]/CK (DFFRQX2M)                  0.00       0.00 r
  RST_SYNC_U4/stage_reg[1]/Q (DFFRQX2M)                   0.46       0.46 f
  RST_SYNC_U4/SYNC_RST_reg/D (DFFRQX2M)                   0.00       0.46 f
  data arrival time                                                  0.46

  clock UART_CLK (rise edge)                              0.00       0.00
  clock network delay (ideal)                             0.00       0.00
  clock uncertainty                                       0.10       0.10
  RST_SYNC_U4/SYNC_RST_reg/CK (DFFRQX2M)                  0.00       0.10 r
  library hold time                                      -0.02       0.08
  data required time                                                 0.08
  --------------------------------------------------------------------------
  data required time                                                 0.08
  data arrival time                                                 -0.46
  --------------------------------------------------------------------------
  slack (MET)                                                        0.38


  Startpoint: RST_SYNC_U4/stage_reg[0]/CK
              (internal path startpoint clocked by UART_CLK)
  Endpoint: RST_SYNC_U4/stage_reg[1]
            (rising edge-triggered flip-flop clocked by UART_CLK)
  Path Group: UART_CLK
  Path Type: min

  Point                                                   Incr       Path
  --------------------------------------------------------------------------
  clock UART_CLK (rise edge)                              0.00       0.00
  clock network delay (ideal)                             0.00       0.00
  input external delay                                    0.00       0.00 r
  RST_SYNC_U4/stage_reg[0]/CK (DFFRQX2M)                  0.00       0.00 r
  RST_SYNC_U4/stage_reg[0]/Q (DFFRQX2M)                   0.46       0.46 f
  RST_SYNC_U4/stage_reg[1]/D (DFFRQX2M)                   0.00       0.46 f
  data arrival time                                                  0.46

  clock UART_CLK (rise edge)                              0.00       0.00
  clock network delay (ideal)                             0.00       0.00
  clock uncertainty                                       0.10       0.10
  RST_SYNC_U4/stage_reg[1]/CK (DFFRQX2M)                  0.00       0.10 r
  library hold time                                      -0.02       0.08
  data required time                                                 0.08
  --------------------------------------------------------------------------
  data required time                                                 0.08
  data arrival time                                                 -0.46
  --------------------------------------------------------------------------
  slack (MET)                                                        0.38


  Startpoint: Domain_2_TOP_U1/ClkDiv_U1_TX/div_clk_reg
              (rising edge-triggered flip-flop clocked by UART_CLK)
  Endpoint: Domain_2_TOP_U1/ClkDiv_U1_TX/div_clk_reg
            (rising edge-triggered flip-flop clocked by UART_CLK)
  Path Group: UART_CLK
  Path Type: min

  Point                                                   Incr       Path
  --------------------------------------------------------------------------
  clock UART_CLK (rise edge)                              0.00       0.00
  clock network delay (ideal)                             0.00       0.00
  Domain_2_TOP_U1/ClkDiv_U1_TX/div_clk_reg/CK (DFFRQX2M)
                                                          0.00       0.00 r
  Domain_2_TOP_U1/ClkDiv_U1_TX/div_clk_reg/Q (DFFRQX2M)
                                                          0.39       0.39 r
  Domain_2_TOP_U1/ClkDiv_U1_TX/U45/Y (CLKXOR2X2M)         0.20       0.59 f
  Domain_2_TOP_U1/ClkDiv_U1_TX/div_clk_reg/D (DFFRQX2M)
                                                          0.00       0.59 f
  data arrival time                                                  0.59

  clock UART_CLK (rise edge)                              0.00       0.00
  clock network delay (ideal)                             0.00       0.00
  clock uncertainty                                       0.10       0.10
  Domain_2_TOP_U1/ClkDiv_U1_TX/div_clk_reg/CK (DFFRQX2M)
                                                          0.00       0.10 r
  library hold time                                      -0.02       0.08
  data required time                                                 0.08
  --------------------------------------------------------------------------
  data required time                                                 0.08
  data arrival time                                                 -0.59
  --------------------------------------------------------------------------
  slack (MET)                                                        0.51


  Startpoint: Domain_2_TOP_U1/ClkDiv_U2_RX/div_clk_reg
              (rising edge-triggered flip-flop clocked by UART_CLK)
  Endpoint: Domain_2_TOP_U1/ClkDiv_U2_RX/div_clk_reg
            (rising edge-triggered flip-flop clocked by UART_CLK)
  Path Group: UART_CLK
  Path Type: min

  Point                                                   Incr       Path
  --------------------------------------------------------------------------
  clock UART_CLK (rise edge)                              0.00       0.00
  clock network delay (ideal)                             0.00       0.00
  Domain_2_TOP_U1/ClkDiv_U2_RX/div_clk_reg/CK (DFFRQX2M)
                                                          0.00       0.00 r
  Domain_2_TOP_U1/ClkDiv_U2_RX/div_clk_reg/Q (DFFRQX2M)
                                                          0.49       0.49 f
  Domain_2_TOP_U1/ClkDiv_U2_RX/U45/Y (CLKXOR2X2M)         0.16       0.64 f
  Domain_2_TOP_U1/ClkDiv_U2_RX/div_clk_reg/D (DFFRQX2M)
                                                          0.00       0.64 f
  data arrival time                                                  0.64

  clock UART_CLK (rise edge)                              0.00       0.00
  clock network delay (ideal)                             0.00       0.00
  clock uncertainty                                       0.10       0.10
  Domain_2_TOP_U1/ClkDiv_U2_RX/div_clk_reg/CK (DFFRQX2M)
                                                          0.00       0.10 r
  library hold time                                      -0.02       0.08
  data required time                                                 0.08
  --------------------------------------------------------------------------
  data required time                                                 0.08
  data arrival time                                                 -0.64
  --------------------------------------------------------------------------
  slack (MET)                                                        0.56


  Startpoint: Domain_2_TOP_U1/ClkDiv_U1_TX/duty_reg
              (rising edge-triggered flip-flop clocked by UART_CLK)
  Endpoint: Domain_2_TOP_U1/ClkDiv_U1_TX/duty_reg
            (rising edge-triggered flip-flop clocked by UART_CLK)
  Path Group: UART_CLK
  Path Type: min

  Point                                                   Incr       Path
  --------------------------------------------------------------------------
  clock UART_CLK (rise edge)                              0.00       0.00
  clock network delay (ideal)                             0.00       0.00
  Domain_2_TOP_U1/ClkDiv_U1_TX/duty_reg/CK (DFFRQX2M)     0.00       0.00 r
  Domain_2_TOP_U1/ClkDiv_U1_TX/duty_reg/Q (DFFRQX2M)      0.48       0.48 f
  Domain_2_TOP_U1/ClkDiv_U1_TX/U33/Y (MXI2X1M)            0.15       0.63 f
  Domain_2_TOP_U1/ClkDiv_U1_TX/duty_reg/D (DFFRQX2M)      0.00       0.63 f
  data arrival time                                                  0.63

  clock UART_CLK (rise edge)                              0.00       0.00
  clock network delay (ideal)                             0.00       0.00
  clock uncertainty                                       0.10       0.10
  Domain_2_TOP_U1/ClkDiv_U1_TX/duty_reg/CK (DFFRQX2M)     0.00       0.10 r
  library hold time                                      -0.03       0.07
  data required time                                                 0.07
  --------------------------------------------------------------------------
  data required time                                                 0.07
  data arrival time                                                 -0.63
  --------------------------------------------------------------------------
  slack (MET)                                                        0.57


  Startpoint: Domain_2_TOP_U1/ClkDiv_U2_RX/duty_reg
              (rising edge-triggered flip-flop clocked by UART_CLK)
  Endpoint: Domain_2_TOP_U1/ClkDiv_U2_RX/duty_reg
            (rising edge-triggered flip-flop clocked by UART_CLK)
  Path Group: UART_CLK
  Path Type: min

  Point                                                   Incr       Path
  --------------------------------------------------------------------------
  clock UART_CLK (rise edge)                              0.00       0.00
  clock network delay (ideal)                             0.00       0.00
  Domain_2_TOP_U1/ClkDiv_U2_RX/duty_reg/CK (DFFRQX2M)     0.00       0.00 r
  Domain_2_TOP_U1/ClkDiv_U2_RX/duty_reg/Q (DFFRQX2M)      0.48       0.48 f
  Domain_2_TOP_U1/ClkDiv_U2_RX/U33/Y (MXI2X1M)            0.15       0.63 f
  Domain_2_TOP_U1/ClkDiv_U2_RX/duty_reg/D (DFFRQX2M)      0.00       0.63 f
  data arrival time                                                  0.63

  clock UART_CLK (rise edge)                              0.00       0.00
  clock network delay (ideal)                             0.00       0.00
  clock uncertainty                                       0.10       0.10
  Domain_2_TOP_U1/ClkDiv_U2_RX/duty_reg/CK (DFFRQX2M)     0.00       0.10 r
  library hold time                                      -0.03       0.07
  data required time                                                 0.07
  --------------------------------------------------------------------------
  data required time                                                 0.07
  data arrival time                                                 -0.63
  --------------------------------------------------------------------------
  slack (MET)                                                        0.57


  Startpoint: Domain_2_TOP_U1/ClkDiv_U2_RX/counter_reg[7]
              (rising edge-triggered flip-flop clocked by UART_CLK)
  Endpoint: Domain_2_TOP_U1/ClkDiv_U2_RX/counter_reg[7]
            (rising edge-triggered flip-flop clocked by UART_CLK)
  Path Group: UART_CLK
  Path Type: min

  Point                                                   Incr       Path
  --------------------------------------------------------------------------
  clock UART_CLK (rise edge)                              0.00       0.00
  clock network delay (ideal)                             0.00       0.00
  Domain_2_TOP_U1/ClkDiv_U2_RX/counter_reg[7]/CK (DFFRQX2M)
                                                          0.00       0.00 r
  Domain_2_TOP_U1/ClkDiv_U2_RX/counter_reg[7]/Q (DFFRQX2M)
                                                          0.47       0.47 f
  Domain_2_TOP_U1/ClkDiv_U2_RX/U65/Y (CLKINVX1M)          0.12       0.59 r
  Domain_2_TOP_U1/ClkDiv_U2_RX/U43/Y (OAI2BB2X1M)         0.11       0.70 f
  Domain_2_TOP_U1/ClkDiv_U2_RX/counter_reg[7]/D (DFFRQX2M)
                                                          0.00       0.70 f
  data arrival time                                                  0.70

  clock UART_CLK (rise edge)                              0.00       0.00
  clock network delay (ideal)                             0.00       0.00
  clock uncertainty                                       0.10       0.10
  Domain_2_TOP_U1/ClkDiv_U2_RX/counter_reg[7]/CK (DFFRQX2M)
                                                          0.00       0.10 r
  library hold time                                      -0.02       0.08
  data required time                                                 0.08
  --------------------------------------------------------------------------
  data required time                                                 0.08
  data arrival time                                                 -0.70
  --------------------------------------------------------------------------
  slack (MET)                                                        0.62


  Startpoint: Domain_2_TOP_U1/ClkDiv_U2_RX/counter_reg[1]
              (rising edge-triggered flip-flop clocked by UART_CLK)
  Endpoint: Domain_2_TOP_U1/ClkDiv_U2_RX/counter_reg[1]
            (rising edge-triggered flip-flop clocked by UART_CLK)
  Path Group: UART_CLK
  Path Type: min

  Point                                                   Incr       Path
  --------------------------------------------------------------------------
  clock UART_CLK (rise edge)                              0.00       0.00
  clock network delay (ideal)                             0.00       0.00
  Domain_2_TOP_U1/ClkDiv_U2_RX/counter_reg[1]/CK (DFFRQX2M)
                                                          0.00       0.00 r
  Domain_2_TOP_U1/ClkDiv_U2_RX/counter_reg[1]/Q (DFFRQX2M)
                                                          0.41       0.41 r
  Domain_2_TOP_U1/ClkDiv_U2_RX/U37/Y (AO22X1M)            0.15       0.56 r
  Domain_2_TOP_U1/ClkDiv_U2_RX/counter_reg[1]/D (DFFRQX2M)
                                                          0.00       0.56 r
  data arrival time                                                  0.56

  clock UART_CLK (rise edge)                              0.00       0.00
  clock network delay (ideal)                             0.00       0.00
  clock uncertainty                                       0.10       0.10
  Domain_2_TOP_U1/ClkDiv_U2_RX/counter_reg[1]/CK (DFFRQX2M)
                                                          0.00       0.10 r
  library hold time                                      -0.17      -0.07
  data required time                                                -0.07
  --------------------------------------------------------------------------
  data required time                                                -0.07
  data arrival time                                                 -0.56
  --------------------------------------------------------------------------
  slack (MET)                                                        0.63


  Startpoint: Domain_2_TOP_U1/ClkDiv_U2_RX/counter_reg[2]
              (rising edge-triggered flip-flop clocked by UART_CLK)
  Endpoint: Domain_2_TOP_U1/ClkDiv_U2_RX/counter_reg[2]
            (rising edge-triggered flip-flop clocked by UART_CLK)
  Path Group: UART_CLK
  Path Type: min

  Point                                                   Incr       Path
  --------------------------------------------------------------------------
  clock UART_CLK (rise edge)                              0.00       0.00
  clock network delay (ideal)                             0.00       0.00
  Domain_2_TOP_U1/ClkDiv_U2_RX/counter_reg[2]/CK (DFFRQX2M)
                                                          0.00       0.00 r
  Domain_2_TOP_U1/ClkDiv_U2_RX/counter_reg[2]/Q (DFFRQX2M)
                                                          0.41       0.41 r
  Domain_2_TOP_U1/ClkDiv_U2_RX/U38/Y (AO22X1M)            0.15       0.56 r
  Domain_2_TOP_U1/ClkDiv_U2_RX/counter_reg[2]/D (DFFRQX2M)
                                                          0.00       0.56 r
  data arrival time                                                  0.56

  clock UART_CLK (rise edge)                              0.00       0.00
  clock network delay (ideal)                             0.00       0.00
  clock uncertainty                                       0.10       0.10
  Domain_2_TOP_U1/ClkDiv_U2_RX/counter_reg[2]/CK (DFFRQX2M)
                                                          0.00       0.10 r
  library hold time                                      -0.17      -0.07
  data required time                                                -0.07
  --------------------------------------------------------------------------
  data required time                                                -0.07
  data arrival time                                                 -0.56
  --------------------------------------------------------------------------
  slack (MET)                                                        0.63


  Startpoint: Domain_2_TOP_U1/ClkDiv_U2_RX/counter_reg[3]
              (rising edge-triggered flip-flop clocked by UART_CLK)
  Endpoint: Domain_2_TOP_U1/ClkDiv_U2_RX/counter_reg[3]
            (rising edge-triggered flip-flop clocked by UART_CLK)
  Path Group: UART_CLK
  Path Type: min

  Point                                                   Incr       Path
  --------------------------------------------------------------------------
  clock UART_CLK (rise edge)                              0.00       0.00
  clock network delay (ideal)                             0.00       0.00
  Domain_2_TOP_U1/ClkDiv_U2_RX/counter_reg[3]/CK (DFFRQX2M)
                                                          0.00       0.00 r
  Domain_2_TOP_U1/ClkDiv_U2_RX/counter_reg[3]/Q (DFFRQX2M)
                                                          0.41       0.41 r
  Domain_2_TOP_U1/ClkDiv_U2_RX/U39/Y (AO22X1M)            0.15       0.56 r
  Domain_2_TOP_U1/ClkDiv_U2_RX/counter_reg[3]/D (DFFRQX2M)
                                                          0.00       0.56 r
  data arrival time                                                  0.56

  clock UART_CLK (rise edge)                              0.00       0.00
  clock network delay (ideal)                             0.00       0.00
  clock uncertainty                                       0.10       0.10
  Domain_2_TOP_U1/ClkDiv_U2_RX/counter_reg[3]/CK (DFFRQX2M)
                                                          0.00       0.10 r
  library hold time                                      -0.17      -0.07
  data required time                                                -0.07
  --------------------------------------------------------------------------
  data required time                                                -0.07
  data arrival time                                                 -0.56
  --------------------------------------------------------------------------
  slack (MET)                                                        0.63


  Startpoint: Domain_2_TOP_U1/ClkDiv_U2_RX/counter_reg[4]
              (rising edge-triggered flip-flop clocked by UART_CLK)
  Endpoint: Domain_2_TOP_U1/ClkDiv_U2_RX/counter_reg[4]
            (rising edge-triggered flip-flop clocked by UART_CLK)
  Path Group: UART_CLK
  Path Type: min

  Point                                                   Incr       Path
  --------------------------------------------------------------------------
  clock UART_CLK (rise edge)                              0.00       0.00
  clock network delay (ideal)                             0.00       0.00
  Domain_2_TOP_U1/ClkDiv_U2_RX/counter_reg[4]/CK (DFFRQX2M)
                                                          0.00       0.00 r
  Domain_2_TOP_U1/ClkDiv_U2_RX/counter_reg[4]/Q (DFFRQX2M)
                                                          0.41       0.41 r
  Domain_2_TOP_U1/ClkDiv_U2_RX/U40/Y (AO22X1M)            0.15       0.56 r
  Domain_2_TOP_U1/ClkDiv_U2_RX/counter_reg[4]/D (DFFRQX2M)
                                                          0.00       0.56 r
  data arrival time                                                  0.56

  clock UART_CLK (rise edge)                              0.00       0.00
  clock network delay (ideal)                             0.00       0.00
  clock uncertainty                                       0.10       0.10
  Domain_2_TOP_U1/ClkDiv_U2_RX/counter_reg[4]/CK (DFFRQX2M)
                                                          0.00       0.10 r
  library hold time                                      -0.17      -0.07
  data required time                                                -0.07
  --------------------------------------------------------------------------
  data required time                                                -0.07
  data arrival time                                                 -0.56
  --------------------------------------------------------------------------
  slack (MET)                                                        0.63


  Startpoint: Domain_2_TOP_U1/ClkDiv_U2_RX/counter_reg[5]
              (rising edge-triggered flip-flop clocked by UART_CLK)
  Endpoint: Domain_2_TOP_U1/ClkDiv_U2_RX/counter_reg[5]
            (rising edge-triggered flip-flop clocked by UART_CLK)
  Path Group: UART_CLK
  Path Type: min

  Point                                                   Incr       Path
  --------------------------------------------------------------------------
  clock UART_CLK (rise edge)                              0.00       0.00
  clock network delay (ideal)                             0.00       0.00
  Domain_2_TOP_U1/ClkDiv_U2_RX/counter_reg[5]/CK (DFFRQX2M)
                                                          0.00       0.00 r
  Domain_2_TOP_U1/ClkDiv_U2_RX/counter_reg[5]/Q (DFFRQX2M)
                                                          0.41       0.41 r
  Domain_2_TOP_U1/ClkDiv_U2_RX/U41/Y (AO22X1M)            0.15       0.56 r
  Domain_2_TOP_U1/ClkDiv_U2_RX/counter_reg[5]/D (DFFRQX2M)
                                                          0.00       0.56 r
  data arrival time                                                  0.56

  clock UART_CLK (rise edge)                              0.00       0.00
  clock network delay (ideal)                             0.00       0.00
  clock uncertainty                                       0.10       0.10
  Domain_2_TOP_U1/ClkDiv_U2_RX/counter_reg[5]/CK (DFFRQX2M)
                                                          0.00       0.10 r
  library hold time                                      -0.17      -0.07
  data required time                                                -0.07
  --------------------------------------------------------------------------
  data required time                                                -0.07
  data arrival time                                                 -0.56
  --------------------------------------------------------------------------
  slack (MET)                                                        0.63


  Startpoint: Domain_2_TOP_U1/ClkDiv_U2_RX/counter_reg[6]
              (rising edge-triggered flip-flop clocked by UART_CLK)
  Endpoint: Domain_2_TOP_U1/ClkDiv_U2_RX/counter_reg[6]
            (rising edge-triggered flip-flop clocked by UART_CLK)
  Path Group: UART_CLK
  Path Type: min

  Point                                                   Incr       Path
  --------------------------------------------------------------------------
  clock UART_CLK (rise edge)                              0.00       0.00
  clock network delay (ideal)                             0.00       0.00
  Domain_2_TOP_U1/ClkDiv_U2_RX/counter_reg[6]/CK (DFFRQX2M)
                                                          0.00       0.00 r
  Domain_2_TOP_U1/ClkDiv_U2_RX/counter_reg[6]/Q (DFFRQX2M)
                                                          0.41       0.41 r
  Domain_2_TOP_U1/ClkDiv_U2_RX/U42/Y (AO22X1M)            0.15       0.56 r
  Domain_2_TOP_U1/ClkDiv_U2_RX/counter_reg[6]/D (DFFRQX2M)
                                                          0.00       0.56 r
  data arrival time                                                  0.56

  clock UART_CLK (rise edge)                              0.00       0.00
  clock network delay (ideal)                             0.00       0.00
  clock uncertainty                                       0.10       0.10
  Domain_2_TOP_U1/ClkDiv_U2_RX/counter_reg[6]/CK (DFFRQX2M)
                                                          0.00       0.10 r
  library hold time                                      -0.17      -0.07
  data required time                                                -0.07
  --------------------------------------------------------------------------
  data required time                                                -0.07
  data arrival time                                                 -0.56
  --------------------------------------------------------------------------
  slack (MET)                                                        0.63


  Startpoint: Domain_2_TOP_U1/ClkDiv_U2_RX/counter_reg[0]
              (rising edge-triggered flip-flop clocked by UART_CLK)
  Endpoint: Domain_2_TOP_U1/ClkDiv_U2_RX/counter_reg[0]
            (rising edge-triggered flip-flop clocked by UART_CLK)
  Path Group: UART_CLK
  Path Type: min

  Point                                                   Incr       Path
  --------------------------------------------------------------------------
  clock UART_CLK (rise edge)                              0.00       0.00
  clock network delay (ideal)                             0.00       0.00
  Domain_2_TOP_U1/ClkDiv_U2_RX/counter_reg[0]/CK (DFFRQX2M)
                                                          0.00       0.00 r
  Domain_2_TOP_U1/ClkDiv_U2_RX/counter_reg[0]/Q (DFFRQX2M)
                                                          0.42       0.42 r
  Domain_2_TOP_U1/ClkDiv_U2_RX/U36/Y (AO22X1M)            0.15       0.57 r
  Domain_2_TOP_U1/ClkDiv_U2_RX/counter_reg[0]/D (DFFRQX2M)
                                                          0.00       0.57 r
  data arrival time                                                  0.57

  clock UART_CLK (rise edge)                              0.00       0.00
  clock network delay (ideal)                             0.00       0.00
  clock uncertainty                                       0.10       0.10
  Domain_2_TOP_U1/ClkDiv_U2_RX/counter_reg[0]/CK (DFFRQX2M)
                                                          0.00       0.10 r
  library hold time                                      -0.17      -0.07
  data required time                                                -0.07
  --------------------------------------------------------------------------
  data required time                                                -0.07
  data arrival time                                                 -0.57
  --------------------------------------------------------------------------
  slack (MET)                                                        0.64


  Startpoint: Domain_2_TOP_U1/ClkDiv_U1_TX/counter_reg[0]
              (rising edge-triggered flip-flop clocked by UART_CLK)
  Endpoint: Domain_2_TOP_U1/ClkDiv_U1_TX/counter_reg[1]
            (rising edge-triggered flip-flop clocked by UART_CLK)
  Path Group: UART_CLK
  Path Type: min

  Point                                                   Incr       Path
  --------------------------------------------------------------------------
  clock UART_CLK (rise edge)                              0.00       0.00
  clock network delay (ideal)                             0.00       0.00
  Domain_2_TOP_U1/ClkDiv_U1_TX/counter_reg[0]/CK (DFFRQX2M)
                                                          0.00       0.00 r
  Domain_2_TOP_U1/ClkDiv_U1_TX/counter_reg[0]/Q (DFFRQX2M)
                                                          0.42       0.42 r
  Domain_2_TOP_U1/ClkDiv_U1_TX/add_58/A[0] (ClkDiv_0_DW01_inc_0)
                                                          0.00       0.42 r
  Domain_2_TOP_U1/ClkDiv_U1_TX/add_58/U1_1_1/S (ADDHX1M)
                                                          0.06       0.49 f
  Domain_2_TOP_U1/ClkDiv_U1_TX/add_58/SUM[1] (ClkDiv_0_DW01_inc_0)
                                                          0.00       0.49 f
  Domain_2_TOP_U1/ClkDiv_U1_TX/U37/Y (AO22X1M)            0.29       0.77 f
  Domain_2_TOP_U1/ClkDiv_U1_TX/counter_reg[1]/D (DFFRQX2M)
                                                          0.00       0.77 f
  data arrival time                                                  0.77

  clock UART_CLK (rise edge)                              0.00       0.00
  clock network delay (ideal)                             0.00       0.00
  clock uncertainty                                       0.10       0.10
  Domain_2_TOP_U1/ClkDiv_U1_TX/counter_reg[1]/CK (DFFRQX2M)
                                                          0.00       0.10 r
  library hold time                                      -0.02       0.08
  data required time                                                 0.08
  --------------------------------------------------------------------------
  data required time                                                 0.08
  data arrival time                                                 -0.77
  --------------------------------------------------------------------------
  slack (MET)                                                        0.69


  Startpoint: Domain_2_TOP_U1/ClkDiv_U1_TX/counter_reg[0]
              (rising edge-triggered flip-flop clocked by UART_CLK)
  Endpoint: Domain_2_TOP_U1/ClkDiv_U1_TX/counter_reg[0]
            (rising edge-triggered flip-flop clocked by UART_CLK)
  Path Group: UART_CLK
  Path Type: min

  Point                                                   Incr       Path
  --------------------------------------------------------------------------
  clock UART_CLK (rise edge)                              0.00       0.00
  clock network delay (ideal)                             0.00       0.00
  Domain_2_TOP_U1/ClkDiv_U1_TX/counter_reg[0]/CK (DFFRQX2M)
                                                          0.00       0.00 r
  Domain_2_TOP_U1/ClkDiv_U1_TX/counter_reg[0]/Q (DFFRQX2M)
                                                          0.42       0.42 r
  Domain_2_TOP_U1/ClkDiv_U1_TX/add_58/A[0] (ClkDiv_0_DW01_inc_0)
                                                          0.00       0.42 r
  Domain_2_TOP_U1/ClkDiv_U1_TX/add_58/U2/Y (CLKINVX1M)
                                                          0.07       0.49 f
  Domain_2_TOP_U1/ClkDiv_U1_TX/add_58/SUM[0] (ClkDiv_0_DW01_inc_0)
                                                          0.00       0.49 f
  Domain_2_TOP_U1/ClkDiv_U1_TX/U36/Y (AO22X1M)            0.29       0.78 f
  Domain_2_TOP_U1/ClkDiv_U1_TX/counter_reg[0]/D (DFFRQX2M)
                                                          0.00       0.78 f
  data arrival time                                                  0.78

  clock UART_CLK (rise edge)                              0.00       0.00
  clock network delay (ideal)                             0.00       0.00
  clock uncertainty                                       0.10       0.10
  Domain_2_TOP_U1/ClkDiv_U1_TX/counter_reg[0]/CK (DFFRQX2M)
                                                          0.00       0.10 r
  library hold time                                      -0.02       0.08
  data required time                                                 0.08
  --------------------------------------------------------------------------
  data required time                                                 0.08
  data arrival time                                                 -0.78
  --------------------------------------------------------------------------
  slack (MET)                                                        0.70


  Startpoint: Domain_2_TOP_U1/ClkDiv_U1_TX/counter_reg[2]
              (rising edge-triggered flip-flop clocked by UART_CLK)
  Endpoint: Domain_2_TOP_U1/ClkDiv_U1_TX/counter_reg[2]
            (rising edge-triggered flip-flop clocked by UART_CLK)
  Path Group: UART_CLK
  Path Type: min

  Point                                                   Incr       Path
  --------------------------------------------------------------------------
  clock UART_CLK (rise edge)                              0.00       0.00
  clock network delay (ideal)                             0.00       0.00
  Domain_2_TOP_U1/ClkDiv_U1_TX/counter_reg[2]/CK (DFFRQX2M)
                                                          0.00       0.00 r
  Domain_2_TOP_U1/ClkDiv_U1_TX/counter_reg[2]/Q (DFFRQX2M)
                                                          0.41       0.41 r
  Domain_2_TOP_U1/ClkDiv_U1_TX/add_58/A[2] (ClkDiv_0_DW01_inc_0)
                                                          0.00       0.41 r
  Domain_2_TOP_U1/ClkDiv_U1_TX/add_58/U1_1_2/S (ADDHX1M)
                                                          0.10       0.51 f
  Domain_2_TOP_U1/ClkDiv_U1_TX/add_58/SUM[2] (ClkDiv_0_DW01_inc_0)
                                                          0.00       0.51 f
  Domain_2_TOP_U1/ClkDiv_U1_TX/U38/Y (AO22X1M)            0.28       0.79 f
  Domain_2_TOP_U1/ClkDiv_U1_TX/counter_reg[2]/D (DFFRQX2M)
                                                          0.00       0.79 f
  data arrival time                                                  0.79

  clock UART_CLK (rise edge)                              0.00       0.00
  clock network delay (ideal)                             0.00       0.00
  clock uncertainty                                       0.10       0.10
  Domain_2_TOP_U1/ClkDiv_U1_TX/counter_reg[2]/CK (DFFRQX2M)
                                                          0.00       0.10 r
  library hold time                                      -0.02       0.08
  data required time                                                 0.08
  --------------------------------------------------------------------------
  data required time                                                 0.08
  data arrival time                                                 -0.79
  --------------------------------------------------------------------------
  slack (MET)                                                        0.72


  Startpoint: Domain_2_TOP_U1/ClkDiv_U1_TX/counter_reg[3]
              (rising edge-triggered flip-flop clocked by UART_CLK)
  Endpoint: Domain_2_TOP_U1/ClkDiv_U1_TX/counter_reg[3]
            (rising edge-triggered flip-flop clocked by UART_CLK)
  Path Group: UART_CLK
  Path Type: min

  Point                                                   Incr       Path
  --------------------------------------------------------------------------
  clock UART_CLK (rise edge)                              0.00       0.00
  clock network delay (ideal)                             0.00       0.00
  Domain_2_TOP_U1/ClkDiv_U1_TX/counter_reg[3]/CK (DFFRQX2M)
                                                          0.00       0.00 r
  Domain_2_TOP_U1/ClkDiv_U1_TX/counter_reg[3]/Q (DFFRQX2M)
                                                          0.41       0.41 r
  Domain_2_TOP_U1/ClkDiv_U1_TX/add_58/A[3] (ClkDiv_0_DW01_inc_0)
                                                          0.00       0.41 r
  Domain_2_TOP_U1/ClkDiv_U1_TX/add_58/U1_1_3/S (ADDHX1M)
                                                          0.10       0.51 f
  Domain_2_TOP_U1/ClkDiv_U1_TX/add_58/SUM[3] (ClkDiv_0_DW01_inc_0)
                                                          0.00       0.51 f
  Domain_2_TOP_U1/ClkDiv_U1_TX/U39/Y (AO22X1M)            0.28       0.79 f
  Domain_2_TOP_U1/ClkDiv_U1_TX/counter_reg[3]/D (DFFRQX2M)
                                                          0.00       0.79 f
  data arrival time                                                  0.79

  clock UART_CLK (rise edge)                              0.00       0.00
  clock network delay (ideal)                             0.00       0.00
  clock uncertainty                                       0.10       0.10
  Domain_2_TOP_U1/ClkDiv_U1_TX/counter_reg[3]/CK (DFFRQX2M)
                                                          0.00       0.10 r
  library hold time                                      -0.02       0.08
  data required time                                                 0.08
  --------------------------------------------------------------------------
  data required time                                                 0.08
  data arrival time                                                 -0.79
  --------------------------------------------------------------------------
  slack (MET)                                                        0.72


  Startpoint: Domain_2_TOP_U1/ClkDiv_U1_TX/counter_reg[4]
              (rising edge-triggered flip-flop clocked by UART_CLK)
  Endpoint: Domain_2_TOP_U1/ClkDiv_U1_TX/counter_reg[4]
            (rising edge-triggered flip-flop clocked by UART_CLK)
  Path Group: UART_CLK
  Path Type: min

  Point                                                   Incr       Path
  --------------------------------------------------------------------------
  clock UART_CLK (rise edge)                              0.00       0.00
  clock network delay (ideal)                             0.00       0.00
  Domain_2_TOP_U1/ClkDiv_U1_TX/counter_reg[4]/CK (DFFRQX2M)
                                                          0.00       0.00 r
  Domain_2_TOP_U1/ClkDiv_U1_TX/counter_reg[4]/Q (DFFRQX2M)
                                                          0.41       0.41 r
  Domain_2_TOP_U1/ClkDiv_U1_TX/add_58/A[4] (ClkDiv_0_DW01_inc_0)
                                                          0.00       0.41 r
  Domain_2_TOP_U1/ClkDiv_U1_TX/add_58/U1_1_4/S (ADDHX1M)
                                                          0.10       0.51 f
  Domain_2_TOP_U1/ClkDiv_U1_TX/add_58/SUM[4] (ClkDiv_0_DW01_inc_0)
                                                          0.00       0.51 f
  Domain_2_TOP_U1/ClkDiv_U1_TX/U40/Y (AO22X1M)            0.28       0.79 f
  Domain_2_TOP_U1/ClkDiv_U1_TX/counter_reg[4]/D (DFFRQX2M)
                                                          0.00       0.79 f
  data arrival time                                                  0.79

  clock UART_CLK (rise edge)                              0.00       0.00
  clock network delay (ideal)                             0.00       0.00
  clock uncertainty                                       0.10       0.10
  Domain_2_TOP_U1/ClkDiv_U1_TX/counter_reg[4]/CK (DFFRQX2M)
                                                          0.00       0.10 r
  library hold time                                      -0.02       0.08
  data required time                                                 0.08
  --------------------------------------------------------------------------
  data required time                                                 0.08
  data arrival time                                                 -0.79
  --------------------------------------------------------------------------
  slack (MET)                                                        0.72


  Startpoint: Domain_2_TOP_U1/ClkDiv_U1_TX/counter_reg[5]
              (rising edge-triggered flip-flop clocked by UART_CLK)
  Endpoint: Domain_2_TOP_U1/ClkDiv_U1_TX/counter_reg[5]
            (rising edge-triggered flip-flop clocked by UART_CLK)
  Path Group: UART_CLK
  Path Type: min

  Point                                                   Incr       Path
  --------------------------------------------------------------------------
  clock UART_CLK (rise edge)                              0.00       0.00
  clock network delay (ideal)                             0.00       0.00
  Domain_2_TOP_U1/ClkDiv_U1_TX/counter_reg[5]/CK (DFFRQX2M)
                                                          0.00       0.00 r
  Domain_2_TOP_U1/ClkDiv_U1_TX/counter_reg[5]/Q (DFFRQX2M)
                                                          0.41       0.41 r
  Domain_2_TOP_U1/ClkDiv_U1_TX/add_58/A[5] (ClkDiv_0_DW01_inc_0)
                                                          0.00       0.41 r
  Domain_2_TOP_U1/ClkDiv_U1_TX/add_58/U1_1_5/S (ADDHX1M)
                                                          0.10       0.51 f
  Domain_2_TOP_U1/ClkDiv_U1_TX/add_58/SUM[5] (ClkDiv_0_DW01_inc_0)
                                                          0.00       0.51 f
  Domain_2_TOP_U1/ClkDiv_U1_TX/U41/Y (AO22X1M)            0.28       0.79 f
  Domain_2_TOP_U1/ClkDiv_U1_TX/counter_reg[5]/D (DFFRQX2M)
                                                          0.00       0.79 f
  data arrival time                                                  0.79

  clock UART_CLK (rise edge)                              0.00       0.00
  clock network delay (ideal)                             0.00       0.00
  clock uncertainty                                       0.10       0.10
  Domain_2_TOP_U1/ClkDiv_U1_TX/counter_reg[5]/CK (DFFRQX2M)
                                                          0.00       0.10 r
  library hold time                                      -0.02       0.08
  data required time                                                 0.08
  --------------------------------------------------------------------------
  data required time                                                 0.08
  data arrival time                                                 -0.79
  --------------------------------------------------------------------------
  slack (MET)                                                        0.72


  Startpoint: Domain_2_TOP_U1/ClkDiv_U1_TX/counter_reg[6]
              (rising edge-triggered flip-flop clocked by UART_CLK)
  Endpoint: Domain_2_TOP_U1/ClkDiv_U1_TX/counter_reg[6]
            (rising edge-triggered flip-flop clocked by UART_CLK)
  Path Group: UART_CLK
  Path Type: min

  Point                                                   Incr       Path
  --------------------------------------------------------------------------
  clock UART_CLK (rise edge)                              0.00       0.00
  clock network delay (ideal)                             0.00       0.00
  Domain_2_TOP_U1/ClkDiv_U1_TX/counter_reg[6]/CK (DFFRQX2M)
                                                          0.00       0.00 r
  Domain_2_TOP_U1/ClkDiv_U1_TX/counter_reg[6]/Q (DFFRQX2M)
                                                          0.41       0.41 r
  Domain_2_TOP_U1/ClkDiv_U1_TX/add_58/A[6] (ClkDiv_0_DW01_inc_0)
                                                          0.00       0.41 r
  Domain_2_TOP_U1/ClkDiv_U1_TX/add_58/U1_1_6/S (ADDHX1M)
                                                          0.10       0.51 f
  Domain_2_TOP_U1/ClkDiv_U1_TX/add_58/SUM[6] (ClkDiv_0_DW01_inc_0)
                                                          0.00       0.51 f
  Domain_2_TOP_U1/ClkDiv_U1_TX/U42/Y (AO22X1M)            0.28       0.79 f
  Domain_2_TOP_U1/ClkDiv_U1_TX/counter_reg[6]/D (DFFRQX2M)
                                                          0.00       0.79 f
  data arrival time                                                  0.79

  clock UART_CLK (rise edge)                              0.00       0.00
  clock network delay (ideal)                             0.00       0.00
  clock uncertainty                                       0.10       0.10
  Domain_2_TOP_U1/ClkDiv_U1_TX/counter_reg[6]/CK (DFFRQX2M)
                                                          0.00       0.10 r
  library hold time                                      -0.02       0.08
  data required time                                                 0.08
  --------------------------------------------------------------------------
  data required time                                                 0.08
  data arrival time                                                 -0.79
  --------------------------------------------------------------------------
  slack (MET)                                                        0.72


  Startpoint: Domain_2_TOP_U1/ClkDiv_U1_TX/counter_reg[7]
              (rising edge-triggered flip-flop clocked by UART_CLK)
  Endpoint: Domain_2_TOP_U1/ClkDiv_U1_TX/counter_reg[7]
            (rising edge-triggered flip-flop clocked by UART_CLK)
  Path Group: UART_CLK
  Path Type: min

  Point                                                   Incr       Path
  --------------------------------------------------------------------------
  clock UART_CLK (rise edge)                              0.00       0.00
  clock network delay (ideal)                             0.00       0.00
  Domain_2_TOP_U1/ClkDiv_U1_TX/counter_reg[7]/CK (DFFRQX2M)
                                                          0.00       0.00 r
  Domain_2_TOP_U1/ClkDiv_U1_TX/counter_reg[7]/Q (DFFRQX2M)
                                                          0.38       0.38 r
  Domain_2_TOP_U1/ClkDiv_U1_TX/add_58/A[7] (ClkDiv_0_DW01_inc_0)
                                                          0.00       0.38 r
  Domain_2_TOP_U1/ClkDiv_U1_TX/add_58/U1/Y (CLKXOR2X2M)
                                                          0.28       0.66 f
  Domain_2_TOP_U1/ClkDiv_U1_TX/add_58/SUM[7] (ClkDiv_0_DW01_inc_0)
                                                          0.00       0.66 f
  Domain_2_TOP_U1/ClkDiv_U1_TX/U43/Y (OAI2BB2X1M)         0.20       0.86 f
  Domain_2_TOP_U1/ClkDiv_U1_TX/counter_reg[7]/D (DFFRQX2M)
                                                          0.00       0.86 f
  data arrival time                                                  0.86

  clock UART_CLK (rise edge)                              0.00       0.00
  clock network delay (ideal)                             0.00       0.00
  clock uncertainty                                       0.10       0.10
  Domain_2_TOP_U1/ClkDiv_U1_TX/counter_reg[7]/CK (DFFRQX2M)
                                                          0.00       0.10 r
  library hold time                                      -0.02       0.08
  data required time                                                 0.08
  --------------------------------------------------------------------------
  data required time                                                 0.08
  data arrival time                                                 -0.86
  --------------------------------------------------------------------------
  slack (MET)                                                        0.78


1
