 
****************************************
Report : timing
        -path full
        -delay max
        -max_paths 100
Design : System_TOP
Version: O-2018.06-SP1
Date   : Wed Oct  7 00:45:58 2026
****************************************

Operating Conditions: scmetro_tsmc_cl013g_rvt_ss_1p08v_125c   Library: scmetro_tsmc_cl013g_rvt_ss_1p08v_125c
Wire Load Model Mode: top

  Startpoint: UART_RX_IN (input port clocked by UART_CLK)
  Endpoint: Domain_2_TOP_U1/UART_U0/U1/U1/cur_state_reg[2]
            (rising edge-triggered flip-flop clocked by RX_CLK)
  Path Group: INREG
  Path Type: max

  Point                                                   Incr       Path
  --------------------------------------------------------------------------
  clock UART_CLK (rise edge)                              0.00       0.00
  clock network delay (ideal)                             0.00       0.00
  input external delay                                   54.25      54.25 f
  UART_RX_IN (in)                                         0.01      54.26 f
  U3/Y (BUFX2M)                                           0.15      54.41 f
  Domain_2_TOP_U1/RX_IN (Domain_2_TOP)                    0.00      54.41 f
  Domain_2_TOP_U1/UART_U0/RX_IN_S (UART_TOP)              0.00      54.41 f
  Domain_2_TOP_U1/UART_U0/U1/RX_IN (TOP_RX)               0.00      54.41 f
  Domain_2_TOP_U1/UART_U0/U1/U1/RX_IN (FSM_RX)            0.00      54.41 f
  Domain_2_TOP_U1/UART_U0/U1/U1/U18/Y (NOR2X2M)           0.10      54.51 r
  Domain_2_TOP_U1/UART_U0/U1/U1/U17/Y (AOI32X1M)          0.18      54.69 f
  Domain_2_TOP_U1/UART_U0/U1/U1/U14/Y (OAI211X2M)         0.12      54.80 r
  Domain_2_TOP_U1/UART_U0/U1/U1/cur_state_reg[2]/D (DFFRQX2M)
                                                          0.00      54.80 r
  data arrival time                                                 54.80

  clock RX_CLK (rise edge)                              271.27     271.27
  clock network delay (ideal)                             0.00     271.27
  Domain_2_TOP_U1/UART_U0/U1/U1/cur_state_reg[2]/CK (DFFRQX2M)
                                                          0.00     271.27 r
  library setup time                                     -0.32     270.95
  data required time                                               270.95
  --------------------------------------------------------------------------
  data required time                                               270.95
  data arrival time                                                -54.80
  --------------------------------------------------------------------------
  slack (MET)                                                      216.14


  Startpoint: UART_RX_IN (input port clocked by UART_CLK)
  Endpoint: Domain_2_TOP_U1/UART_U0/U1/U2/sample_1_reg
            (rising edge-triggered flip-flop clocked by RX_CLK)
  Path Group: INREG
  Path Type: max

  Point                                                   Incr       Path
  --------------------------------------------------------------------------
  clock UART_CLK (rise edge)                              0.00       0.00
  clock network delay (ideal)                             0.00       0.00
  input external delay                                   54.25      54.25 r
  UART_RX_IN (in)                                         0.01      54.26 r
  U3/Y (BUFX2M)                                           0.12      54.39 r
  Domain_2_TOP_U1/RX_IN (Domain_2_TOP)                    0.00      54.39 r
  Domain_2_TOP_U1/UART_U0/RX_IN_S (UART_TOP)              0.00      54.39 r
  Domain_2_TOP_U1/UART_U0/U1/RX_IN (TOP_RX)               0.00      54.39 r
  Domain_2_TOP_U1/UART_U0/U1/U2/RX_IN (data_sampling)     0.00      54.39 r
  Domain_2_TOP_U1/UART_U0/U1/U2/U3/Y (INVX2M)             0.05      54.44 f
  Domain_2_TOP_U1/UART_U0/U1/U2/U4/Y (OAI2BB2X1M)         0.12      54.56 r
  Domain_2_TOP_U1/UART_U0/U1/U2/sample_1_reg/D (DFFRQX2M)
                                                          0.00      54.56 r
  data arrival time                                                 54.56

  clock RX_CLK (rise edge)                              271.27     271.27
  clock network delay (ideal)                             0.00     271.27
  Domain_2_TOP_U1/UART_U0/U1/U2/sample_1_reg/CK (DFFRQX2M)
                                                          0.00     271.27 r
  library setup time                                     -0.31     270.95
  data required time                                               270.95
  --------------------------------------------------------------------------
  data required time                                               270.95
  data arrival time                                                -54.56
  --------------------------------------------------------------------------
  slack (MET)                                                      216.39


  Startpoint: UART_RX_IN (input port clocked by UART_CLK)
  Endpoint: Domain_2_TOP_U1/UART_U0/U1/U2/sample_2_reg
            (rising edge-triggered flip-flop clocked by RX_CLK)
  Path Group: INREG
  Path Type: max

  Point                                                   Incr       Path
  --------------------------------------------------------------------------
  clock UART_CLK (rise edge)                              0.00       0.00
  clock network delay (ideal)                             0.00       0.00
  input external delay                                   54.25      54.25 r
  UART_RX_IN (in)                                         0.01      54.26 r
  U3/Y (BUFX2M)                                           0.12      54.39 r
  Domain_2_TOP_U1/RX_IN (Domain_2_TOP)                    0.00      54.39 r
  Domain_2_TOP_U1/UART_U0/RX_IN_S (UART_TOP)              0.00      54.39 r
  Domain_2_TOP_U1/UART_U0/U1/RX_IN (TOP_RX)               0.00      54.39 r
  Domain_2_TOP_U1/UART_U0/U1/U2/RX_IN (data_sampling)     0.00      54.39 r
  Domain_2_TOP_U1/UART_U0/U1/U2/U3/Y (INVX2M)             0.05      54.44 f
  Domain_2_TOP_U1/UART_U0/U1/U2/U8/Y (OAI2BB2X1M)         0.12      54.56 r
  Domain_2_TOP_U1/UART_U0/U1/U2/sample_2_reg/D (DFFRQX2M)
                                                          0.00      54.56 r
  data arrival time                                                 54.56

  clock RX_CLK (rise edge)                              271.27     271.27
  clock network delay (ideal)                             0.00     271.27
  Domain_2_TOP_U1/UART_U0/U1/U2/sample_2_reg/CK (DFFRQX2M)
                                                          0.00     271.27 r
  library setup time                                     -0.31     270.95
  data required time                                               270.95
  --------------------------------------------------------------------------
  data required time                                               270.95
  data arrival time                                                -54.56
  --------------------------------------------------------------------------
  slack (MET)                                                      216.39


  Startpoint: UART_RX_IN (input port clocked by UART_CLK)
  Endpoint: Domain_2_TOP_U1/UART_U0/U1/U2/sample_3_reg
            (rising edge-triggered flip-flop clocked by RX_CLK)
  Path Group: INREG
  Path Type: max

  Point                                                   Incr       Path
  --------------------------------------------------------------------------
  clock UART_CLK (rise edge)                              0.00       0.00
  clock network delay (ideal)                             0.00       0.00
  input external delay                                   54.25      54.25 f
  UART_RX_IN (in)                                         0.01      54.26 f
  U3/Y (BUFX2M)                                           0.15      54.41 f
  Domain_2_TOP_U1/RX_IN (Domain_2_TOP)                    0.00      54.41 f
  Domain_2_TOP_U1/UART_U0/RX_IN_S (UART_TOP)              0.00      54.41 f
  Domain_2_TOP_U1/UART_U0/U1/RX_IN (TOP_RX)               0.00      54.41 f
  Domain_2_TOP_U1/UART_U0/U1/U2/RX_IN (data_sampling)     0.00      54.41 f
  Domain_2_TOP_U1/UART_U0/U1/U2/U10/Y (OAI2BB2X1M)        0.22      54.63 f
  Domain_2_TOP_U1/UART_U0/U1/U2/sample_3_reg/D (DFFRX1M)
                                                          0.00      54.63 f
  data arrival time                                                 54.63

  clock RX_CLK (rise edge)                              271.27     271.27
  clock network delay (ideal)                             0.00     271.27
  Domain_2_TOP_U1/UART_U0/U1/U2/sample_3_reg/CK (DFFRX1M)
                                                          0.00     271.27 r
  library setup time                                     -0.17     271.10
  data required time                                               271.10
  --------------------------------------------------------------------------
  data required time                                               271.10
  data arrival time                                                -54.63
  --------------------------------------------------------------------------
  slack (MET)                                                      216.47


  Startpoint: Domain_1_TOP_U0/RegFile_U2/regArr_reg[1][6]
              (rising edge-triggered flip-flop clocked by REF_CLK)
  Endpoint: Domain_1_TOP_U0/ALU_U1/ALU_OUT_reg[0]
            (rising edge-triggered flip-flop clocked by REF_CLK)
  Path Group: REF_CLK
  Path Type: max

  Point                                                   Incr       Path
  --------------------------------------------------------------------------
  clock REF_CLK (rise edge)                               0.00       0.00
  clock network delay (ideal)                             0.00       0.00
  Domain_1_TOP_U0/RegFile_U2/regArr_reg[1][6]/CK (DFFRQX2M)
                                                          0.00       0.00 r
  Domain_1_TOP_U0/RegFile_U2/regArr_reg[1][6]/Q (DFFRQX2M)
                                                          0.48       0.48 f
  Domain_1_TOP_U0/RegFile_U2/REG1[6] (RegFile)            0.00       0.48 f
  Domain_1_TOP_U0/ALU_U1/B[6] (ALU)                       0.00       0.48 f
  Domain_1_TOP_U0/ALU_U1/U89/Y (BUFX2M)                   0.21       0.70 f
  Domain_1_TOP_U0/ALU_U1/div_26/b[6] (ALU_DW_div_uns_0)
                                                          0.00       0.70 f
  Domain_1_TOP_U0/ALU_U1/div_26/U70/Y (NOR2X1M)           0.16       0.85 r
  Domain_1_TOP_U0/ALU_U1/div_26/U67/Y (AND3X1M)           0.20       1.06 r
  Domain_1_TOP_U0/ALU_U1/div_26/U65/Y (AND2X1M)           0.16       1.22 r
  Domain_1_TOP_U0/ALU_U1/div_26/U62/Y (AND4X1M)           0.25       1.47 r
  Domain_1_TOP_U0/ALU_U1/div_26/U40/Y (CLKMX2X2M)         0.24       1.71 f
  Domain_1_TOP_U0/ALU_U1/div_26/u_div/u_fa_PartRem_0_6_1/CO (ADDFX2M)
                                                          0.44       2.15 f
  Domain_1_TOP_U0/ALU_U1/div_26/U63/Y (AND3X1M)           0.32       2.47 f
  Domain_1_TOP_U0/ALU_U1/div_26/U46/Y (CLKMX2X2M)         0.24       2.71 r
  Domain_1_TOP_U0/ALU_U1/div_26/u_div/u_fa_PartRem_0_5_1/CO (ADDFX2M)
                                                          0.49       3.20 r
  Domain_1_TOP_U0/ALU_U1/div_26/u_div/u_fa_PartRem_0_5_2/CO (ADDFX2M)
                                                          0.24       3.43 r
  Domain_1_TOP_U0/ALU_U1/div_26/U64/Y (AND2X1M)           0.24       3.68 r
  Domain_1_TOP_U0/ALU_U1/div_26/U51/Y (CLKMX2X2M)         0.27       3.94 f
  Domain_1_TOP_U0/ALU_U1/div_26/u_div/u_fa_PartRem_0_4_1/CO (ADDFX2M)
                                                          0.46       4.40 f
  Domain_1_TOP_U0/ALU_U1/div_26/u_div/u_fa_PartRem_0_4_2/CO (ADDFX2M)
                                                          0.33       4.73 f
  Domain_1_TOP_U0/ALU_U1/div_26/u_div/u_fa_PartRem_0_4_3/CO (ADDFX2M)
                                                          0.31       5.03 f
  Domain_1_TOP_U0/ALU_U1/div_26/U66/Y (AND2X1M)           0.28       5.31 f
  Domain_1_TOP_U0/ALU_U1/div_26/U55/Y (CLKMX2X2M)         0.24       5.55 f
  Domain_1_TOP_U0/ALU_U1/div_26/u_div/u_fa_PartRem_0_3_1/CO (ADDFX2M)
                                                          0.46       6.00 f
  Domain_1_TOP_U0/ALU_U1/div_26/u_div/u_fa_PartRem_0_3_2/CO (ADDFX2M)
                                                          0.33       6.33 f
  Domain_1_TOP_U0/ALU_U1/div_26/u_div/u_fa_PartRem_0_3_3/CO (ADDFX2M)
                                                          0.33       6.66 f
  Domain_1_TOP_U0/ALU_U1/div_26/u_div/u_fa_PartRem_0_3_4/CO (ADDFX2M)
                                                          0.31       6.97 f
  Domain_1_TOP_U0/ALU_U1/div_26/U68/Y (AND3X1M)           0.39       7.36 f
  Domain_1_TOP_U0/ALU_U1/div_26/U58/Y (CLKMX2X2M)         0.25       7.61 f
  Domain_1_TOP_U0/ALU_U1/div_26/u_div/u_fa_PartRem_0_2_1/CO (ADDFX2M)
                                                          0.46       8.06 f
  Domain_1_TOP_U0/ALU_U1/div_26/u_div/u_fa_PartRem_0_2_2/CO (ADDFX2M)
                                                          0.33       8.39 f
  Domain_1_TOP_U0/ALU_U1/div_26/u_div/u_fa_PartRem_0_2_3/CO (ADDFX2M)
                                                          0.33       8.72 f
  Domain_1_TOP_U0/ALU_U1/div_26/u_div/u_fa_PartRem_0_2_4/CO (ADDFX2M)
                                                          0.33       9.05 f
  Domain_1_TOP_U0/ALU_U1/div_26/u_div/u_fa_PartRem_0_2_5/CO (ADDFX2M)
                                                          0.31       9.35 f
  Domain_1_TOP_U0/ALU_U1/div_26/U69/Y (AND2X1M)           0.32       9.68 f
  Domain_1_TOP_U0/ALU_U1/div_26/U60/Y (CLKMX2X2M)         0.25       9.93 f
  Domain_1_TOP_U0/ALU_U1/div_26/u_div/u_fa_PartRem_0_1_1/CO (ADDFX2M)
                                                          0.46      10.38 f
  Domain_1_TOP_U0/ALU_U1/div_26/u_div/u_fa_PartRem_0_1_2/CO (ADDFX2M)
                                                          0.33      10.71 f
  Domain_1_TOP_U0/ALU_U1/div_26/u_div/u_fa_PartRem_0_1_3/CO (ADDFX2M)
                                                          0.33      11.04 f
  Domain_1_TOP_U0/ALU_U1/div_26/u_div/u_fa_PartRem_0_1_4/CO (ADDFX2M)
                                                          0.33      11.37 f
  Domain_1_TOP_U0/ALU_U1/div_26/u_div/u_fa_PartRem_0_1_5/CO (ADDFX2M)
                                                          0.33      11.70 f
  Domain_1_TOP_U0/ALU_U1/div_26/u_div/u_fa_PartRem_0_1_6/CO (ADDFX2M)
                                                          0.31      12.00 f
  Domain_1_TOP_U0/ALU_U1/div_26/U71/Y (AND2X1M)           0.34      12.35 f
  Domain_1_TOP_U0/ALU_U1/div_26/U61/Y (CLKMX2X2M)         0.24      12.59 f
  Domain_1_TOP_U0/ALU_U1/div_26/u_div/u_fa_PartRem_0_0_1/CO (ADDFX2M)
                                                          0.45      13.04 f
  Domain_1_TOP_U0/ALU_U1/div_26/u_div/u_fa_PartRem_0_0_2/CO (ADDFX2M)
                                                          0.33      13.37 f
  Domain_1_TOP_U0/ALU_U1/div_26/u_div/u_fa_PartRem_0_0_3/CO (ADDFX2M)
                                                          0.33      13.69 f
  Domain_1_TOP_U0/ALU_U1/div_26/u_div/u_fa_PartRem_0_0_4/CO (ADDFX2M)
                                                          0.33      14.02 f
  Domain_1_TOP_U0/ALU_U1/div_26/u_div/u_fa_PartRem_0_0_5/CO (ADDFX2M)
                                                          0.33      14.35 f
  Domain_1_TOP_U0/ALU_U1/div_26/u_div/u_fa_PartRem_0_0_6/CO (ADDFX2M)
                                                          0.33      14.68 f
  Domain_1_TOP_U0/ALU_U1/div_26/u_div/u_fa_PartRem_0_0_7/CO (ADDFX2M)
                                                          0.32      14.99 f
  Domain_1_TOP_U0/ALU_U1/div_26/quotient[0] (ALU_DW_div_uns_0)
                                                          0.00      14.99 f
  Domain_1_TOP_U0/ALU_U1/U31/Y (AOI222X1M)                0.41      15.40 r
  Domain_1_TOP_U0/ALU_U1/U28/Y (AOI31X2M)                 0.14      15.54 f
  Domain_1_TOP_U0/ALU_U1/ALU_OUT_reg[0]/D (DFFRQX2M)      0.00      15.54 f
  data arrival time                                                 15.54

  clock REF_CLK (rise edge)                              20.00      20.00
  clock network delay (ideal)                             0.00      20.00
  clock uncertainty                                      -0.20      19.80
  Domain_1_TOP_U0/ALU_U1/ALU_OUT_reg[0]/CK (DFFRQX2M)     0.00      19.80 r
  library setup time                                     -0.16      19.64
  data required time                                                19.64
  --------------------------------------------------------------------------
  data required time                                                19.64
  data arrival time                                                -15.54
  --------------------------------------------------------------------------
  slack (MET)                                                        4.10


  Startpoint: Domain_1_TOP_U0/RegFile_U2/regArr_reg[1][6]
              (rising edge-triggered flip-flop clocked by REF_CLK)
  Endpoint: Domain_1_TOP_U0/ALU_U1/ALU_OUT_reg[1]
            (rising edge-triggered flip-flop clocked by REF_CLK)
  Path Group: REF_CLK
  Path Type: max

  Point                                                   Incr       Path
  --------------------------------------------------------------------------
  clock REF_CLK (rise edge)                               0.00       0.00
  clock network delay (ideal)                             0.00       0.00
  Domain_1_TOP_U0/RegFile_U2/regArr_reg[1][6]/CK (DFFRQX2M)
                                                          0.00       0.00 r
  Domain_1_TOP_U0/RegFile_U2/regArr_reg[1][6]/Q (DFFRQX2M)
                                                          0.48       0.48 f
  Domain_1_TOP_U0/RegFile_U2/REG1[6] (RegFile)            0.00       0.48 f
  Domain_1_TOP_U0/ALU_U1/B[6] (ALU)                       0.00       0.48 f
  Domain_1_TOP_U0/ALU_U1/U89/Y (BUFX2M)                   0.21       0.70 f
  Domain_1_TOP_U0/ALU_U1/div_26/b[6] (ALU_DW_div_uns_0)
                                                          0.00       0.70 f
  Domain_1_TOP_U0/ALU_U1/div_26/U70/Y (NOR2X1M)           0.16       0.85 r
  Domain_1_TOP_U0/ALU_U1/div_26/U67/Y (AND3X1M)           0.20       1.06 r
  Domain_1_TOP_U0/ALU_U1/div_26/U65/Y (AND2X1M)           0.16       1.22 r
  Domain_1_TOP_U0/ALU_U1/div_26/U62/Y (AND4X1M)           0.25       1.47 r
  Domain_1_TOP_U0/ALU_U1/div_26/U40/Y (CLKMX2X2M)         0.24       1.71 f
  Domain_1_TOP_U0/ALU_U1/div_26/u_div/u_fa_PartRem_0_6_1/CO (ADDFX2M)
                                                          0.44       2.15 f
  Domain_1_TOP_U0/ALU_U1/div_26/U63/Y (AND3X1M)           0.32       2.47 f
  Domain_1_TOP_U0/ALU_U1/div_26/U46/Y (CLKMX2X2M)         0.24       2.71 r
  Domain_1_TOP_U0/ALU_U1/div_26/u_div/u_fa_PartRem_0_5_1/CO (ADDFX2M)
                                                          0.49       3.20 r
  Domain_1_TOP_U0/ALU_U1/div_26/u_div/u_fa_PartRem_0_5_2/CO (ADDFX2M)
                                                          0.24       3.43 r
  Domain_1_TOP_U0/ALU_U1/div_26/U64/Y (AND2X1M)           0.24       3.68 r
  Domain_1_TOP_U0/ALU_U1/div_26/U51/Y (CLKMX2X2M)         0.27       3.94 f
  Domain_1_TOP_U0/ALU_U1/div_26/u_div/u_fa_PartRem_0_4_1/CO (ADDFX2M)
                                                          0.46       4.40 f
  Domain_1_TOP_U0/ALU_U1/div_26/u_div/u_fa_PartRem_0_4_2/CO (ADDFX2M)
                                                          0.33       4.73 f
  Domain_1_TOP_U0/ALU_U1/div_26/u_div/u_fa_PartRem_0_4_3/CO (ADDFX2M)
                                                          0.31       5.03 f
  Domain_1_TOP_U0/ALU_U1/div_26/U66/Y (AND2X1M)           0.28       5.31 f
  Domain_1_TOP_U0/ALU_U1/div_26/U55/Y (CLKMX2X2M)         0.24       5.55 f
  Domain_1_TOP_U0/ALU_U1/div_26/u_div/u_fa_PartRem_0_3_1/CO (ADDFX2M)
                                                          0.46       6.00 f
  Domain_1_TOP_U0/ALU_U1/div_26/u_div/u_fa_PartRem_0_3_2/CO (ADDFX2M)
                                                          0.33       6.33 f
  Domain_1_TOP_U0/ALU_U1/div_26/u_div/u_fa_PartRem_0_3_3/CO (ADDFX2M)
                                                          0.33       6.66 f
  Domain_1_TOP_U0/ALU_U1/div_26/u_div/u_fa_PartRem_0_3_4/CO (ADDFX2M)
                                                          0.31       6.97 f
  Domain_1_TOP_U0/ALU_U1/div_26/U68/Y (AND3X1M)           0.39       7.36 f
  Domain_1_TOP_U0/ALU_U1/div_26/U58/Y (CLKMX2X2M)         0.25       7.61 f
  Domain_1_TOP_U0/ALU_U1/div_26/u_div/u_fa_PartRem_0_2_1/CO (ADDFX2M)
                                                          0.46       8.06 f
  Domain_1_TOP_U0/ALU_U1/div_26/u_div/u_fa_PartRem_0_2_2/CO (ADDFX2M)
                                                          0.33       8.39 f
  Domain_1_TOP_U0/ALU_U1/div_26/u_div/u_fa_PartRem_0_2_3/CO (ADDFX2M)
                                                          0.33       8.72 f
  Domain_1_TOP_U0/ALU_U1/div_26/u_div/u_fa_PartRem_0_2_4/CO (ADDFX2M)
                                                          0.33       9.05 f
  Domain_1_TOP_U0/ALU_U1/div_26/u_div/u_fa_PartRem_0_2_5/CO (ADDFX2M)
                                                          0.31       9.35 f
  Domain_1_TOP_U0/ALU_U1/div_26/U69/Y (AND2X1M)           0.32       9.68 f
  Domain_1_TOP_U0/ALU_U1/div_26/U60/Y (CLKMX2X2M)         0.25       9.93 f
  Domain_1_TOP_U0/ALU_U1/div_26/u_div/u_fa_PartRem_0_1_1/CO (ADDFX2M)
                                                          0.46      10.38 f
  Domain_1_TOP_U0/ALU_U1/div_26/u_div/u_fa_PartRem_0_1_2/CO (ADDFX2M)
                                                          0.33      10.71 f
  Domain_1_TOP_U0/ALU_U1/div_26/u_div/u_fa_PartRem_0_1_3/CO (ADDFX2M)
                                                          0.33      11.04 f
  Domain_1_TOP_U0/ALU_U1/div_26/u_div/u_fa_PartRem_0_1_4/CO (ADDFX2M)
                                                          0.33      11.37 f
  Domain_1_TOP_U0/ALU_U1/div_26/u_div/u_fa_PartRem_0_1_5/CO (ADDFX2M)
                                                          0.33      11.70 f
  Domain_1_TOP_U0/ALU_U1/div_26/u_div/u_fa_PartRem_0_1_6/CO (ADDFX2M)
                                                          0.31      12.00 f
  Domain_1_TOP_U0/ALU_U1/div_26/U71/Y (AND2X1M)           0.34      12.35 f
  Domain_1_TOP_U0/ALU_U1/div_26/quotient[1] (ALU_DW_div_uns_0)
                                                          0.00      12.35 f
  Domain_1_TOP_U0/ALU_U1/U35/Y (AOI222X1M)                0.31      12.65 r
  Domain_1_TOP_U0/ALU_U1/U32/Y (AOI31X2M)                 0.14      12.79 f
  Domain_1_TOP_U0/ALU_U1/ALU_OUT_reg[1]/D (DFFRQX2M)      0.00      12.79 f
  data arrival time                                                 12.79

  clock REF_CLK (rise edge)                              20.00      20.00
  clock network delay (ideal)                             0.00      20.00
  clock uncertainty                                      -0.20      19.80
  Domain_1_TOP_U0/ALU_U1/ALU_OUT_reg[1]/CK (DFFRQX2M)     0.00      19.80 r
  library setup time                                     -0.16      19.64
  data required time                                                19.64
  --------------------------------------------------------------------------
  data required time                                                19.64
  data arrival time                                                -12.79
  --------------------------------------------------------------------------
  slack (MET)                                                        6.85


  Startpoint: Domain_1_TOP_U0/RegFile_U2/regArr_reg[1][6]
              (rising edge-triggered flip-flop clocked by REF_CLK)
  Endpoint: Domain_1_TOP_U0/ALU_U1/ALU_OUT_reg[2]
            (rising edge-triggered flip-flop clocked by REF_CLK)
  Path Group: REF_CLK
  Path Type: max

  Point                                                   Incr       Path
  --------------------------------------------------------------------------
  clock REF_CLK (rise edge)                               0.00       0.00
  clock network delay (ideal)                             0.00       0.00
  Domain_1_TOP_U0/RegFile_U2/regArr_reg[1][6]/CK (DFFRQX2M)
                                                          0.00       0.00 r
  Domain_1_TOP_U0/RegFile_U2/regArr_reg[1][6]/Q (DFFRQX2M)
                                                          0.48       0.48 f
  Domain_1_TOP_U0/RegFile_U2/REG1[6] (RegFile)            0.00       0.48 f
  Domain_1_TOP_U0/ALU_U1/B[6] (ALU)                       0.00       0.48 f
  Domain_1_TOP_U0/ALU_U1/U89/Y (BUFX2M)                   0.21       0.70 f
  Domain_1_TOP_U0/ALU_U1/div_26/b[6] (ALU_DW_div_uns_0)
                                                          0.00       0.70 f
  Domain_1_TOP_U0/ALU_U1/div_26/U70/Y (NOR2X1M)           0.16       0.85 r
  Domain_1_TOP_U0/ALU_U1/div_26/U67/Y (AND3X1M)           0.20       1.06 r
  Domain_1_TOP_U0/ALU_U1/div_26/U65/Y (AND2X1M)           0.16       1.22 r
  Domain_1_TOP_U0/ALU_U1/div_26/U62/Y (AND4X1M)           0.25       1.47 r
  Domain_1_TOP_U0/ALU_U1/div_26/U40/Y (CLKMX2X2M)         0.24       1.71 f
  Domain_1_TOP_U0/ALU_U1/div_26/u_div/u_fa_PartRem_0_6_1/CO (ADDFX2M)
                                                          0.44       2.15 f
  Domain_1_TOP_U0/ALU_U1/div_26/U63/Y (AND3X1M)           0.32       2.47 f
  Domain_1_TOP_U0/ALU_U1/div_26/U46/Y (CLKMX2X2M)         0.24       2.71 r
  Domain_1_TOP_U0/ALU_U1/div_26/u_div/u_fa_PartRem_0_5_1/CO (ADDFX2M)
                                                          0.49       3.20 r
  Domain_1_TOP_U0/ALU_U1/div_26/u_div/u_fa_PartRem_0_5_2/CO (ADDFX2M)
                                                          0.24       3.43 r
  Domain_1_TOP_U0/ALU_U1/div_26/U64/Y (AND2X1M)           0.24       3.68 r
  Domain_1_TOP_U0/ALU_U1/div_26/U51/Y (CLKMX2X2M)         0.27       3.94 f
  Domain_1_TOP_U0/ALU_U1/div_26/u_div/u_fa_PartRem_0_4_1/CO (ADDFX2M)
                                                          0.46       4.40 f
  Domain_1_TOP_U0/ALU_U1/div_26/u_div/u_fa_PartRem_0_4_2/CO (ADDFX2M)
                                                          0.33       4.73 f
  Domain_1_TOP_U0/ALU_U1/div_26/u_div/u_fa_PartRem_0_4_3/CO (ADDFX2M)
                                                          0.31       5.03 f
  Domain_1_TOP_U0/ALU_U1/div_26/U66/Y (AND2X1M)           0.28       5.31 f
  Domain_1_TOP_U0/ALU_U1/div_26/U55/Y (CLKMX2X2M)         0.24       5.55 f
  Domain_1_TOP_U0/ALU_U1/div_26/u_div/u_fa_PartRem_0_3_1/CO (ADDFX2M)
                                                          0.46       6.00 f
  Domain_1_TOP_U0/ALU_U1/div_26/u_div/u_fa_PartRem_0_3_2/CO (ADDFX2M)
                                                          0.33       6.33 f
  Domain_1_TOP_U0/ALU_U1/div_26/u_div/u_fa_PartRem_0_3_3/CO (ADDFX2M)
                                                          0.33       6.66 f
  Domain_1_TOP_U0/ALU_U1/div_26/u_div/u_fa_PartRem_0_3_4/CO (ADDFX2M)
                                                          0.31       6.97 f
  Domain_1_TOP_U0/ALU_U1/div_26/U68/Y (AND3X1M)           0.39       7.36 f
  Domain_1_TOP_U0/ALU_U1/div_26/U58/Y (CLKMX2X2M)         0.25       7.61 f
  Domain_1_TOP_U0/ALU_U1/div_26/u_div/u_fa_PartRem_0_2_1/CO (ADDFX2M)
                                                          0.46       8.06 f
  Domain_1_TOP_U0/ALU_U1/div_26/u_div/u_fa_PartRem_0_2_2/CO (ADDFX2M)
                                                          0.33       8.39 f
  Domain_1_TOP_U0/ALU_U1/div_26/u_div/u_fa_PartRem_0_2_3/CO (ADDFX2M)
                                                          0.33       8.72 f
  Domain_1_TOP_U0/ALU_U1/div_26/u_div/u_fa_PartRem_0_2_4/CO (ADDFX2M)
                                                          0.33       9.05 f
  Domain_1_TOP_U0/ALU_U1/div_26/u_div/u_fa_PartRem_0_2_5/CO (ADDFX2M)
                                                          0.31       9.35 f
  Domain_1_TOP_U0/ALU_U1/div_26/U69/Y (AND2X1M)           0.32       9.68 f
  Domain_1_TOP_U0/ALU_U1/div_26/quotient[2] (ALU_DW_div_uns_0)
                                                          0.00       9.68 f
  Domain_1_TOP_U0/ALU_U1/U39/Y (AOI222X1M)                0.44      10.12 r
  Domain_1_TOP_U0/ALU_U1/U36/Y (AOI31X2M)                 0.14      10.26 f
  Domain_1_TOP_U0/ALU_U1/ALU_OUT_reg[2]/D (DFFRQX2M)      0.00      10.26 f
  data arrival time                                                 10.26

  clock REF_CLK (rise edge)                              20.00      20.00
  clock network delay (ideal)                             0.00      20.00
  clock uncertainty                                      -0.20      19.80
  Domain_1_TOP_U0/ALU_U1/ALU_OUT_reg[2]/CK (DFFRQX2M)     0.00      19.80 r
  library setup time                                     -0.16      19.64
  data required time                                                19.64
  --------------------------------------------------------------------------
  data required time                                                19.64
  data arrival time                                                -10.26
  --------------------------------------------------------------------------
  slack (MET)                                                        9.38


  Startpoint: Domain_1_TOP_U0/RegFile_U2/regArr_reg[1][6]
              (rising edge-triggered flip-flop clocked by REF_CLK)
  Endpoint: Domain_1_TOP_U0/ALU_U1/ALU_OUT_reg[3]
            (rising edge-triggered flip-flop clocked by REF_CLK)
  Path Group: REF_CLK
  Path Type: max

  Point                                                   Incr       Path
  --------------------------------------------------------------------------
  clock REF_CLK (rise edge)                               0.00       0.00
  clock network delay (ideal)                             0.00       0.00
  Domain_1_TOP_U0/RegFile_U2/regArr_reg[1][6]/CK (DFFRQX2M)
                                                          0.00       0.00 r
  Domain_1_TOP_U0/RegFile_U2/regArr_reg[1][6]/Q (DFFRQX2M)
                                                          0.48       0.48 f
  Domain_1_TOP_U0/RegFile_U2/REG1[6] (RegFile)            0.00       0.48 f
  Domain_1_TOP_U0/ALU_U1/B[6] (ALU)                       0.00       0.48 f
  Domain_1_TOP_U0/ALU_U1/U89/Y (BUFX2M)                   0.21       0.70 f
  Domain_1_TOP_U0/ALU_U1/div_26/b[6] (ALU_DW_div_uns_0)
                                                          0.00       0.70 f
  Domain_1_TOP_U0/ALU_U1/div_26/U70/Y (NOR2X1M)           0.16       0.85 r
  Domain_1_TOP_U0/ALU_U1/div_26/U67/Y (AND3X1M)           0.20       1.06 r
  Domain_1_TOP_U0/ALU_U1/div_26/U65/Y (AND2X1M)           0.16       1.22 r
  Domain_1_TOP_U0/ALU_U1/div_26/U62/Y (AND4X1M)           0.25       1.47 r
  Domain_1_TOP_U0/ALU_U1/div_26/U40/Y (CLKMX2X2M)         0.24       1.71 f
  Domain_1_TOP_U0/ALU_U1/div_26/u_div/u_fa_PartRem_0_6_1/CO (ADDFX2M)
                                                          0.44       2.15 f
  Domain_1_TOP_U0/ALU_U1/div_26/U63/Y (AND3X1M)           0.32       2.47 f
  Domain_1_TOP_U0/ALU_U1/div_26/U46/Y (CLKMX2X2M)         0.24       2.71 r
  Domain_1_TOP_U0/ALU_U1/div_26/u_div/u_fa_PartRem_0_5_1/CO (ADDFX2M)
                                                          0.49       3.20 r
  Domain_1_TOP_U0/ALU_U1/div_26/u_div/u_fa_PartRem_0_5_2/CO (ADDFX2M)
                                                          0.24       3.43 r
  Domain_1_TOP_U0/ALU_U1/div_26/U64/Y (AND2X1M)           0.24       3.68 r
  Domain_1_TOP_U0/ALU_U1/div_26/U51/Y (CLKMX2X2M)         0.27       3.94 f
  Domain_1_TOP_U0/ALU_U1/div_26/u_div/u_fa_PartRem_0_4_1/CO (ADDFX2M)
                                                          0.46       4.40 f
  Domain_1_TOP_U0/ALU_U1/div_26/u_div/u_fa_PartRem_0_4_2/CO (ADDFX2M)
                                                          0.33       4.73 f
  Domain_1_TOP_U0/ALU_U1/div_26/u_div/u_fa_PartRem_0_4_3/CO (ADDFX2M)
                                                          0.31       5.03 f
  Domain_1_TOP_U0/ALU_U1/div_26/U66/Y (AND2X1M)           0.28       5.31 f
  Domain_1_TOP_U0/ALU_U1/div_26/U55/Y (CLKMX2X2M)         0.24       5.55 f
  Domain_1_TOP_U0/ALU_U1/div_26/u_div/u_fa_PartRem_0_3_1/CO (ADDFX2M)
                                                          0.46       6.00 f
  Domain_1_TOP_U0/ALU_U1/div_26/u_div/u_fa_PartRem_0_3_2/CO (ADDFX2M)
                                                          0.33       6.33 f
  Domain_1_TOP_U0/ALU_U1/div_26/u_div/u_fa_PartRem_0_3_3/CO (ADDFX2M)
                                                          0.33       6.66 f
  Domain_1_TOP_U0/ALU_U1/div_26/u_div/u_fa_PartRem_0_3_4/CO (ADDFX2M)
                                                          0.31       6.97 f
  Domain_1_TOP_U0/ALU_U1/div_26/U68/Y (AND3X1M)           0.39       7.36 f
  Domain_1_TOP_U0/ALU_U1/div_26/quotient[3] (ALU_DW_div_uns_0)
                                                          0.00       7.36 f
  Domain_1_TOP_U0/ALU_U1/U43/Y (AOI222X1M)                0.44       7.80 r
  Domain_1_TOP_U0/ALU_U1/U40/Y (AOI31X2M)                 0.14       7.94 f
  Domain_1_TOP_U0/ALU_U1/ALU_OUT_reg[3]/D (DFFRQX2M)      0.00       7.94 f
  data arrival time                                                  7.94

  clock REF_CLK (rise edge)                              20.00      20.00
  clock network delay (ideal)                             0.00      20.00
  clock uncertainty                                      -0.20      19.80
  Domain_1_TOP_U0/ALU_U1/ALU_OUT_reg[3]/CK (DFFRQX2M)     0.00      19.80 r
  library setup time                                     -0.16      19.64
  data required time                                                19.64
  --------------------------------------------------------------------------
  data required time                                                19.64
  data arrival time                                                 -7.94
  --------------------------------------------------------------------------
  slack (MET)                                                       11.71


  Startpoint: Domain_1_TOP_U0/RegFile_U2/regArr_reg[0][0]
              (rising edge-triggered flip-flop clocked by REF_CLK)
  Endpoint: Domain_1_TOP_U0/ALU_U1/ALU_OUT_reg[15]
            (rising edge-triggered flip-flop clocked by REF_CLK)
  Path Group: REF_CLK
  Path Type: max

  Point                                                   Incr       Path
  --------------------------------------------------------------------------
  clock REF_CLK (rise edge)                               0.00       0.00
  clock network delay (ideal)                             0.00       0.00
  Domain_1_TOP_U0/RegFile_U2/regArr_reg[0][0]/CK (DFFRQX2M)
                                                          0.00       0.00 r
  Domain_1_TOP_U0/RegFile_U2/regArr_reg[0][0]/Q (DFFRQX2M)
                                                          0.39       0.39 r
  Domain_1_TOP_U0/RegFile_U2/REG0[0] (RegFile)            0.00       0.39 r
  Domain_1_TOP_U0/ALU_U1/A[0] (ALU)                       0.00       0.39 r
  Domain_1_TOP_U0/ALU_U1/U96/Y (BUFX2M)                   0.26       0.65 r
  Domain_1_TOP_U0/ALU_U1/mult_25/A[0] (ALU_DW02_mult_0)
                                                          0.00       0.65 r
  Domain_1_TOP_U0/ALU_U1/mult_25/U37/Y (INVX2M)           0.14       0.79 f
  Domain_1_TOP_U0/ALU_U1/mult_25/U114/Y (NOR2X1M)         0.18       0.97 r
  Domain_1_TOP_U0/ALU_U1/mult_25/U2/Y (AND2X2M)           0.16       1.13 r
  Domain_1_TOP_U0/ALU_U1/mult_25/S2_2_2/CO (ADDFX2M)      0.54       1.67 r
  Domain_1_TOP_U0/ALU_U1/mult_25/S2_3_2/CO (ADDFX2M)      0.55       2.22 r
  Domain_1_TOP_U0/ALU_U1/mult_25/S2_4_2/CO (ADDFX2M)      0.55       2.77 r
  Domain_1_TOP_U0/ALU_U1/mult_25/S2_5_2/CO (ADDFX2M)      0.55       3.32 r
  Domain_1_TOP_U0/ALU_U1/mult_25/S2_6_2/CO (ADDFX2M)      0.55       3.87 r
  Domain_1_TOP_U0/ALU_U1/mult_25/S4_2/S (ADDFX2M)         0.58       4.45 f
  Domain_1_TOP_U0/ALU_U1/mult_25/U11/Y (CLKXOR2X2M)       0.31       4.76 r
  Domain_1_TOP_U0/ALU_U1/mult_25/FS_1/A[7] (ALU_DW01_add_1)
                                                          0.00       4.76 r
  Domain_1_TOP_U0/ALU_U1/mult_25/FS_1/U3/Y (NAND2X2M)     0.07       4.83 f
  Domain_1_TOP_U0/ALU_U1/mult_25/FS_1/U31/Y (OA21X1M)     0.37       5.20 f
  Domain_1_TOP_U0/ALU_U1/mult_25/FS_1/U28/Y (AOI2BB1X1M)
                                                          0.26       5.46 f
  Domain_1_TOP_U0/ALU_U1/mult_25/FS_1/U26/Y (OA21X1M)     0.40       5.86 f
  Domain_1_TOP_U0/ALU_U1/mult_25/FS_1/U21/Y (OAI21BX1M)
                                                          0.25       6.11 r
  Domain_1_TOP_U0/ALU_U1/mult_25/FS_1/U19/Y (OAI21X1M)
                                                          0.13       6.24 f
  Domain_1_TOP_U0/ALU_U1/mult_25/FS_1/U2/Y (AOI21BX2M)
                                                          0.17       6.41 f
  Domain_1_TOP_U0/ALU_U1/mult_25/FS_1/U4/Y (XNOR2X2M)     0.12       6.53 r
  Domain_1_TOP_U0/ALU_U1/mult_25/FS_1/SUM[13] (ALU_DW01_add_1)
                                                          0.00       6.53 r
  Domain_1_TOP_U0/ALU_U1/mult_25/PRODUCT[15] (ALU_DW02_mult_0)
                                                          0.00       6.53 r
  Domain_1_TOP_U0/ALU_U1/U8/Y (OAI2BB1X2M)                0.15       6.68 r
  Domain_1_TOP_U0/ALU_U1/ALU_OUT_reg[15]/D (DFFRQX2M)     0.00       6.68 r
  data arrival time                                                  6.68

  clock REF_CLK (rise edge)                              20.00      20.00
  clock network delay (ideal)                             0.00      20.00
  clock uncertainty                                      -0.20      19.80
  Domain_1_TOP_U0/ALU_U1/ALU_OUT_reg[15]/CK (DFFRQX2M)
                                                          0.00      19.80 r
  library setup time                                     -0.29      19.51
  data required time                                                19.51
  --------------------------------------------------------------------------
  data required time                                                19.51
  data arrival time                                                 -6.68
  --------------------------------------------------------------------------
  slack (MET)                                                       12.83


  Startpoint: Domain_1_TOP_U0/RegFile_U2/regArr_reg[0][0]
              (rising edge-triggered flip-flop clocked by REF_CLK)
  Endpoint: Domain_1_TOP_U0/ALU_U1/ALU_OUT_reg[14]
            (rising edge-triggered flip-flop clocked by REF_CLK)
  Path Group: REF_CLK
  Path Type: max

  Point                                                   Incr       Path
  --------------------------------------------------------------------------
  clock REF_CLK (rise edge)                               0.00       0.00
  clock network delay (ideal)                             0.00       0.00
  Domain_1_TOP_U0/RegFile_U2/regArr_reg[0][0]/CK (DFFRQX2M)
                                                          0.00       0.00 r
  Domain_1_TOP_U0/RegFile_U2/regArr_reg[0][0]/Q (DFFRQX2M)
                                                          0.39       0.39 r
  Domain_1_TOP_U0/RegFile_U2/REG0[0] (RegFile)            0.00       0.39 r
  Domain_1_TOP_U0/ALU_U1/A[0] (ALU)                       0.00       0.39 r
  Domain_1_TOP_U0/ALU_U1/U96/Y (BUFX2M)                   0.26       0.65 r
  Domain_1_TOP_U0/ALU_U1/mult_25/A[0] (ALU_DW02_mult_0)
                                                          0.00       0.65 r
  Domain_1_TOP_U0/ALU_U1/mult_25/U37/Y (INVX2M)           0.14       0.79 f
  Domain_1_TOP_U0/ALU_U1/mult_25/U114/Y (NOR2X1M)         0.18       0.97 r
  Domain_1_TOP_U0/ALU_U1/mult_25/U2/Y (AND2X2M)           0.16       1.13 r
  Domain_1_TOP_U0/ALU_U1/mult_25/S2_2_2/CO (ADDFX2M)      0.54       1.67 r
  Domain_1_TOP_U0/ALU_U1/mult_25/S2_3_2/CO (ADDFX2M)      0.55       2.22 r
  Domain_1_TOP_U0/ALU_U1/mult_25/S2_4_2/CO (ADDFX2M)      0.55       2.77 r
  Domain_1_TOP_U0/ALU_U1/mult_25/S2_5_2/CO (ADDFX2M)      0.55       3.32 r
  Domain_1_TOP_U0/ALU_U1/mult_25/S2_6_2/CO (ADDFX2M)      0.55       3.87 r
  Domain_1_TOP_U0/ALU_U1/mult_25/S4_2/S (ADDFX2M)         0.58       4.45 f
  Domain_1_TOP_U0/ALU_U1/mult_25/U11/Y (CLKXOR2X2M)       0.31       4.76 r
  Domain_1_TOP_U0/ALU_U1/mult_25/FS_1/A[7] (ALU_DW01_add_1)
                                                          0.00       4.76 r
  Domain_1_TOP_U0/ALU_U1/mult_25/FS_1/U3/Y (NAND2X2M)     0.07       4.83 f
  Domain_1_TOP_U0/ALU_U1/mult_25/FS_1/U31/Y (OA21X1M)     0.37       5.20 f
  Domain_1_TOP_U0/ALU_U1/mult_25/FS_1/U28/Y (AOI2BB1X1M)
                                                          0.26       5.46 f
  Domain_1_TOP_U0/ALU_U1/mult_25/FS_1/U26/Y (OA21X1M)     0.40       5.86 f
  Domain_1_TOP_U0/ALU_U1/mult_25/FS_1/U21/Y (OAI21BX1M)
                                                          0.25       6.11 r
  Domain_1_TOP_U0/ALU_U1/mult_25/FS_1/U20/Y (XOR3XLM)     0.16       6.27 r
  Domain_1_TOP_U0/ALU_U1/mult_25/FS_1/SUM[12] (ALU_DW01_add_1)
                                                          0.00       6.27 r
  Domain_1_TOP_U0/ALU_U1/mult_25/PRODUCT[14] (ALU_DW02_mult_0)
                                                          0.00       6.27 r
  Domain_1_TOP_U0/ALU_U1/U9/Y (OAI2BB1X2M)                0.13       6.40 r
  Domain_1_TOP_U0/ALU_U1/ALU_OUT_reg[14]/D (DFFRQX2M)     0.00       6.40 r
  data arrival time                                                  6.40

  clock REF_CLK (rise edge)                              20.00      20.00
  clock network delay (ideal)                             0.00      20.00
  clock uncertainty                                      -0.20      19.80
  Domain_1_TOP_U0/ALU_U1/ALU_OUT_reg[14]/CK (DFFRQX2M)
                                                          0.00      19.80 r
  library setup time                                     -0.29      19.51
  data required time                                                19.51
  --------------------------------------------------------------------------
  data required time                                                19.51
  data arrival time                                                 -6.40
  --------------------------------------------------------------------------
  slack (MET)                                                       13.11


  Startpoint: Domain_1_TOP_U0/RegFile_U2/regArr_reg[0][0]
              (rising edge-triggered flip-flop clocked by REF_CLK)
  Endpoint: Domain_1_TOP_U0/ALU_U1/ALU_OUT_reg[13]
            (rising edge-triggered flip-flop clocked by REF_CLK)
  Path Group: REF_CLK
  Path Type: max

  Point                                                   Incr       Path
  --------------------------------------------------------------------------
  clock REF_CLK (rise edge)                               0.00       0.00
  clock network delay (ideal)                             0.00       0.00
  Domain_1_TOP_U0/RegFile_U2/regArr_reg[0][0]/CK (DFFRQX2M)
                                                          0.00       0.00 r
  Domain_1_TOP_U0/RegFile_U2/regArr_reg[0][0]/Q (DFFRQX2M)
                                                          0.39       0.39 r
  Domain_1_TOP_U0/RegFile_U2/REG0[0] (RegFile)            0.00       0.39 r
  Domain_1_TOP_U0/ALU_U1/A[0] (ALU)                       0.00       0.39 r
  Domain_1_TOP_U0/ALU_U1/U96/Y (BUFX2M)                   0.26       0.65 r
  Domain_1_TOP_U0/ALU_U1/mult_25/A[0] (ALU_DW02_mult_0)
                                                          0.00       0.65 r
  Domain_1_TOP_U0/ALU_U1/mult_25/U37/Y (INVX2M)           0.14       0.79 f
  Domain_1_TOP_U0/ALU_U1/mult_25/U114/Y (NOR2X1M)         0.18       0.97 r
  Domain_1_TOP_U0/ALU_U1/mult_25/U2/Y (AND2X2M)           0.16       1.13 r
  Domain_1_TOP_U0/ALU_U1/mult_25/S2_2_2/CO (ADDFX2M)      0.54       1.67 r
  Domain_1_TOP_U0/ALU_U1/mult_25/S2_3_2/CO (ADDFX2M)      0.55       2.22 r
  Domain_1_TOP_U0/ALU_U1/mult_25/S2_4_2/CO (ADDFX2M)      0.55       2.77 r
  Domain_1_TOP_U0/ALU_U1/mult_25/S2_5_2/CO (ADDFX2M)      0.55       3.32 r
  Domain_1_TOP_U0/ALU_U1/mult_25/S2_6_2/CO (ADDFX2M)      0.55       3.87 r
  Domain_1_TOP_U0/ALU_U1/mult_25/S4_2/S (ADDFX2M)         0.58       4.45 f
  Domain_1_TOP_U0/ALU_U1/mult_25/U11/Y (CLKXOR2X2M)       0.31       4.76 r
  Domain_1_TOP_U0/ALU_U1/mult_25/FS_1/A[7] (ALU_DW01_add_1)
                                                          0.00       4.76 r
  Domain_1_TOP_U0/ALU_U1/mult_25/FS_1/U3/Y (NAND2X2M)     0.07       4.83 f
  Domain_1_TOP_U0/ALU_U1/mult_25/FS_1/U31/Y (OA21X1M)     0.37       5.20 f
  Domain_1_TOP_U0/ALU_U1/mult_25/FS_1/U28/Y (AOI2BB1X1M)
                                                          0.26       5.46 f
  Domain_1_TOP_U0/ALU_U1/mult_25/FS_1/U26/Y (OA21X1M)     0.40       5.86 f
  Domain_1_TOP_U0/ALU_U1/mult_25/FS_1/U22/Y (XNOR2X1M)
                                                          0.10       5.96 r
  Domain_1_TOP_U0/ALU_U1/mult_25/FS_1/SUM[11] (ALU_DW01_add_1)
                                                          0.00       5.96 r
  Domain_1_TOP_U0/ALU_U1/mult_25/PRODUCT[13] (ALU_DW02_mult_0)
                                                          0.00       5.96 r
  Domain_1_TOP_U0/ALU_U1/U11/Y (OAI2BB1X2M)               0.15       6.11 r
  Domain_1_TOP_U0/ALU_U1/ALU_OUT_reg[13]/D (DFFRQX2M)     0.00       6.11 r
  data arrival time                                                  6.11

  clock REF_CLK (rise edge)                              20.00      20.00
  clock network delay (ideal)                             0.00      20.00
  clock uncertainty                                      -0.20      19.80
  Domain_1_TOP_U0/ALU_U1/ALU_OUT_reg[13]/CK (DFFRQX2M)
                                                          0.00      19.80 r
  library setup time                                     -0.29      19.51
  data required time                                                19.51
  --------------------------------------------------------------------------
  data required time                                                19.51
  data arrival time                                                 -6.11
  --------------------------------------------------------------------------
  slack (MET)                                                       13.39


  Startpoint: Domain_1_TOP_U0/RegFile_U2/regArr_reg[0][0]
              (rising edge-triggered flip-flop clocked by REF_CLK)
  Endpoint: Domain_1_TOP_U0/ALU_U1/ALU_OUT_reg[12]
            (rising edge-triggered flip-flop clocked by REF_CLK)
  Path Group: REF_CLK
  Path Type: max

  Point                                                   Incr       Path
  --------------------------------------------------------------------------
  clock REF_CLK (rise edge)                               0.00       0.00
  clock network delay (ideal)                             0.00       0.00
  Domain_1_TOP_U0/RegFile_U2/regArr_reg[0][0]/CK (DFFRQX2M)
                                                          0.00       0.00 r
  Domain_1_TOP_U0/RegFile_U2/regArr_reg[0][0]/Q (DFFRQX2M)
                                                          0.39       0.39 r
  Domain_1_TOP_U0/RegFile_U2/REG0[0] (RegFile)            0.00       0.39 r
  Domain_1_TOP_U0/ALU_U1/A[0] (ALU)                       0.00       0.39 r
  Domain_1_TOP_U0/ALU_U1/U96/Y (BUFX2M)                   0.26       0.65 r
  Domain_1_TOP_U0/ALU_U1/mult_25/A[0] (ALU_DW02_mult_0)
                                                          0.00       0.65 r
  Domain_1_TOP_U0/ALU_U1/mult_25/U37/Y (INVX2M)           0.14       0.79 f
  Domain_1_TOP_U0/ALU_U1/mult_25/U114/Y (NOR2X1M)         0.18       0.97 r
  Domain_1_TOP_U0/ALU_U1/mult_25/U2/Y (AND2X2M)           0.16       1.13 r
  Domain_1_TOP_U0/ALU_U1/mult_25/S2_2_2/CO (ADDFX2M)      0.54       1.67 r
  Domain_1_TOP_U0/ALU_U1/mult_25/S2_3_2/CO (ADDFX2M)      0.55       2.22 r
  Domain_1_TOP_U0/ALU_U1/mult_25/S2_4_2/CO (ADDFX2M)      0.55       2.77 r
  Domain_1_TOP_U0/ALU_U1/mult_25/S2_5_2/CO (ADDFX2M)      0.55       3.32 r
  Domain_1_TOP_U0/ALU_U1/mult_25/S2_6_2/CO (ADDFX2M)      0.55       3.87 r
  Domain_1_TOP_U0/ALU_U1/mult_25/S4_2/S (ADDFX2M)         0.58       4.45 f
  Domain_1_TOP_U0/ALU_U1/mult_25/U11/Y (CLKXOR2X2M)       0.31       4.76 r
  Domain_1_TOP_U0/ALU_U1/mult_25/FS_1/A[7] (ALU_DW01_add_1)
                                                          0.00       4.76 r
  Domain_1_TOP_U0/ALU_U1/mult_25/FS_1/U3/Y (NAND2X2M)     0.07       4.83 f
  Domain_1_TOP_U0/ALU_U1/mult_25/FS_1/U31/Y (OA21X1M)     0.37       5.20 f
  Domain_1_TOP_U0/ALU_U1/mult_25/FS_1/U28/Y (AOI2BB1X1M)
                                                          0.26       5.46 f
  Domain_1_TOP_U0/ALU_U1/mult_25/FS_1/U27/Y (CLKXOR2X2M)
                                                          0.26       5.72 r
  Domain_1_TOP_U0/ALU_U1/mult_25/FS_1/SUM[10] (ALU_DW01_add_1)
                                                          0.00       5.72 r
  Domain_1_TOP_U0/ALU_U1/mult_25/PRODUCT[12] (ALU_DW02_mult_0)
                                                          0.00       5.72 r
  Domain_1_TOP_U0/ALU_U1/U10/Y (OAI2BB1X2M)               0.12       5.85 r
  Domain_1_TOP_U0/ALU_U1/ALU_OUT_reg[12]/D (DFFRQX2M)     0.00       5.85 r
  data arrival time                                                  5.85

  clock REF_CLK (rise edge)                              20.00      20.00
  clock network delay (ideal)                             0.00      20.00
  clock uncertainty                                      -0.20      19.80
  Domain_1_TOP_U0/ALU_U1/ALU_OUT_reg[12]/CK (DFFRQX2M)
                                                          0.00      19.80 r
  library setup time                                     -0.29      19.51
  data required time                                                19.51
  --------------------------------------------------------------------------
  data required time                                                19.51
  data arrival time                                                 -5.85
  --------------------------------------------------------------------------
  slack (MET)                                                       13.66


  Startpoint: Domain_1_TOP_U0/RegFile_U2/regArr_reg[1][6]
              (rising edge-triggered flip-flop clocked by REF_CLK)
  Endpoint: Domain_1_TOP_U0/ALU_U1/ALU_OUT_reg[4]
            (rising edge-triggered flip-flop clocked by REF_CLK)
  Path Group: REF_CLK
  Path Type: max

  Point                                                   Incr       Path
  --------------------------------------------------------------------------
  clock REF_CLK (rise edge)                               0.00       0.00
  clock network delay (ideal)                             0.00       0.00
  Domain_1_TOP_U0/RegFile_U2/regArr_reg[1][6]/CK (DFFRQX2M)
                                                          0.00       0.00 r
  Domain_1_TOP_U0/RegFile_U2/regArr_reg[1][6]/Q (DFFRQX2M)
                                                          0.48       0.48 f
  Domain_1_TOP_U0/RegFile_U2/REG1[6] (RegFile)            0.00       0.48 f
  Domain_1_TOP_U0/ALU_U1/B[6] (ALU)                       0.00       0.48 f
  Domain_1_TOP_U0/ALU_U1/U89/Y (BUFX2M)                   0.21       0.70 f
  Domain_1_TOP_U0/ALU_U1/div_26/b[6] (ALU_DW_div_uns_0)
                                                          0.00       0.70 f
  Domain_1_TOP_U0/ALU_U1/div_26/U70/Y (NOR2X1M)           0.16       0.85 r
  Domain_1_TOP_U0/ALU_U1/div_26/U67/Y (AND3X1M)           0.20       1.06 r
  Domain_1_TOP_U0/ALU_U1/div_26/U65/Y (AND2X1M)           0.16       1.22 r
  Domain_1_TOP_U0/ALU_U1/div_26/U62/Y (AND4X1M)           0.25       1.47 r
  Domain_1_TOP_U0/ALU_U1/div_26/U40/Y (CLKMX2X2M)         0.24       1.71 f
  Domain_1_TOP_U0/ALU_U1/div_26/u_div/u_fa_PartRem_0_6_1/CO (ADDFX2M)
                                                          0.44       2.15 f
  Domain_1_TOP_U0/ALU_U1/div_26/U63/Y (AND3X1M)           0.32       2.47 f
  Domain_1_TOP_U0/ALU_U1/div_26/U46/Y (CLKMX2X2M)         0.24       2.71 r
  Domain_1_TOP_U0/ALU_U1/div_26/u_div/u_fa_PartRem_0_5_1/CO (ADDFX2M)
                                                          0.49       3.20 r
  Domain_1_TOP_U0/ALU_U1/div_26/u_div/u_fa_PartRem_0_5_2/CO (ADDFX2M)
                                                          0.24       3.43 r
  Domain_1_TOP_U0/ALU_U1/div_26/U64/Y (AND2X1M)           0.24       3.68 r
  Domain_1_TOP_U0/ALU_U1/div_26/U51/Y (CLKMX2X2M)         0.27       3.94 f
  Domain_1_TOP_U0/ALU_U1/div_26/u_div/u_fa_PartRem_0_4_1/CO (ADDFX2M)
                                                          0.46       4.40 f
  Domain_1_TOP_U0/ALU_U1/div_26/u_div/u_fa_PartRem_0_4_2/CO (ADDFX2M)
                                                          0.33       4.73 f
  Domain_1_TOP_U0/ALU_U1/div_26/u_div/u_fa_PartRem_0_4_3/CO (ADDFX2M)
                                                          0.31       5.03 f
  Domain_1_TOP_U0/ALU_U1/div_26/U66/Y (AND2X1M)           0.28       5.31 f
  Domain_1_TOP_U0/ALU_U1/div_26/quotient[4] (ALU_DW_div_uns_0)
                                                          0.00       5.31 f
  Domain_1_TOP_U0/ALU_U1/U47/Y (AOI222X1M)                0.43       5.74 r
  Domain_1_TOP_U0/ALU_U1/U44/Y (AOI31X2M)                 0.14       5.88 f
  Domain_1_TOP_U0/ALU_U1/ALU_OUT_reg[4]/D (DFFRQX2M)      0.00       5.88 f
  data arrival time                                                  5.88

  clock REF_CLK (rise edge)                              20.00      20.00
  clock network delay (ideal)                             0.00      20.00
  clock uncertainty                                      -0.20      19.80
  Domain_1_TOP_U0/ALU_U1/ALU_OUT_reg[4]/CK (DFFRQX2M)     0.00      19.80 r
  library setup time                                     -0.16      19.64
  data required time                                                19.64
  --------------------------------------------------------------------------
  data required time                                                19.64
  data arrival time                                                 -5.88
  --------------------------------------------------------------------------
  slack (MET)                                                       13.76


  Startpoint: Domain_1_TOP_U0/RegFile_U2/regArr_reg[0][0]
              (rising edge-triggered flip-flop clocked by REF_CLK)
  Endpoint: Domain_1_TOP_U0/ALU_U1/ALU_OUT_reg[11]
            (rising edge-triggered flip-flop clocked by REF_CLK)
  Path Group: REF_CLK
  Path Type: max

  Point                                                   Incr       Path
  --------------------------------------------------------------------------
  clock REF_CLK (rise edge)                               0.00       0.00
  clock network delay (ideal)                             0.00       0.00
  Domain_1_TOP_U0/RegFile_U2/regArr_reg[0][0]/CK (DFFRQX2M)
                                                          0.00       0.00 r
  Domain_1_TOP_U0/RegFile_U2/regArr_reg[0][0]/Q (DFFRQX2M)
                                                          0.39       0.39 r
  Domain_1_TOP_U0/RegFile_U2/REG0[0] (RegFile)            0.00       0.39 r
  Domain_1_TOP_U0/ALU_U1/A[0] (ALU)                       0.00       0.39 r
  Domain_1_TOP_U0/ALU_U1/U96/Y (BUFX2M)                   0.26       0.65 r
  Domain_1_TOP_U0/ALU_U1/mult_25/A[0] (ALU_DW02_mult_0)
                                                          0.00       0.65 r
  Domain_1_TOP_U0/ALU_U1/mult_25/U37/Y (INVX2M)           0.14       0.79 f
  Domain_1_TOP_U0/ALU_U1/mult_25/U114/Y (NOR2X1M)         0.18       0.97 r
  Domain_1_TOP_U0/ALU_U1/mult_25/U2/Y (AND2X2M)           0.16       1.13 r
  Domain_1_TOP_U0/ALU_U1/mult_25/S2_2_2/CO (ADDFX2M)      0.54       1.67 r
  Domain_1_TOP_U0/ALU_U1/mult_25/S2_3_2/CO (ADDFX2M)      0.55       2.22 r
  Domain_1_TOP_U0/ALU_U1/mult_25/S2_4_2/CO (ADDFX2M)      0.55       2.77 r
  Domain_1_TOP_U0/ALU_U1/mult_25/S2_5_2/CO (ADDFX2M)      0.55       3.32 r
  Domain_1_TOP_U0/ALU_U1/mult_25/S2_6_2/CO (ADDFX2M)      0.55       3.87 r
  Domain_1_TOP_U0/ALU_U1/mult_25/S4_2/S (ADDFX2M)         0.58       4.45 f
  Domain_1_TOP_U0/ALU_U1/mult_25/U11/Y (CLKXOR2X2M)       0.31       4.76 r
  Domain_1_TOP_U0/ALU_U1/mult_25/FS_1/A[7] (ALU_DW01_add_1)
                                                          0.00       4.76 r
  Domain_1_TOP_U0/ALU_U1/mult_25/FS_1/U3/Y (NAND2X2M)     0.07       4.83 f
  Domain_1_TOP_U0/ALU_U1/mult_25/FS_1/U31/Y (OA21X1M)     0.37       5.20 f
  Domain_1_TOP_U0/ALU_U1/mult_25/FS_1/U15/Y (XNOR2X1M)
                                                          0.10       5.30 r
  Domain_1_TOP_U0/ALU_U1/mult_25/FS_1/SUM[9] (ALU_DW01_add_1)
                                                          0.00       5.30 r
  Domain_1_TOP_U0/ALU_U1/mult_25/PRODUCT[11] (ALU_DW02_mult_0)
                                                          0.00       5.30 r
  Domain_1_TOP_U0/ALU_U1/U14/Y (OAI2BB1X2M)               0.15       5.45 r
  Domain_1_TOP_U0/ALU_U1/ALU_OUT_reg[11]/D (DFFRQX2M)     0.00       5.45 r
  data arrival time                                                  5.45

  clock REF_CLK (rise edge)                              20.00      20.00
  clock network delay (ideal)                             0.00      20.00
  clock uncertainty                                      -0.20      19.80
  Domain_1_TOP_U0/ALU_U1/ALU_OUT_reg[11]/CK (DFFRQX2M)
                                                          0.00      19.80 r
  library setup time                                     -0.29      19.51
  data required time                                                19.51
  --------------------------------------------------------------------------
  data required time                                                19.51
  data arrival time                                                 -5.45
  --------------------------------------------------------------------------
  slack (MET)                                                       14.06


  Startpoint: Domain_1_TOP_U0/RegFile_U2/regArr_reg[0][0]
              (rising edge-triggered flip-flop clocked by REF_CLK)
  Endpoint: Domain_1_TOP_U0/ALU_U1/ALU_OUT_reg[10]
            (rising edge-triggered flip-flop clocked by REF_CLK)
  Path Group: REF_CLK
  Path Type: max

  Point                                                   Incr       Path
  --------------------------------------------------------------------------
  clock REF_CLK (rise edge)                               0.00       0.00
  clock network delay (ideal)                             0.00       0.00
  Domain_1_TOP_U0/RegFile_U2/regArr_reg[0][0]/CK (DFFRQX2M)
                                                          0.00       0.00 r
  Domain_1_TOP_U0/RegFile_U2/regArr_reg[0][0]/Q (DFFRQX2M)
                                                          0.39       0.39 r
  Domain_1_TOP_U0/RegFile_U2/REG0[0] (RegFile)            0.00       0.39 r
  Domain_1_TOP_U0/ALU_U1/A[0] (ALU)                       0.00       0.39 r
  Domain_1_TOP_U0/ALU_U1/U96/Y (BUFX2M)                   0.26       0.65 r
  Domain_1_TOP_U0/ALU_U1/mult_25/A[0] (ALU_DW02_mult_0)
                                                          0.00       0.65 r
  Domain_1_TOP_U0/ALU_U1/mult_25/U37/Y (INVX2M)           0.14       0.79 f
  Domain_1_TOP_U0/ALU_U1/mult_25/U113/Y (NOR2X1M)         0.18       0.97 r
  Domain_1_TOP_U0/ALU_U1/mult_25/U3/Y (AND2X2M)           0.16       1.13 r
  Domain_1_TOP_U0/ALU_U1/mult_25/S2_2_3/CO (ADDFX2M)      0.54       1.67 r
  Domain_1_TOP_U0/ALU_U1/mult_25/S2_3_3/CO (ADDFX2M)      0.55       2.22 r
  Domain_1_TOP_U0/ALU_U1/mult_25/S2_4_3/CO (ADDFX2M)      0.55       2.77 r
  Domain_1_TOP_U0/ALU_U1/mult_25/S2_5_3/CO (ADDFX2M)      0.55       3.32 r
  Domain_1_TOP_U0/ALU_U1/mult_25/S2_6_3/CO (ADDFX2M)      0.55       3.87 r
  Domain_1_TOP_U0/ALU_U1/mult_25/S4_3/S (ADDFX2M)         0.58       4.45 f
  Domain_1_TOP_U0/ALU_U1/mult_25/U12/Y (CLKXOR2X2M)       0.30       4.75 r
  Domain_1_TOP_U0/ALU_U1/mult_25/FS_1/A[8] (ALU_DW01_add_1)
                                                          0.00       4.75 r
  Domain_1_TOP_U0/ALU_U1/mult_25/FS_1/U33/Y (NOR2X1M)     0.06       4.81 f
  Domain_1_TOP_U0/ALU_U1/mult_25/FS_1/U18/Y (NAND2BX1M)
                                                          0.20       5.02 f
  Domain_1_TOP_U0/ALU_U1/mult_25/FS_1/U17/Y (CLKXOR2X2M)
                                                          0.19       5.20 r
  Domain_1_TOP_U0/ALU_U1/mult_25/FS_1/SUM[8] (ALU_DW01_add_1)
                                                          0.00       5.20 r
  Domain_1_TOP_U0/ALU_U1/mult_25/PRODUCT[10] (ALU_DW02_mult_0)
                                                          0.00       5.20 r
  Domain_1_TOP_U0/ALU_U1/U13/Y (OAI2BB1X2M)               0.12       5.33 r
  Domain_1_TOP_U0/ALU_U1/ALU_OUT_reg[10]/D (DFFRQX2M)     0.00       5.33 r
  data arrival time                                                  5.33

  clock REF_CLK (rise edge)                              20.00      20.00
  clock network delay (ideal)                             0.00      20.00
  clock uncertainty                                      -0.20      19.80
  Domain_1_TOP_U0/ALU_U1/ALU_OUT_reg[10]/CK (DFFRQX2M)
                                                          0.00      19.80 r
  library setup time                                     -0.29      19.51
  data required time                                                19.51
  --------------------------------------------------------------------------
  data required time                                                19.51
  data arrival time                                                 -5.33
  --------------------------------------------------------------------------
  slack (MET)                                                       14.18


  Startpoint: Domain_1_TOP_U0/RegFile_U2/regArr_reg[0][0]
              (rising edge-triggered flip-flop clocked by REF_CLK)
  Endpoint: Domain_1_TOP_U0/ALU_U1/ALU_OUT_reg[8]
            (rising edge-triggered flip-flop clocked by REF_CLK)
  Path Group: REF_CLK
  Path Type: max

  Point                                                   Incr       Path
  --------------------------------------------------------------------------
  clock REF_CLK (rise edge)                               0.00       0.00
  clock network delay (ideal)                             0.00       0.00
  Domain_1_TOP_U0/RegFile_U2/regArr_reg[0][0]/CK (DFFRQX2M)
                                                          0.00       0.00 r
  Domain_1_TOP_U0/RegFile_U2/regArr_reg[0][0]/Q (DFFRQX2M)
                                                          0.39       0.39 r
  Domain_1_TOP_U0/RegFile_U2/REG0[0] (RegFile)            0.00       0.39 r
  Domain_1_TOP_U0/ALU_U1/A[0] (ALU)                       0.00       0.39 r
  Domain_1_TOP_U0/ALU_U1/U96/Y (BUFX2M)                   0.26       0.65 r
  Domain_1_TOP_U0/ALU_U1/mult_25/A[0] (ALU_DW02_mult_0)
                                                          0.00       0.65 r
  Domain_1_TOP_U0/ALU_U1/mult_25/U37/Y (INVX2M)           0.14       0.79 f
  Domain_1_TOP_U0/ALU_U1/mult_25/U115/Y (NOR2X1M)         0.18       0.97 r
  Domain_1_TOP_U0/ALU_U1/mult_25/U4/Y (AND2X2M)           0.16       1.13 r
  Domain_1_TOP_U0/ALU_U1/mult_25/S2_2_1/CO (ADDFX2M)      0.54       1.67 r
  Domain_1_TOP_U0/ALU_U1/mult_25/S2_3_1/CO (ADDFX2M)      0.55       2.22 r
  Domain_1_TOP_U0/ALU_U1/mult_25/S2_4_1/CO (ADDFX2M)      0.55       2.77 r
  Domain_1_TOP_U0/ALU_U1/mult_25/S2_5_1/CO (ADDFX2M)      0.55       3.32 r
  Domain_1_TOP_U0/ALU_U1/mult_25/S2_6_1/CO (ADDFX2M)      0.55       3.87 r
  Domain_1_TOP_U0/ALU_U1/mult_25/S4_1/S (ADDFX2M)         0.59       4.46 f
  Domain_1_TOP_U0/ALU_U1/mult_25/U28/Y (INVX2M)           0.08       4.54 r
  Domain_1_TOP_U0/ALU_U1/mult_25/U27/Y (XNOR2X2M)         0.17       4.71 r
  Domain_1_TOP_U0/ALU_U1/mult_25/FS_1/A[6] (ALU_DW01_add_1)
                                                          0.00       4.71 r
  Domain_1_TOP_U0/ALU_U1/mult_25/FS_1/U7/Y (INVX2M)       0.06       4.77 f
  Domain_1_TOP_U0/ALU_U1/mult_25/FS_1/U8/Y (INVX2M)       0.05       4.82 r
  Domain_1_TOP_U0/ALU_U1/mult_25/FS_1/SUM[6] (ALU_DW01_add_1)
                                                          0.00       4.82 r
  Domain_1_TOP_U0/ALU_U1/mult_25/PRODUCT[8] (ALU_DW02_mult_0)
                                                          0.00       4.82 r
  Domain_1_TOP_U0/ALU_U1/U62/Y (AOI2BB2XLM)               0.11       4.93 f
  Domain_1_TOP_U0/ALU_U1/U60/Y (AOI21X2M)                 0.17       5.10 r
  Domain_1_TOP_U0/ALU_U1/ALU_OUT_reg[8]/D (DFFRQX2M)      0.00       5.10 r
  data arrival time                                                  5.10

  clock REF_CLK (rise edge)                              20.00      20.00
  clock network delay (ideal)                             0.00      20.00
  clock uncertainty                                      -0.20      19.80
  Domain_1_TOP_U0/ALU_U1/ALU_OUT_reg[8]/CK (DFFRQX2M)     0.00      19.80 r
  library setup time                                     -0.30      19.50
  data required time                                                19.50
  --------------------------------------------------------------------------
  data required time                                                19.50
  data arrival time                                                 -5.10
  --------------------------------------------------------------------------
  slack (MET)                                                       14.40


  Startpoint: Domain_1_TOP_U0/RegFile_U2/regArr_reg[0][0]
              (rising edge-triggered flip-flop clocked by REF_CLK)
  Endpoint: Domain_1_TOP_U0/ALU_U1/ALU_OUT_reg[9]
            (rising edge-triggered flip-flop clocked by REF_CLK)
  Path Group: REF_CLK
  Path Type: max

  Point                                                   Incr       Path
  --------------------------------------------------------------------------
  clock REF_CLK (rise edge)                               0.00       0.00
  clock network delay (ideal)                             0.00       0.00
  Domain_1_TOP_U0/RegFile_U2/regArr_reg[0][0]/CK (DFFRQX2M)
                                                          0.00       0.00 r
  Domain_1_TOP_U0/RegFile_U2/regArr_reg[0][0]/Q (DFFRQX2M)
                                                          0.39       0.39 r
  Domain_1_TOP_U0/RegFile_U2/REG0[0] (RegFile)            0.00       0.39 r
  Domain_1_TOP_U0/ALU_U1/A[0] (ALU)                       0.00       0.39 r
  Domain_1_TOP_U0/ALU_U1/U96/Y (BUFX2M)                   0.26       0.65 r
  Domain_1_TOP_U0/ALU_U1/mult_25/A[0] (ALU_DW02_mult_0)
                                                          0.00       0.65 r
  Domain_1_TOP_U0/ALU_U1/mult_25/U37/Y (INVX2M)           0.14       0.79 f
  Domain_1_TOP_U0/ALU_U1/mult_25/U115/Y (NOR2X1M)         0.18       0.97 r
  Domain_1_TOP_U0/ALU_U1/mult_25/U4/Y (AND2X2M)           0.16       1.13 r
  Domain_1_TOP_U0/ALU_U1/mult_25/S2_2_1/CO (ADDFX2M)      0.54       1.67 r
  Domain_1_TOP_U0/ALU_U1/mult_25/S2_3_1/CO (ADDFX2M)      0.55       2.22 r
  Domain_1_TOP_U0/ALU_U1/mult_25/S2_4_1/CO (ADDFX2M)      0.55       2.77 r
  Domain_1_TOP_U0/ALU_U1/mult_25/S2_5_1/CO (ADDFX2M)      0.55       3.32 r
  Domain_1_TOP_U0/ALU_U1/mult_25/S2_6_1/CO (ADDFX2M)      0.55       3.87 r
  Domain_1_TOP_U0/ALU_U1/mult_25/S4_1/S (ADDFX2M)         0.59       4.46 f
  Domain_1_TOP_U0/ALU_U1/mult_25/U18/Y (AND2X2M)          0.20       4.66 f
  Domain_1_TOP_U0/ALU_U1/mult_25/FS_1/B[7] (ALU_DW01_add_1)
                                                          0.00       4.66 f
  Domain_1_TOP_U0/ALU_U1/mult_25/FS_1/U6/Y (INVX2M)       0.06       4.72 r
  Domain_1_TOP_U0/ALU_U1/mult_25/FS_1/U5/Y (XNOR2X2M)     0.15       4.87 r
  Domain_1_TOP_U0/ALU_U1/mult_25/FS_1/SUM[7] (ALU_DW01_add_1)
                                                          0.00       4.87 r
  Domain_1_TOP_U0/ALU_U1/mult_25/PRODUCT[9] (ALU_DW02_mult_0)
                                                          0.00       4.87 r
  Domain_1_TOP_U0/ALU_U1/U12/Y (OAI2BB1X2M)               0.15       5.02 r
  Domain_1_TOP_U0/ALU_U1/ALU_OUT_reg[9]/D (DFFRQX2M)      0.00       5.02 r
  data arrival time                                                  5.02

  clock REF_CLK (rise edge)                              20.00      20.00
  clock network delay (ideal)                             0.00      20.00
  clock uncertainty                                      -0.20      19.80
  Domain_1_TOP_U0/ALU_U1/ALU_OUT_reg[9]/CK (DFFRQX2M)     0.00      19.80 r
  library setup time                                     -0.29      19.51
  data required time                                                19.51
  --------------------------------------------------------------------------
  data required time                                                19.51
  data arrival time                                                 -5.02
  --------------------------------------------------------------------------
  slack (MET)                                                       14.49


  Startpoint: Domain_1_TOP_U0/RegFile_U2/regArr_reg[0][1]
              (rising edge-triggered flip-flop clocked by REF_CLK)
  Endpoint: Domain_1_TOP_U0/ALU_U1/ALU_OUT_reg[7]
            (rising edge-triggered flip-flop clocked by REF_CLK)
  Path Group: REF_CLK
  Path Type: max

  Point                                                   Incr       Path
  --------------------------------------------------------------------------
  clock REF_CLK (rise edge)                               0.00       0.00
  clock network delay (ideal)                             0.00       0.00
  Domain_1_TOP_U0/RegFile_U2/regArr_reg[0][1]/CK (DFFRQX2M)
                                                          0.00       0.00 r
  Domain_1_TOP_U0/RegFile_U2/regArr_reg[0][1]/Q (DFFRQX2M)
                                                          0.39       0.39 r
  Domain_1_TOP_U0/RegFile_U2/REG0[1] (RegFile)            0.00       0.39 r
  Domain_1_TOP_U0/ALU_U1/A[1] (ALU)                       0.00       0.39 r
  Domain_1_TOP_U0/ALU_U1/U95/Y (BUFX2M)                   0.25       0.64 r
  Domain_1_TOP_U0/ALU_U1/mult_25/A[1] (ALU_DW02_mult_0)
                                                          0.00       0.64 r
  Domain_1_TOP_U0/ALU_U1/mult_25/U36/Y (INVX2M)           0.14       0.79 f
  Domain_1_TOP_U0/ALU_U1/mult_25/U109/Y (NOR2X1M)         0.19       0.97 r
  Domain_1_TOP_U0/ALU_U1/mult_25/U8/Y (AND2X2M)           0.16       1.14 r
  Domain_1_TOP_U0/ALU_U1/mult_25/S1_2_0/CO (ADDFX2M)      0.54       1.68 r
  Domain_1_TOP_U0/ALU_U1/mult_25/S1_3_0/CO (ADDFX2M)      0.55       2.23 r
  Domain_1_TOP_U0/ALU_U1/mult_25/S1_4_0/CO (ADDFX2M)      0.55       2.78 r
  Domain_1_TOP_U0/ALU_U1/mult_25/S1_5_0/CO (ADDFX2M)      0.55       3.33 r
  Domain_1_TOP_U0/ALU_U1/mult_25/S1_6_0/CO (ADDFX2M)      0.55       3.88 r
  Domain_1_TOP_U0/ALU_U1/mult_25/S4_0/S (ADDFX2M)         0.56       4.44 f
  Domain_1_TOP_U0/ALU_U1/mult_25/FS_1/A[5] (ALU_DW01_add_1)
                                                          0.00       4.44 f
  Domain_1_TOP_U0/ALU_U1/mult_25/FS_1/U14/Y (BUFX2M)      0.15       4.59 f
  Domain_1_TOP_U0/ALU_U1/mult_25/FS_1/SUM[5] (ALU_DW01_add_1)
                                                          0.00       4.59 f
  Domain_1_TOP_U0/ALU_U1/mult_25/PRODUCT[7] (ALU_DW02_mult_0)
                                                          0.00       4.59 f
  Domain_1_TOP_U0/ALU_U1/U59/Y (AOI22X1M)                 0.19       4.77 r
  Domain_1_TOP_U0/ALU_U1/U56/Y (AOI31X2M)                 0.11       4.88 f
  Domain_1_TOP_U0/ALU_U1/ALU_OUT_reg[7]/D (DFFRQX2M)      0.00       4.88 f
  data arrival time                                                  4.88

  clock REF_CLK (rise edge)                              20.00      20.00
  clock network delay (ideal)                             0.00      20.00
  clock uncertainty                                      -0.20      19.80
  Domain_1_TOP_U0/ALU_U1/ALU_OUT_reg[7]/CK (DFFRQX2M)     0.00      19.80 r
  library setup time                                     -0.16      19.64
  data required time                                                19.64
  --------------------------------------------------------------------------
  data required time                                                19.64
  data arrival time                                                 -4.88
  --------------------------------------------------------------------------
  slack (MET)                                                       14.76


  Startpoint: Domain_1_TOP_U0/RegFile_U2/regArr_reg[0][1]
              (rising edge-triggered flip-flop clocked by REF_CLK)
  Endpoint: Domain_1_TOP_U0/ALU_U1/ALU_OUT_reg[6]
            (rising edge-triggered flip-flop clocked by REF_CLK)
  Path Group: REF_CLK
  Path Type: max

  Point                                                   Incr       Path
  --------------------------------------------------------------------------
  clock REF_CLK (rise edge)                               0.00       0.00
  clock network delay (ideal)                             0.00       0.00
  Domain_1_TOP_U0/RegFile_U2/regArr_reg[0][1]/CK (DFFRQX2M)
                                                          0.00       0.00 r
  Domain_1_TOP_U0/RegFile_U2/regArr_reg[0][1]/Q (DFFRQX2M)
                                                          0.39       0.39 r
  Domain_1_TOP_U0/RegFile_U2/REG0[1] (RegFile)            0.00       0.39 r
  Domain_1_TOP_U0/ALU_U1/A[1] (ALU)                       0.00       0.39 r
  Domain_1_TOP_U0/ALU_U1/U95/Y (BUFX2M)                   0.25       0.64 r
  Domain_1_TOP_U0/ALU_U1/mult_25/A[1] (ALU_DW02_mult_0)
                                                          0.00       0.64 r
  Domain_1_TOP_U0/ALU_U1/mult_25/U36/Y (INVX2M)           0.14       0.79 f
  Domain_1_TOP_U0/ALU_U1/mult_25/U109/Y (NOR2X1M)         0.19       0.97 r
  Domain_1_TOP_U0/ALU_U1/mult_25/U8/Y (AND2X2M)           0.16       1.14 r
  Domain_1_TOP_U0/ALU_U1/mult_25/S1_2_0/CO (ADDFX2M)      0.54       1.68 r
  Domain_1_TOP_U0/ALU_U1/mult_25/S1_3_0/CO (ADDFX2M)      0.55       2.23 r
  Domain_1_TOP_U0/ALU_U1/mult_25/S1_4_0/CO (ADDFX2M)      0.55       2.78 r
  Domain_1_TOP_U0/ALU_U1/mult_25/S1_5_0/CO (ADDFX2M)      0.55       3.33 r
  Domain_1_TOP_U0/ALU_U1/mult_25/S1_6_0/S (ADDFX2M)       0.56       3.89 f
  Domain_1_TOP_U0/ALU_U1/mult_25/FS_1/A[4] (ALU_DW01_add_1)
                                                          0.00       3.89 f
  Domain_1_TOP_U0/ALU_U1/mult_25/FS_1/U13/Y (BUFX2M)      0.15       4.04 f
  Domain_1_TOP_U0/ALU_U1/mult_25/FS_1/SUM[4] (ALU_DW01_add_1)
                                                          0.00       4.04 f
  Domain_1_TOP_U0/ALU_U1/mult_25/PRODUCT[6] (ALU_DW02_mult_0)
                                                          0.00       4.04 f
  Domain_1_TOP_U0/ALU_U1/U55/Y (AOI222X1M)                0.25       4.28 r
  Domain_1_TOP_U0/ALU_U1/U52/Y (AOI31X2M)                 0.14       4.42 f
  Domain_1_TOP_U0/ALU_U1/ALU_OUT_reg[6]/D (DFFRQX2M)      0.00       4.42 f
  data arrival time                                                  4.42

  clock REF_CLK (rise edge)                              20.00      20.00
  clock network delay (ideal)                             0.00      20.00
  clock uncertainty                                      -0.20      19.80
  Domain_1_TOP_U0/ALU_U1/ALU_OUT_reg[6]/CK (DFFRQX2M)     0.00      19.80 r
  library setup time                                     -0.16      19.64
  data required time                                                19.64
  --------------------------------------------------------------------------
  data required time                                                19.64
  data arrival time                                                 -4.42
  --------------------------------------------------------------------------
  slack (MET)                                                       15.22


  Startpoint: Domain_1_TOP_U0/RegFile_U2/regArr_reg[1][6]
              (rising edge-triggered flip-flop clocked by REF_CLK)
  Endpoint: Domain_1_TOP_U0/ALU_U1/ALU_OUT_reg[5]
            (rising edge-triggered flip-flop clocked by REF_CLK)
  Path Group: REF_CLK
  Path Type: max

  Point                                                   Incr       Path
  --------------------------------------------------------------------------
  clock REF_CLK (rise edge)                               0.00       0.00
  clock network delay (ideal)                             0.00       0.00
  Domain_1_TOP_U0/RegFile_U2/regArr_reg[1][6]/CK (DFFRQX2M)
                                                          0.00       0.00 r
  Domain_1_TOP_U0/RegFile_U2/regArr_reg[1][6]/Q (DFFRQX2M)
                                                          0.48       0.48 f
  Domain_1_TOP_U0/RegFile_U2/REG1[6] (RegFile)            0.00       0.48 f
  Domain_1_TOP_U0/ALU_U1/B[6] (ALU)                       0.00       0.48 f
  Domain_1_TOP_U0/ALU_U1/U89/Y (BUFX2M)                   0.21       0.70 f
  Domain_1_TOP_U0/ALU_U1/div_26/b[6] (ALU_DW_div_uns_0)
                                                          0.00       0.70 f
  Domain_1_TOP_U0/ALU_U1/div_26/U70/Y (NOR2X1M)           0.16       0.85 r
  Domain_1_TOP_U0/ALU_U1/div_26/U67/Y (AND3X1M)           0.20       1.06 r
  Domain_1_TOP_U0/ALU_U1/div_26/U65/Y (AND2X1M)           0.16       1.22 r
  Domain_1_TOP_U0/ALU_U1/div_26/U62/Y (AND4X1M)           0.25       1.47 r
  Domain_1_TOP_U0/ALU_U1/div_26/U40/Y (CLKMX2X2M)         0.24       1.71 f
  Domain_1_TOP_U0/ALU_U1/div_26/u_div/u_fa_PartRem_0_6_1/CO (ADDFX2M)
                                                          0.44       2.15 f
  Domain_1_TOP_U0/ALU_U1/div_26/U63/Y (AND3X1M)           0.32       2.47 f
  Domain_1_TOP_U0/ALU_U1/div_26/U46/Y (CLKMX2X2M)         0.22       2.69 f
  Domain_1_TOP_U0/ALU_U1/div_26/u_div/u_fa_PartRem_0_5_1/CO (ADDFX2M)
                                                          0.46       3.15 f
  Domain_1_TOP_U0/ALU_U1/div_26/u_div/u_fa_PartRem_0_5_2/CO (ADDFX2M)
                                                          0.31       3.45 f
  Domain_1_TOP_U0/ALU_U1/div_26/U64/Y (AND2X1M)           0.26       3.71 f
  Domain_1_TOP_U0/ALU_U1/div_26/quotient[5] (ALU_DW_div_uns_0)
                                                          0.00       3.71 f
  Domain_1_TOP_U0/ALU_U1/U51/Y (AOI222X1M)                0.42       4.13 r
  Domain_1_TOP_U0/ALU_U1/U48/Y (AOI31X2M)                 0.14       4.27 f
  Domain_1_TOP_U0/ALU_U1/ALU_OUT_reg[5]/D (DFFRQX2M)      0.00       4.27 f
  data arrival time                                                  4.27

  clock REF_CLK (rise edge)                              20.00      20.00
  clock network delay (ideal)                             0.00      20.00
  clock uncertainty                                      -0.20      19.80
  Domain_1_TOP_U0/ALU_U1/ALU_OUT_reg[5]/CK (DFFRQX2M)     0.00      19.80 r
  library setup time                                     -0.16      19.64
  data required time                                                19.64
  --------------------------------------------------------------------------
  data required time                                                19.64
  data arrival time                                                 -4.27
  --------------------------------------------------------------------------
  slack (MET)                                                       15.37


  Startpoint: Domain_1_TOP_U0/SYS_CTRL_U3/cur_state_reg[4]
              (rising edge-triggered flip-flop clocked by REF_CLK)
  Endpoint: Domain_1_TOP_U0/RegFile_U2/RdData_reg[7]
            (rising edge-triggered flip-flop clocked by REF_CLK)
  Path Group: REF_CLK
  Path Type: max

  Point                                                   Incr       Path
  --------------------------------------------------------------------------
  clock REF_CLK (rise edge)                               0.00       0.00
  clock network delay (ideal)                             0.00       0.00
  Domain_1_TOP_U0/SYS_CTRL_U3/cur_state_reg[4]/CK (DFFRQX2M)
                                                          0.00       0.00 r
  Domain_1_TOP_U0/SYS_CTRL_U3/cur_state_reg[4]/Q (DFFRQX2M)
                                                          0.52       0.52 f
  Domain_1_TOP_U0/SYS_CTRL_U3/U4/Y (NOR3X2M)              0.35       0.88 r
  Domain_1_TOP_U0/SYS_CTRL_U3/U33/Y (NAND2X2M)            0.24       1.11 f
  Domain_1_TOP_U0/SYS_CTRL_U3/U11/Y (AND3X2M)             0.26       1.38 f
  Domain_1_TOP_U0/SYS_CTRL_U3/U59/Y (OAI21X2M)            0.25       1.63 r
  Domain_1_TOP_U0/SYS_CTRL_U3/Address[0] (SYS_CTRL)       0.00       1.63 r
  Domain_1_TOP_U0/RegFile_U2/Address[0] (RegFile)         0.00       1.63 r
  Domain_1_TOP_U0/RegFile_U2/U51/Y (INVX2M)               0.11       1.73 f
  Domain_1_TOP_U0/RegFile_U2/U50/Y (OR2X2M)               0.17       1.90 f
  Domain_1_TOP_U0/RegFile_U2/U21/Y (BUFX2M)               0.13       2.04 f
  Domain_1_TOP_U0/RegFile_U2/U6/Y (INVX2M)                0.39       2.43 r
  Domain_1_TOP_U0/RegFile_U2/U311/Y (AOI22X1M)            0.19       2.62 f
  Domain_1_TOP_U0/RegFile_U2/U312/Y (AOI21X1M)            0.17       2.79 r
  Domain_1_TOP_U0/RegFile_U2/U313/Y (OR4X1M)              0.17       2.97 r
  Domain_1_TOP_U0/RegFile_U2/U68/Y (AO22X1M)              0.14       3.11 r
  Domain_1_TOP_U0/RegFile_U2/RdData_reg[7]/D (DFFRQX2M)
                                                          0.00       3.11 r
  data arrival time                                                  3.11

  clock REF_CLK (rise edge)                              20.00      20.00
  clock network delay (ideal)                             0.00      20.00
  clock uncertainty                                      -0.20      19.80
  Domain_1_TOP_U0/RegFile_U2/RdData_reg[7]/CK (DFFRQX2M)
                                                          0.00      19.80 r
  library setup time                                     -0.29      19.51
  data required time                                                19.51
  --------------------------------------------------------------------------
  data required time                                                19.51
  data arrival time                                                 -3.11
  --------------------------------------------------------------------------
  slack (MET)                                                       16.40


  Startpoint: Domain_1_TOP_U0/SYS_CTRL_U3/cur_state_reg[4]
              (rising edge-triggered flip-flop clocked by REF_CLK)
  Endpoint: Domain_1_TOP_U0/RegFile_U2/RdData_reg[6]
            (rising edge-triggered flip-flop clocked by REF_CLK)
  Path Group: REF_CLK
  Path Type: max

  Point                                                   Incr       Path
  --------------------------------------------------------------------------
  clock REF_CLK (rise edge)                               0.00       0.00
  clock network delay (ideal)                             0.00       0.00
  Domain_1_TOP_U0/SYS_CTRL_U3/cur_state_reg[4]/CK (DFFRQX2M)
                                                          0.00       0.00 r
  Domain_1_TOP_U0/SYS_CTRL_U3/cur_state_reg[4]/Q (DFFRQX2M)
                                                          0.52       0.52 f
  Domain_1_TOP_U0/SYS_CTRL_U3/U4/Y (NOR3X2M)              0.35       0.88 r
  Domain_1_TOP_U0/SYS_CTRL_U3/U33/Y (NAND2X2M)            0.24       1.11 f
  Domain_1_TOP_U0/SYS_CTRL_U3/U11/Y (AND3X2M)             0.26       1.38 f
  Domain_1_TOP_U0/SYS_CTRL_U3/U59/Y (OAI21X2M)            0.25       1.63 r
  Domain_1_TOP_U0/SYS_CTRL_U3/Address[0] (SYS_CTRL)       0.00       1.63 r
  Domain_1_TOP_U0/RegFile_U2/Address[0] (RegFile)         0.00       1.63 r
  Domain_1_TOP_U0/RegFile_U2/U51/Y (INVX2M)               0.11       1.73 f
  Domain_1_TOP_U0/RegFile_U2/U50/Y (OR2X2M)               0.17       1.90 f
  Domain_1_TOP_U0/RegFile_U2/U21/Y (BUFX2M)               0.13       2.04 f
  Domain_1_TOP_U0/RegFile_U2/U6/Y (INVX2M)                0.39       2.43 r
  Domain_1_TOP_U0/RegFile_U2/U298/Y (AOI22X1M)            0.19       2.62 f
  Domain_1_TOP_U0/RegFile_U2/U299/Y (AOI21X1M)            0.17       2.79 r
  Domain_1_TOP_U0/RegFile_U2/U300/Y (OR4X1M)              0.17       2.97 r
  Domain_1_TOP_U0/RegFile_U2/U67/Y (AO22X1M)              0.14       3.11 r
  Domain_1_TOP_U0/RegFile_U2/RdData_reg[6]/D (DFFRQX2M)
                                                          0.00       3.11 r
  data arrival time                                                  3.11

  clock REF_CLK (rise edge)                              20.00      20.00
  clock network delay (ideal)                             0.00      20.00
  clock uncertainty                                      -0.20      19.80
  Domain_1_TOP_U0/RegFile_U2/RdData_reg[6]/CK (DFFRQX2M)
                                                          0.00      19.80 r
  library setup time                                     -0.29      19.51
  data required time                                                19.51
  --------------------------------------------------------------------------
  data required time                                                19.51
  data arrival time                                                 -3.11
  --------------------------------------------------------------------------
  slack (MET)                                                       16.40


  Startpoint: Domain_1_TOP_U0/SYS_CTRL_U3/cur_state_reg[4]
              (rising edge-triggered flip-flop clocked by REF_CLK)
  Endpoint: Domain_1_TOP_U0/RegFile_U2/RdData_reg[5]
            (rising edge-triggered flip-flop clocked by REF_CLK)
  Path Group: REF_CLK
  Path Type: max

  Point                                                   Incr       Path
  --------------------------------------------------------------------------
  clock REF_CLK (rise edge)                               0.00       0.00
  clock network delay (ideal)                             0.00       0.00
  Domain_1_TOP_U0/SYS_CTRL_U3/cur_state_reg[4]/CK (DFFRQX2M)
                                                          0.00       0.00 r
  Domain_1_TOP_U0/SYS_CTRL_U3/cur_state_reg[4]/Q (DFFRQX2M)
                                                          0.52       0.52 f
  Domain_1_TOP_U0/SYS_CTRL_U3/U4/Y (NOR3X2M)              0.35       0.88 r
  Domain_1_TOP_U0/SYS_CTRL_U3/U33/Y (NAND2X2M)            0.24       1.11 f
  Domain_1_TOP_U0/SYS_CTRL_U3/U11/Y (AND3X2M)             0.26       1.38 f
  Domain_1_TOP_U0/SYS_CTRL_U3/U59/Y (OAI21X2M)            0.25       1.63 r
  Domain_1_TOP_U0/SYS_CTRL_U3/Address[0] (SYS_CTRL)       0.00       1.63 r
  Domain_1_TOP_U0/RegFile_U2/Address[0] (RegFile)         0.00       1.63 r
  Domain_1_TOP_U0/RegFile_U2/U51/Y (INVX2M)               0.11       1.73 f
  Domain_1_TOP_U0/RegFile_U2/U50/Y (OR2X2M)               0.17       1.90 f
  Domain_1_TOP_U0/RegFile_U2/U21/Y (BUFX2M)               0.13       2.04 f
  Domain_1_TOP_U0/RegFile_U2/U6/Y (INVX2M)                0.39       2.43 r
  Domain_1_TOP_U0/RegFile_U2/U285/Y (AOI22X1M)            0.19       2.62 f
  Domain_1_TOP_U0/RegFile_U2/U286/Y (AOI21X1M)            0.17       2.79 r
  Domain_1_TOP_U0/RegFile_U2/U287/Y (OR4X1M)              0.17       2.97 r
  Domain_1_TOP_U0/RegFile_U2/U66/Y (AO22X1M)              0.14       3.11 r
  Domain_1_TOP_U0/RegFile_U2/RdData_reg[5]/D (DFFRQX2M)
                                                          0.00       3.11 r
  data arrival time                                                  3.11

  clock REF_CLK (rise edge)                              20.00      20.00
  clock network delay (ideal)                             0.00      20.00
  clock uncertainty                                      -0.20      19.80
  Domain_1_TOP_U0/RegFile_U2/RdData_reg[5]/CK (DFFRQX2M)
                                                          0.00      19.80 r
  library setup time                                     -0.29      19.51
  data required time                                                19.51
  --------------------------------------------------------------------------
  data required time                                                19.51
  data arrival time                                                 -3.11
  --------------------------------------------------------------------------
  slack (MET)                                                       16.40


  Startpoint: Domain_1_TOP_U0/SYS_CTRL_U3/cur_state_reg[4]
              (rising edge-triggered flip-flop clocked by REF_CLK)
  Endpoint: Domain_1_TOP_U0/RegFile_U2/RdData_reg[4]
            (rising edge-triggered flip-flop clocked by REF_CLK)
  Path Group: REF_CLK
  Path Type: max

  Point                                                   Incr       Path
  --------------------------------------------------------------------------
  clock REF_CLK (rise edge)                               0.00       0.00
  clock network delay (ideal)                             0.00       0.00
  Domain_1_TOP_U0/SYS_CTRL_U3/cur_state_reg[4]/CK (DFFRQX2M)
                                                          0.00       0.00 r
  Domain_1_TOP_U0/SYS_CTRL_U3/cur_state_reg[4]/Q (DFFRQX2M)
                                                          0.52       0.52 f
  Domain_1_TOP_U0/SYS_CTRL_U3/U4/Y (NOR3X2M)              0.35       0.88 r
  Domain_1_TOP_U0/SYS_CTRL_U3/U33/Y (NAND2X2M)            0.24       1.11 f
  Domain_1_TOP_U0/SYS_CTRL_U3/U11/Y (AND3X2M)             0.26       1.38 f
  Domain_1_TOP_U0/SYS_CTRL_U3/U59/Y (OAI21X2M)            0.25       1.63 r
  Domain_1_TOP_U0/SYS_CTRL_U3/Address[0] (SYS_CTRL)       0.00       1.63 r
  Domain_1_TOP_U0/RegFile_U2/Address[0] (RegFile)         0.00       1.63 r
  Domain_1_TOP_U0/RegFile_U2/U51/Y (INVX2M)               0.11       1.73 f
  Domain_1_TOP_U0/RegFile_U2/U50/Y (OR2X2M)               0.17       1.90 f
  Domain_1_TOP_U0/RegFile_U2/U21/Y (BUFX2M)               0.13       2.04 f
  Domain_1_TOP_U0/RegFile_U2/U6/Y (INVX2M)                0.39       2.43 r
  Domain_1_TOP_U0/RegFile_U2/U272/Y (AOI22X1M)            0.19       2.62 f
  Domain_1_TOP_U0/RegFile_U2/U273/Y (AOI21X1M)            0.17       2.79 r
  Domain_1_TOP_U0/RegFile_U2/U274/Y (OR4X1M)              0.17       2.97 r
  Domain_1_TOP_U0/RegFile_U2/U65/Y (AO22X1M)              0.14       3.11 r
  Domain_1_TOP_U0/RegFile_U2/RdData_reg[4]/D (DFFRQX2M)
                                                          0.00       3.11 r
  data arrival time                                                  3.11

  clock REF_CLK (rise edge)                              20.00      20.00
  clock network delay (ideal)                             0.00      20.00
  clock uncertainty                                      -0.20      19.80
  Domain_1_TOP_U0/RegFile_U2/RdData_reg[4]/CK (DFFRQX2M)
                                                          0.00      19.80 r
  library setup time                                     -0.29      19.51
  data required time                                                19.51
  --------------------------------------------------------------------------
  data required time                                                19.51
  data arrival time                                                 -3.11
  --------------------------------------------------------------------------
  slack (MET)                                                       16.40


  Startpoint: Domain_1_TOP_U0/SYS_CTRL_U3/cur_state_reg[4]
              (rising edge-triggered flip-flop clocked by REF_CLK)
  Endpoint: Domain_1_TOP_U0/RegFile_U2/RdData_reg[3]
            (rising edge-triggered flip-flop clocked by REF_CLK)
  Path Group: REF_CLK
  Path Type: max

  Point                                                   Incr       Path
  --------------------------------------------------------------------------
  clock REF_CLK (rise edge)                               0.00       0.00
  clock network delay (ideal)                             0.00       0.00
  Domain_1_TOP_U0/SYS_CTRL_U3/cur_state_reg[4]/CK (DFFRQX2M)
                                                          0.00       0.00 r
  Domain_1_TOP_U0/SYS_CTRL_U3/cur_state_reg[4]/Q (DFFRQX2M)
                                                          0.52       0.52 f
  Domain_1_TOP_U0/SYS_CTRL_U3/U4/Y (NOR3X2M)              0.35       0.88 r
  Domain_1_TOP_U0/SYS_CTRL_U3/U33/Y (NAND2X2M)            0.24       1.11 f
  Domain_1_TOP_U0/SYS_CTRL_U3/U11/Y (AND3X2M)             0.26       1.38 f
  Domain_1_TOP_U0/SYS_CTRL_U3/U59/Y (OAI21X2M)            0.25       1.63 r
  Domain_1_TOP_U0/SYS_CTRL_U3/Address[0] (SYS_CTRL)       0.00       1.63 r
  Domain_1_TOP_U0/RegFile_U2/Address[0] (RegFile)         0.00       1.63 r
  Domain_1_TOP_U0/RegFile_U2/U51/Y (INVX2M)               0.11       1.73 f
  Domain_1_TOP_U0/RegFile_U2/U50/Y (OR2X2M)               0.17       1.90 f
  Domain_1_TOP_U0/RegFile_U2/U21/Y (BUFX2M)               0.13       2.04 f
  Domain_1_TOP_U0/RegFile_U2/U6/Y (INVX2M)                0.39       2.43 r
  Domain_1_TOP_U0/RegFile_U2/U259/Y (AOI22X1M)            0.19       2.62 f
  Domain_1_TOP_U0/RegFile_U2/U260/Y (AOI21X1M)            0.17       2.79 r
  Domain_1_TOP_U0/RegFile_U2/U261/Y (OR4X1M)              0.17       2.97 r
  Domain_1_TOP_U0/RegFile_U2/U64/Y (AO22X1M)              0.14       3.11 r
  Domain_1_TOP_U0/RegFile_U2/RdData_reg[3]/D (DFFRQX2M)
                                                          0.00       3.11 r
  data arrival time                                                  3.11

  clock REF_CLK (rise edge)                              20.00      20.00
  clock network delay (ideal)                             0.00      20.00
  clock uncertainty                                      -0.20      19.80
  Domain_1_TOP_U0/RegFile_U2/RdData_reg[3]/CK (DFFRQX2M)
                                                          0.00      19.80 r
  library setup time                                     -0.29      19.51
  data required time                                                19.51
  --------------------------------------------------------------------------
  data required time                                                19.51
  data arrival time                                                 -3.11
  --------------------------------------------------------------------------
  slack (MET)                                                       16.40


  Startpoint: Domain_1_TOP_U0/SYS_CTRL_U3/cur_state_reg[4]
              (rising edge-triggered flip-flop clocked by REF_CLK)
  Endpoint: Domain_1_TOP_U0/RegFile_U2/RdData_reg[2]
            (rising edge-triggered flip-flop clocked by REF_CLK)
  Path Group: REF_CLK
  Path Type: max

  Point                                                   Incr       Path
  --------------------------------------------------------------------------
  clock REF_CLK (rise edge)                               0.00       0.00
  clock network delay (ideal)                             0.00       0.00
  Domain_1_TOP_U0/SYS_CTRL_U3/cur_state_reg[4]/CK (DFFRQX2M)
                                                          0.00       0.00 r
  Domain_1_TOP_U0/SYS_CTRL_U3/cur_state_reg[4]/Q (DFFRQX2M)
                                                          0.52       0.52 f
  Domain_1_TOP_U0/SYS_CTRL_U3/U4/Y (NOR3X2M)              0.35       0.88 r
  Domain_1_TOP_U0/SYS_CTRL_U3/U33/Y (NAND2X2M)            0.24       1.11 f
  Domain_1_TOP_U0/SYS_CTRL_U3/U11/Y (AND3X2M)             0.26       1.38 f
  Domain_1_TOP_U0/SYS_CTRL_U3/U59/Y (OAI21X2M)            0.25       1.63 r
  Domain_1_TOP_U0/SYS_CTRL_U3/Address[0] (SYS_CTRL)       0.00       1.63 r
  Domain_1_TOP_U0/RegFile_U2/Address[0] (RegFile)         0.00       1.63 r
  Domain_1_TOP_U0/RegFile_U2/U51/Y (INVX2M)               0.11       1.73 f
  Domain_1_TOP_U0/RegFile_U2/U50/Y (OR2X2M)               0.17       1.90 f
  Domain_1_TOP_U0/RegFile_U2/U21/Y (BUFX2M)               0.13       2.04 f
  Domain_1_TOP_U0/RegFile_U2/U6/Y (INVX2M)                0.39       2.43 r
  Domain_1_TOP_U0/RegFile_U2/U246/Y (AOI22X1M)            0.19       2.62 f
  Domain_1_TOP_U0/RegFile_U2/U247/Y (AOI21X1M)            0.17       2.79 r
  Domain_1_TOP_U0/RegFile_U2/U248/Y (OR4X1M)              0.17       2.97 r
  Domain_1_TOP_U0/RegFile_U2/U63/Y (AO22X1M)              0.14       3.11 r
  Domain_1_TOP_U0/RegFile_U2/RdData_reg[2]/D (DFFRQX2M)
                                                          0.00       3.11 r
  data arrival time                                                  3.11

  clock REF_CLK (rise edge)                              20.00      20.00
  clock network delay (ideal)                             0.00      20.00
  clock uncertainty                                      -0.20      19.80
  Domain_1_TOP_U0/RegFile_U2/RdData_reg[2]/CK (DFFRQX2M)
                                                          0.00      19.80 r
  library setup time                                     -0.29      19.51
  data required time                                                19.51
  --------------------------------------------------------------------------
  data required time                                                19.51
  data arrival time                                                 -3.11
  --------------------------------------------------------------------------
  slack (MET)                                                       16.40


  Startpoint: Domain_1_TOP_U0/SYS_CTRL_U3/cur_state_reg[4]
              (rising edge-triggered flip-flop clocked by REF_CLK)
  Endpoint: Domain_1_TOP_U0/RegFile_U2/RdData_reg[1]
            (rising edge-triggered flip-flop clocked by REF_CLK)
  Path Group: REF_CLK
  Path Type: max

  Point                                                   Incr       Path
  --------------------------------------------------------------------------
  clock REF_CLK (rise edge)                               0.00       0.00
  clock network delay (ideal)                             0.00       0.00
  Domain_1_TOP_U0/SYS_CTRL_U3/cur_state_reg[4]/CK (DFFRQX2M)
                                                          0.00       0.00 r
  Domain_1_TOP_U0/SYS_CTRL_U3/cur_state_reg[4]/Q (DFFRQX2M)
                                                          0.52       0.52 f
  Domain_1_TOP_U0/SYS_CTRL_U3/U4/Y (NOR3X2M)              0.35       0.88 r
  Domain_1_TOP_U0/SYS_CTRL_U3/U33/Y (NAND2X2M)            0.24       1.11 f
  Domain_1_TOP_U0/SYS_CTRL_U3/U11/Y (AND3X2M)             0.26       1.38 f
  Domain_1_TOP_U0/SYS_CTRL_U3/U59/Y (OAI21X2M)            0.25       1.63 r
  Domain_1_TOP_U0/SYS_CTRL_U3/Address[0] (SYS_CTRL)       0.00       1.63 r
  Domain_1_TOP_U0/RegFile_U2/Address[0] (RegFile)         0.00       1.63 r
  Domain_1_TOP_U0/RegFile_U2/U51/Y (INVX2M)               0.11       1.73 f
  Domain_1_TOP_U0/RegFile_U2/U50/Y (OR2X2M)               0.17       1.90 f
  Domain_1_TOP_U0/RegFile_U2/U21/Y (BUFX2M)               0.13       2.04 f
  Domain_1_TOP_U0/RegFile_U2/U6/Y (INVX2M)                0.39       2.43 r
  Domain_1_TOP_U0/RegFile_U2/U233/Y (AOI22X1M)            0.19       2.62 f
  Domain_1_TOP_U0/RegFile_U2/U234/Y (AOI21X1M)            0.17       2.79 r
  Domain_1_TOP_U0/RegFile_U2/U235/Y (OR4X1M)              0.17       2.97 r
  Domain_1_TOP_U0/RegFile_U2/U62/Y (AO22X1M)              0.14       3.11 r
  Domain_1_TOP_U0/RegFile_U2/RdData_reg[1]/D (DFFRQX2M)
                                                          0.00       3.11 r
  data arrival time                                                  3.11

  clock REF_CLK (rise edge)                              20.00      20.00
  clock network delay (ideal)                             0.00      20.00
  clock uncertainty                                      -0.20      19.80
  Domain_1_TOP_U0/RegFile_U2/RdData_reg[1]/CK (DFFRQX2M)
                                                          0.00      19.80 r
  library setup time                                     -0.29      19.51
  data required time                                                19.51
  --------------------------------------------------------------------------
  data required time                                                19.51
  data arrival time                                                 -3.11
  --------------------------------------------------------------------------
  slack (MET)                                                       16.40


  Startpoint: Domain_1_TOP_U0/SYS_CTRL_U3/cur_state_reg[4]
              (rising edge-triggered flip-flop clocked by REF_CLK)
  Endpoint: Domain_1_TOP_U0/RegFile_U2/RdData_reg[0]
            (rising edge-triggered flip-flop clocked by REF_CLK)
  Path Group: REF_CLK
  Path Type: max

  Point                                                   Incr       Path
  --------------------------------------------------------------------------
  clock REF_CLK (rise edge)                               0.00       0.00
  clock network delay (ideal)                             0.00       0.00
  Domain_1_TOP_U0/SYS_CTRL_U3/cur_state_reg[4]/CK (DFFRQX2M)
                                                          0.00       0.00 r
  Domain_1_TOP_U0/SYS_CTRL_U3/cur_state_reg[4]/Q (DFFRQX2M)
                                                          0.52       0.52 f
  Domain_1_TOP_U0/SYS_CTRL_U3/U4/Y (NOR3X2M)              0.35       0.88 r
  Domain_1_TOP_U0/SYS_CTRL_U3/U33/Y (NAND2X2M)            0.24       1.11 f
  Domain_1_TOP_U0/SYS_CTRL_U3/U11/Y (AND3X2M)             0.26       1.38 f
  Domain_1_TOP_U0/SYS_CTRL_U3/U59/Y (OAI21X2M)            0.25       1.63 r
  Domain_1_TOP_U0/SYS_CTRL_U3/Address[0] (SYS_CTRL)       0.00       1.63 r
  Domain_1_TOP_U0/RegFile_U2/Address[0] (RegFile)         0.00       1.63 r
  Domain_1_TOP_U0/RegFile_U2/U51/Y (INVX2M)               0.11       1.73 f
  Domain_1_TOP_U0/RegFile_U2/U50/Y (OR2X2M)               0.17       1.90 f
  Domain_1_TOP_U0/RegFile_U2/U21/Y (BUFX2M)               0.13       2.04 f
  Domain_1_TOP_U0/RegFile_U2/U6/Y (INVX2M)                0.39       2.43 r
  Domain_1_TOP_U0/RegFile_U2/U219/Y (AOI22X1M)            0.19       2.62 f
  Domain_1_TOP_U0/RegFile_U2/U221/Y (AOI21X1M)            0.17       2.79 r
  Domain_1_TOP_U0/RegFile_U2/U222/Y (OR4X1M)              0.17       2.97 r
  Domain_1_TOP_U0/RegFile_U2/U61/Y (AO22X1M)              0.14       3.11 r
  Domain_1_TOP_U0/RegFile_U2/RdData_reg[0]/D (DFFRQX2M)
                                                          0.00       3.11 r
  data arrival time                                                  3.11

  clock REF_CLK (rise edge)                              20.00      20.00
  clock network delay (ideal)                             0.00      20.00
  clock uncertainty                                      -0.20      19.80
  Domain_1_TOP_U0/RegFile_U2/RdData_reg[0]/CK (DFFRQX2M)
                                                          0.00      19.80 r
  library setup time                                     -0.29      19.51
  data required time                                                19.51
  --------------------------------------------------------------------------
  data required time                                                19.51
  data arrival time                                                 -3.11
  --------------------------------------------------------------------------
  slack (MET)                                                       16.40


  Startpoint: Domain_1_TOP_U0/SYS_CTRL_U3/cur_state_reg[4]
              (rising edge-triggered flip-flop clocked by REF_CLK)
  Endpoint: Domain_1_TOP_U0/RegFile_U2/regArr_reg[3][5]
            (rising edge-triggered flip-flop clocked by REF_CLK)
  Path Group: REF_CLK
  Path Type: max

  Point                                                   Incr       Path
  --------------------------------------------------------------------------
  clock REF_CLK (rise edge)                               0.00       0.00
  clock network delay (ideal)                             0.00       0.00
  Domain_1_TOP_U0/SYS_CTRL_U3/cur_state_reg[4]/CK (DFFRQX2M)
                                                          0.00       0.00 r
  Domain_1_TOP_U0/SYS_CTRL_U3/cur_state_reg[4]/Q (DFFRQX2M)
                                                          0.52       0.52 f
  Domain_1_TOP_U0/SYS_CTRL_U3/U4/Y (NOR3X2M)              0.35       0.88 r
  Domain_1_TOP_U0/SYS_CTRL_U3/U33/Y (NAND2X2M)            0.24       1.11 f
  Domain_1_TOP_U0/SYS_CTRL_U3/U11/Y (AND3X2M)             0.26       1.38 f
  Domain_1_TOP_U0/SYS_CTRL_U3/U60/Y (NOR2X2M)             0.22       1.60 r
  Domain_1_TOP_U0/SYS_CTRL_U3/Address[1] (SYS_CTRL)       0.00       1.60 r
  Domain_1_TOP_U0/RegFile_U2/Address[1] (RegFile)         0.00       1.60 r
  Domain_1_TOP_U0/RegFile_U2/U53/Y (INVX2M)               0.11       1.71 f
  Domain_1_TOP_U0/RegFile_U2/U3/Y (NOR2X2M)               0.22       1.92 r
  Domain_1_TOP_U0/RegFile_U2/U26/Y (NAND2X2M)             0.24       2.17 f
  Domain_1_TOP_U0/RegFile_U2/U204/Y (OAI2BB2X1M)          0.28       2.44 f
  Domain_1_TOP_U0/RegFile_U2/regArr_reg[3][5]/D (DFFSQX2M)
                                                          0.00       2.44 f
  data arrival time                                                  2.44

  clock REF_CLK (rise edge)                              20.00      20.00
  clock network delay (ideal)                             0.00      20.00
  clock uncertainty                                      -0.20      19.80
  Domain_1_TOP_U0/RegFile_U2/regArr_reg[3][5]/CK (DFFSQX2M)
                                                          0.00      19.80 r
  library setup time                                     -0.25      19.55
  data required time                                                19.55
  --------------------------------------------------------------------------
  data required time                                                19.55
  data arrival time                                                 -2.44
  --------------------------------------------------------------------------
  slack (MET)                                                       17.11


  Startpoint: Domain_1_TOP_U0/SYS_CTRL_U3/cur_state_reg[4]
              (rising edge-triggered flip-flop clocked by REF_CLK)
  Endpoint: Domain_1_TOP_U0/RegFile_U2/regArr_reg[2][7]
            (rising edge-triggered flip-flop clocked by REF_CLK)
  Path Group: REF_CLK
  Path Type: max

  Point                                                   Incr       Path
  --------------------------------------------------------------------------
  clock REF_CLK (rise edge)                               0.00       0.00
  clock network delay (ideal)                             0.00       0.00
  Domain_1_TOP_U0/SYS_CTRL_U3/cur_state_reg[4]/CK (DFFRQX2M)
                                                          0.00       0.00 r
  Domain_1_TOP_U0/SYS_CTRL_U3/cur_state_reg[4]/Q (DFFRQX2M)
                                                          0.52       0.52 f
  Domain_1_TOP_U0/SYS_CTRL_U3/U4/Y (NOR3X2M)              0.35       0.88 r
  Domain_1_TOP_U0/SYS_CTRL_U3/U33/Y (NAND2X2M)            0.24       1.11 f
  Domain_1_TOP_U0/SYS_CTRL_U3/U11/Y (AND3X2M)             0.26       1.38 f
  Domain_1_TOP_U0/SYS_CTRL_U3/U60/Y (NOR2X2M)             0.22       1.60 r
  Domain_1_TOP_U0/SYS_CTRL_U3/Address[1] (SYS_CTRL)       0.00       1.60 r
  Domain_1_TOP_U0/RegFile_U2/Address[1] (RegFile)         0.00       1.60 r
  Domain_1_TOP_U0/RegFile_U2/U53/Y (INVX2M)               0.11       1.71 f
  Domain_1_TOP_U0/RegFile_U2/U3/Y (NOR2X2M)               0.22       1.92 r
  Domain_1_TOP_U0/RegFile_U2/U25/Y (NAND2X2M)             0.24       2.17 f
  Domain_1_TOP_U0/RegFile_U2/U203/Y (OAI2BB2X1M)          0.28       2.44 f
  Domain_1_TOP_U0/RegFile_U2/regArr_reg[2][7]/D (DFFSQX2M)
                                                          0.00       2.44 f
  data arrival time                                                  2.44

  clock REF_CLK (rise edge)                              20.00      20.00
  clock network delay (ideal)                             0.00      20.00
  clock uncertainty                                      -0.20      19.80
  Domain_1_TOP_U0/RegFile_U2/regArr_reg[2][7]/CK (DFFSQX2M)
                                                          0.00      19.80 r
  library setup time                                     -0.25      19.55
  data required time                                                19.55
  --------------------------------------------------------------------------
  data required time                                                19.55
  data arrival time                                                 -2.44
  --------------------------------------------------------------------------
  slack (MET)                                                       17.11


  Startpoint: Domain_1_TOP_U0/SYS_CTRL_U3/cur_state_reg[0]
              (rising edge-triggered flip-flop clocked by REF_CLK)
  Endpoint: ASYNC_FIFO_U5/U1/FIFO_MEM_reg[2][7]
            (rising edge-triggered flip-flop clocked by REF_CLK)
  Path Group: REF_CLK
  Path Type: max

  Point                                                   Incr       Path
  --------------------------------------------------------------------------
  clock REF_CLK (rise edge)                               0.00       0.00
  clock network delay (ideal)                             0.00       0.00
  Domain_1_TOP_U0/SYS_CTRL_U3/cur_state_reg[0]/CK (DFFRQX2M)
                                                          0.00       0.00 r
  Domain_1_TOP_U0/SYS_CTRL_U3/cur_state_reg[0]/Q (DFFRQX2M)
                                                          0.45       0.45 r
  Domain_1_TOP_U0/SYS_CTRL_U3/U66/Y (INVX2M)              0.11       0.56 f
  Domain_1_TOP_U0/SYS_CTRL_U3/U27/Y (NOR2X2M)             0.25       0.81 r
  Domain_1_TOP_U0/SYS_CTRL_U3/U64/Y (AND4X2M)             0.36       1.17 r
  Domain_1_TOP_U0/SYS_CTRL_U3/U32/Y (NOR2X2M)             0.10       1.27 f
  Domain_1_TOP_U0/SYS_CTRL_U3/U15/Y (AOI21X2M)            0.16       1.43 r
  Domain_1_TOP_U0/SYS_CTRL_U3/WR_INC (SYS_CTRL)           0.00       1.43 r
  Domain_1_TOP_U0/WR_INC (Domain_1_TOP)                   0.00       1.43 r
  ASYNC_FIFO_U5/W_INC (ASYNC_FIFO)                        0.00       1.43 r
  ASYNC_FIFO_U5/U5/Y (NOR2BX2M)                           0.18       1.61 r
  ASYNC_FIFO_U5/U1/wclken (FIFO_MEM_CNTRL)                0.00       1.61 r
  ASYNC_FIFO_U5/U1/U19/Y (NOR2BX2M)                       0.27       1.88 r
  ASYNC_FIFO_U5/U1/U95/Y (NAND3X2M)                       0.12       1.99 f
  ASYNC_FIFO_U5/U1/U4/Y (BUFX2M)                          0.23       2.23 f
  ASYNC_FIFO_U5/U1/U83/Y (OAI2BB2X1M)                     0.16       2.38 r
  ASYNC_FIFO_U5/U1/FIFO_MEM_reg[2][7]/D (DFFRQX2M)        0.00       2.38 r
  data arrival time                                                  2.38

  clock REF_CLK (rise edge)                              20.00      20.00
  clock network delay (ideal)                             0.00      20.00
  clock uncertainty                                      -0.20      19.80
  ASYNC_FIFO_U5/U1/FIFO_MEM_reg[2][7]/CK (DFFRQX2M)       0.00      19.80 r
  library setup time                                     -0.31      19.49
  data required time                                                19.49
  --------------------------------------------------------------------------
  data required time                                                19.49
  data arrival time                                                 -2.38
  --------------------------------------------------------------------------
  slack (MET)                                                       17.11


  Startpoint: Domain_1_TOP_U0/SYS_CTRL_U3/cur_state_reg[0]
              (rising edge-triggered flip-flop clocked by REF_CLK)
  Endpoint: ASYNC_FIFO_U5/U1/FIFO_MEM_reg[2][6]
            (rising edge-triggered flip-flop clocked by REF_CLK)
  Path Group: REF_CLK
  Path Type: max

  Point                                                   Incr       Path
  --------------------------------------------------------------------------
  clock REF_CLK (rise edge)                               0.00       0.00
  clock network delay (ideal)                             0.00       0.00
  Domain_1_TOP_U0/SYS_CTRL_U3/cur_state_reg[0]/CK (DFFRQX2M)
                                                          0.00       0.00 r
  Domain_1_TOP_U0/SYS_CTRL_U3/cur_state_reg[0]/Q (DFFRQX2M)
                                                          0.45       0.45 r
  Domain_1_TOP_U0/SYS_CTRL_U3/U66/Y (INVX2M)              0.11       0.56 f
  Domain_1_TOP_U0/SYS_CTRL_U3/U27/Y (NOR2X2M)             0.25       0.81 r
  Domain_1_TOP_U0/SYS_CTRL_U3/U64/Y (AND4X2M)             0.36       1.17 r
  Domain_1_TOP_U0/SYS_CTRL_U3/U32/Y (NOR2X2M)             0.10       1.27 f
  Domain_1_TOP_U0/SYS_CTRL_U3/U15/Y (AOI21X2M)            0.16       1.43 r
  Domain_1_TOP_U0/SYS_CTRL_U3/WR_INC (SYS_CTRL)           0.00       1.43 r
  Domain_1_TOP_U0/WR_INC (Domain_1_TOP)                   0.00       1.43 r
  ASYNC_FIFO_U5/W_INC (ASYNC_FIFO)                        0.00       1.43 r
  ASYNC_FIFO_U5/U5/Y (NOR2BX2M)                           0.18       1.61 r
  ASYNC_FIFO_U5/U1/wclken (FIFO_MEM_CNTRL)                0.00       1.61 r
  ASYNC_FIFO_U5/U1/U19/Y (NOR2BX2M)                       0.27       1.88 r
  ASYNC_FIFO_U5/U1/U95/Y (NAND3X2M)                       0.12       1.99 f
  ASYNC_FIFO_U5/U1/U4/Y (BUFX2M)                          0.23       2.23 f
  ASYNC_FIFO_U5/U1/U82/Y (OAI2BB2X1M)                     0.16       2.38 r
  ASYNC_FIFO_U5/U1/FIFO_MEM_reg[2][6]/D (DFFRQX2M)        0.00       2.38 r
  data arrival time                                                  2.38

  clock REF_CLK (rise edge)                              20.00      20.00
  clock network delay (ideal)                             0.00      20.00
  clock uncertainty                                      -0.20      19.80
  ASYNC_FIFO_U5/U1/FIFO_MEM_reg[2][6]/CK (DFFRQX2M)       0.00      19.80 r
  library setup time                                     -0.31      19.49
  data required time                                                19.49
  --------------------------------------------------------------------------
  data required time                                                19.49
  data arrival time                                                 -2.38
  --------------------------------------------------------------------------
  slack (MET)                                                       17.11


  Startpoint: Domain_1_TOP_U0/SYS_CTRL_U3/cur_state_reg[0]
              (rising edge-triggered flip-flop clocked by REF_CLK)
  Endpoint: ASYNC_FIFO_U5/U1/FIFO_MEM_reg[2][5]
            (rising edge-triggered flip-flop clocked by REF_CLK)
  Path Group: REF_CLK
  Path Type: max

  Point                                                   Incr       Path
  --------------------------------------------------------------------------
  clock REF_CLK (rise edge)                               0.00       0.00
  clock network delay (ideal)                             0.00       0.00
  Domain_1_TOP_U0/SYS_CTRL_U3/cur_state_reg[0]/CK (DFFRQX2M)
                                                          0.00       0.00 r
  Domain_1_TOP_U0/SYS_CTRL_U3/cur_state_reg[0]/Q (DFFRQX2M)
                                                          0.45       0.45 r
  Domain_1_TOP_U0/SYS_CTRL_U3/U66/Y (INVX2M)              0.11       0.56 f
  Domain_1_TOP_U0/SYS_CTRL_U3/U27/Y (NOR2X2M)             0.25       0.81 r
  Domain_1_TOP_U0/SYS_CTRL_U3/U64/Y (AND4X2M)             0.36       1.17 r
  Domain_1_TOP_U0/SYS_CTRL_U3/U32/Y (NOR2X2M)             0.10       1.27 f
  Domain_1_TOP_U0/SYS_CTRL_U3/U15/Y (AOI21X2M)            0.16       1.43 r
  Domain_1_TOP_U0/SYS_CTRL_U3/WR_INC (SYS_CTRL)           0.00       1.43 r
  Domain_1_TOP_U0/WR_INC (Domain_1_TOP)                   0.00       1.43 r
  ASYNC_FIFO_U5/W_INC (ASYNC_FIFO)                        0.00       1.43 r
  ASYNC_FIFO_U5/U5/Y (NOR2BX2M)                           0.18       1.61 r
  ASYNC_FIFO_U5/U1/wclken (FIFO_MEM_CNTRL)                0.00       1.61 r
  ASYNC_FIFO_U5/U1/U19/Y (NOR2BX2M)                       0.27       1.88 r
  ASYNC_FIFO_U5/U1/U95/Y (NAND3X2M)                       0.12       1.99 f
  ASYNC_FIFO_U5/U1/U4/Y (BUFX2M)                          0.23       2.23 f
  ASYNC_FIFO_U5/U1/U81/Y (OAI2BB2X1M)                     0.16       2.38 r
  ASYNC_FIFO_U5/U1/FIFO_MEM_reg[2][5]/D (DFFRQX2M)        0.00       2.38 r
  data arrival time                                                  2.38

  clock REF_CLK (rise edge)                              20.00      20.00
  clock network delay (ideal)                             0.00      20.00
  clock uncertainty                                      -0.20      19.80
  ASYNC_FIFO_U5/U1/FIFO_MEM_reg[2][5]/CK (DFFRQX2M)       0.00      19.80 r
  library setup time                                     -0.31      19.49
  data required time                                                19.49
  --------------------------------------------------------------------------
  data required time                                                19.49
  data arrival time                                                 -2.38
  --------------------------------------------------------------------------
  slack (MET)                                                       17.11


  Startpoint: Domain_1_TOP_U0/SYS_CTRL_U3/cur_state_reg[0]
              (rising edge-triggered flip-flop clocked by REF_CLK)
  Endpoint: ASYNC_FIFO_U5/U1/FIFO_MEM_reg[2][4]
            (rising edge-triggered flip-flop clocked by REF_CLK)
  Path Group: REF_CLK
  Path Type: max

  Point                                                   Incr       Path
  --------------------------------------------------------------------------
  clock REF_CLK (rise edge)                               0.00       0.00
  clock network delay (ideal)                             0.00       0.00
  Domain_1_TOP_U0/SYS_CTRL_U3/cur_state_reg[0]/CK (DFFRQX2M)
                                                          0.00       0.00 r
  Domain_1_TOP_U0/SYS_CTRL_U3/cur_state_reg[0]/Q (DFFRQX2M)
                                                          0.45       0.45 r
  Domain_1_TOP_U0/SYS_CTRL_U3/U66/Y (INVX2M)              0.11       0.56 f
  Domain_1_TOP_U0/SYS_CTRL_U3/U27/Y (NOR2X2M)             0.25       0.81 r
  Domain_1_TOP_U0/SYS_CTRL_U3/U64/Y (AND4X2M)             0.36       1.17 r
  Domain_1_TOP_U0/SYS_CTRL_U3/U32/Y (NOR2X2M)             0.10       1.27 f
  Domain_1_TOP_U0/SYS_CTRL_U3/U15/Y (AOI21X2M)            0.16       1.43 r
  Domain_1_TOP_U0/SYS_CTRL_U3/WR_INC (SYS_CTRL)           0.00       1.43 r
  Domain_1_TOP_U0/WR_INC (Domain_1_TOP)                   0.00       1.43 r
  ASYNC_FIFO_U5/W_INC (ASYNC_FIFO)                        0.00       1.43 r
  ASYNC_FIFO_U5/U5/Y (NOR2BX2M)                           0.18       1.61 r
  ASYNC_FIFO_U5/U1/wclken (FIFO_MEM_CNTRL)                0.00       1.61 r
  ASYNC_FIFO_U5/U1/U19/Y (NOR2BX2M)                       0.27       1.88 r
  ASYNC_FIFO_U5/U1/U95/Y (NAND3X2M)                       0.12       1.99 f
  ASYNC_FIFO_U5/U1/U4/Y (BUFX2M)                          0.23       2.23 f
  ASYNC_FIFO_U5/U1/U80/Y (OAI2BB2X1M)                     0.16       2.38 r
  ASYNC_FIFO_U5/U1/FIFO_MEM_reg[2][4]/D (DFFRQX2M)        0.00       2.38 r
  data arrival time                                                  2.38

  clock REF_CLK (rise edge)                              20.00      20.00
  clock network delay (ideal)                             0.00      20.00
  clock uncertainty                                      -0.20      19.80
  ASYNC_FIFO_U5/U1/FIFO_MEM_reg[2][4]/CK (DFFRQX2M)       0.00      19.80 r
  library setup time                                     -0.31      19.49
  data required time                                                19.49
  --------------------------------------------------------------------------
  data required time                                                19.49
  data arrival time                                                 -2.38
  --------------------------------------------------------------------------
  slack (MET)                                                       17.11


  Startpoint: Domain_1_TOP_U0/SYS_CTRL_U3/cur_state_reg[0]
              (rising edge-triggered flip-flop clocked by REF_CLK)
  Endpoint: ASYNC_FIFO_U5/U1/FIFO_MEM_reg[2][3]
            (rising edge-triggered flip-flop clocked by REF_CLK)
  Path Group: REF_CLK
  Path Type: max

  Point                                                   Incr       Path
  --------------------------------------------------------------------------
  clock REF_CLK (rise edge)                               0.00       0.00
  clock network delay (ideal)                             0.00       0.00
  Domain_1_TOP_U0/SYS_CTRL_U3/cur_state_reg[0]/CK (DFFRQX2M)
                                                          0.00       0.00 r
  Domain_1_TOP_U0/SYS_CTRL_U3/cur_state_reg[0]/Q (DFFRQX2M)
                                                          0.45       0.45 r
  Domain_1_TOP_U0/SYS_CTRL_U3/U66/Y (INVX2M)              0.11       0.56 f
  Domain_1_TOP_U0/SYS_CTRL_U3/U27/Y (NOR2X2M)             0.25       0.81 r
  Domain_1_TOP_U0/SYS_CTRL_U3/U64/Y (AND4X2M)             0.36       1.17 r
  Domain_1_TOP_U0/SYS_CTRL_U3/U32/Y (NOR2X2M)             0.10       1.27 f
  Domain_1_TOP_U0/SYS_CTRL_U3/U15/Y (AOI21X2M)            0.16       1.43 r
  Domain_1_TOP_U0/SYS_CTRL_U3/WR_INC (SYS_CTRL)           0.00       1.43 r
  Domain_1_TOP_U0/WR_INC (Domain_1_TOP)                   0.00       1.43 r
  ASYNC_FIFO_U5/W_INC (ASYNC_FIFO)                        0.00       1.43 r
  ASYNC_FIFO_U5/U5/Y (NOR2BX2M)                           0.18       1.61 r
  ASYNC_FIFO_U5/U1/wclken (FIFO_MEM_CNTRL)                0.00       1.61 r
  ASYNC_FIFO_U5/U1/U19/Y (NOR2BX2M)                       0.27       1.88 r
  ASYNC_FIFO_U5/U1/U95/Y (NAND3X2M)                       0.12       1.99 f
  ASYNC_FIFO_U5/U1/U4/Y (BUFX2M)                          0.23       2.23 f
  ASYNC_FIFO_U5/U1/U79/Y (OAI2BB2X1M)                     0.16       2.38 r
  ASYNC_FIFO_U5/U1/FIFO_MEM_reg[2][3]/D (DFFRQX2M)        0.00       2.38 r
  data arrival time                                                  2.38

  clock REF_CLK (rise edge)                              20.00      20.00
  clock network delay (ideal)                             0.00      20.00
  clock uncertainty                                      -0.20      19.80
  ASYNC_FIFO_U5/U1/FIFO_MEM_reg[2][3]/CK (DFFRQX2M)       0.00      19.80 r
  library setup time                                     -0.31      19.49
  data required time                                                19.49
  --------------------------------------------------------------------------
  data required time                                                19.49
  data arrival time                                                 -2.38
  --------------------------------------------------------------------------
  slack (MET)                                                       17.11


  Startpoint: Domain_1_TOP_U0/SYS_CTRL_U3/cur_state_reg[0]
              (rising edge-triggered flip-flop clocked by REF_CLK)
  Endpoint: ASYNC_FIFO_U5/U1/FIFO_MEM_reg[2][2]
            (rising edge-triggered flip-flop clocked by REF_CLK)
  Path Group: REF_CLK
  Path Type: max

  Point                                                   Incr       Path
  --------------------------------------------------------------------------
  clock REF_CLK (rise edge)                               0.00       0.00
  clock network delay (ideal)                             0.00       0.00
  Domain_1_TOP_U0/SYS_CTRL_U3/cur_state_reg[0]/CK (DFFRQX2M)
                                                          0.00       0.00 r
  Domain_1_TOP_U0/SYS_CTRL_U3/cur_state_reg[0]/Q (DFFRQX2M)
                                                          0.45       0.45 r
  Domain_1_TOP_U0/SYS_CTRL_U3/U66/Y (INVX2M)              0.11       0.56 f
  Domain_1_TOP_U0/SYS_CTRL_U3/U27/Y (NOR2X2M)             0.25       0.81 r
  Domain_1_TOP_U0/SYS_CTRL_U3/U64/Y (AND4X2M)             0.36       1.17 r
  Domain_1_TOP_U0/SYS_CTRL_U3/U32/Y (NOR2X2M)             0.10       1.27 f
  Domain_1_TOP_U0/SYS_CTRL_U3/U15/Y (AOI21X2M)            0.16       1.43 r
  Domain_1_TOP_U0/SYS_CTRL_U3/WR_INC (SYS_CTRL)           0.00       1.43 r
  Domain_1_TOP_U0/WR_INC (Domain_1_TOP)                   0.00       1.43 r
  ASYNC_FIFO_U5/W_INC (ASYNC_FIFO)                        0.00       1.43 r
  ASYNC_FIFO_U5/U5/Y (NOR2BX2M)                           0.18       1.61 r
  ASYNC_FIFO_U5/U1/wclken (FIFO_MEM_CNTRL)                0.00       1.61 r
  ASYNC_FIFO_U5/U1/U19/Y (NOR2BX2M)                       0.27       1.88 r
  ASYNC_FIFO_U5/U1/U95/Y (NAND3X2M)                       0.12       1.99 f
  ASYNC_FIFO_U5/U1/U4/Y (BUFX2M)                          0.23       2.23 f
  ASYNC_FIFO_U5/U1/U78/Y (OAI2BB2X1M)                     0.16       2.38 r
  ASYNC_FIFO_U5/U1/FIFO_MEM_reg[2][2]/D (DFFRQX2M)        0.00       2.38 r
  data arrival time                                                  2.38

  clock REF_CLK (rise edge)                              20.00      20.00
  clock network delay (ideal)                             0.00      20.00
  clock uncertainty                                      -0.20      19.80
  ASYNC_FIFO_U5/U1/FIFO_MEM_reg[2][2]/CK (DFFRQX2M)       0.00      19.80 r
  library setup time                                     -0.31      19.49
  data required time                                                19.49
  --------------------------------------------------------------------------
  data required time                                                19.49
  data arrival time                                                 -2.38
  --------------------------------------------------------------------------
  slack (MET)                                                       17.11


  Startpoint: Domain_1_TOP_U0/SYS_CTRL_U3/cur_state_reg[0]
              (rising edge-triggered flip-flop clocked by REF_CLK)
  Endpoint: ASYNC_FIFO_U5/U1/FIFO_MEM_reg[2][1]
            (rising edge-triggered flip-flop clocked by REF_CLK)
  Path Group: REF_CLK
  Path Type: max

  Point                                                   Incr       Path
  --------------------------------------------------------------------------
  clock REF_CLK (rise edge)                               0.00       0.00
  clock network delay (ideal)                             0.00       0.00
  Domain_1_TOP_U0/SYS_CTRL_U3/cur_state_reg[0]/CK (DFFRQX2M)
                                                          0.00       0.00 r
  Domain_1_TOP_U0/SYS_CTRL_U3/cur_state_reg[0]/Q (DFFRQX2M)
                                                          0.45       0.45 r
  Domain_1_TOP_U0/SYS_CTRL_U3/U66/Y (INVX2M)              0.11       0.56 f
  Domain_1_TOP_U0/SYS_CTRL_U3/U27/Y (NOR2X2M)             0.25       0.81 r
  Domain_1_TOP_U0/SYS_CTRL_U3/U64/Y (AND4X2M)             0.36       1.17 r
  Domain_1_TOP_U0/SYS_CTRL_U3/U32/Y (NOR2X2M)             0.10       1.27 f
  Domain_1_TOP_U0/SYS_CTRL_U3/U15/Y (AOI21X2M)            0.16       1.43 r
  Domain_1_TOP_U0/SYS_CTRL_U3/WR_INC (SYS_CTRL)           0.00       1.43 r
  Domain_1_TOP_U0/WR_INC (Domain_1_TOP)                   0.00       1.43 r
  ASYNC_FIFO_U5/W_INC (ASYNC_FIFO)                        0.00       1.43 r
  ASYNC_FIFO_U5/U5/Y (NOR2BX2M)                           0.18       1.61 r
  ASYNC_FIFO_U5/U1/wclken (FIFO_MEM_CNTRL)                0.00       1.61 r
  ASYNC_FIFO_U5/U1/U19/Y (NOR2BX2M)                       0.27       1.88 r
  ASYNC_FIFO_U5/U1/U95/Y (NAND3X2M)                       0.12       1.99 f
  ASYNC_FIFO_U5/U1/U4/Y (BUFX2M)                          0.23       2.23 f
  ASYNC_FIFO_U5/U1/U77/Y (OAI2BB2X1M)                     0.16       2.38 r
  ASYNC_FIFO_U5/U1/FIFO_MEM_reg[2][1]/D (DFFRQX2M)        0.00       2.38 r
  data arrival time                                                  2.38

  clock REF_CLK (rise edge)                              20.00      20.00
  clock network delay (ideal)                             0.00      20.00
  clock uncertainty                                      -0.20      19.80
  ASYNC_FIFO_U5/U1/FIFO_MEM_reg[2][1]/CK (DFFRQX2M)       0.00      19.80 r
  library setup time                                     -0.31      19.49
  data required time                                                19.49
  --------------------------------------------------------------------------
  data required time                                                19.49
  data arrival time                                                 -2.38
  --------------------------------------------------------------------------
  slack (MET)                                                       17.11


  Startpoint: Domain_1_TOP_U0/SYS_CTRL_U3/cur_state_reg[0]
              (rising edge-triggered flip-flop clocked by REF_CLK)
  Endpoint: ASYNC_FIFO_U5/U1/FIFO_MEM_reg[2][0]
            (rising edge-triggered flip-flop clocked by REF_CLK)
  Path Group: REF_CLK
  Path Type: max

  Point                                                   Incr       Path
  --------------------------------------------------------------------------
  clock REF_CLK (rise edge)                               0.00       0.00
  clock network delay (ideal)                             0.00       0.00
  Domain_1_TOP_U0/SYS_CTRL_U3/cur_state_reg[0]/CK (DFFRQX2M)
                                                          0.00       0.00 r
  Domain_1_TOP_U0/SYS_CTRL_U3/cur_state_reg[0]/Q (DFFRQX2M)
                                                          0.45       0.45 r
  Domain_1_TOP_U0/SYS_CTRL_U3/U66/Y (INVX2M)              0.11       0.56 f
  Domain_1_TOP_U0/SYS_CTRL_U3/U27/Y (NOR2X2M)             0.25       0.81 r
  Domain_1_TOP_U0/SYS_CTRL_U3/U64/Y (AND4X2M)             0.36       1.17 r
  Domain_1_TOP_U0/SYS_CTRL_U3/U32/Y (NOR2X2M)             0.10       1.27 f
  Domain_1_TOP_U0/SYS_CTRL_U3/U15/Y (AOI21X2M)            0.16       1.43 r
  Domain_1_TOP_U0/SYS_CTRL_U3/WR_INC (SYS_CTRL)           0.00       1.43 r
  Domain_1_TOP_U0/WR_INC (Domain_1_TOP)                   0.00       1.43 r
  ASYNC_FIFO_U5/W_INC (ASYNC_FIFO)                        0.00       1.43 r
  ASYNC_FIFO_U5/U5/Y (NOR2BX2M)                           0.18       1.61 r
  ASYNC_FIFO_U5/U1/wclken (FIFO_MEM_CNTRL)                0.00       1.61 r
  ASYNC_FIFO_U5/U1/U19/Y (NOR2BX2M)                       0.27       1.88 r
  ASYNC_FIFO_U5/U1/U95/Y (NAND3X2M)                       0.12       1.99 f
  ASYNC_FIFO_U5/U1/U4/Y (BUFX2M)                          0.23       2.23 f
  ASYNC_FIFO_U5/U1/U76/Y (OAI2BB2X1M)                     0.16       2.38 r
  ASYNC_FIFO_U5/U1/FIFO_MEM_reg[2][0]/D (DFFRQX2M)        0.00       2.38 r
  data arrival time                                                  2.38

  clock REF_CLK (rise edge)                              20.00      20.00
  clock network delay (ideal)                             0.00      20.00
  clock uncertainty                                      -0.20      19.80
  ASYNC_FIFO_U5/U1/FIFO_MEM_reg[2][0]/CK (DFFRQX2M)       0.00      19.80 r
  library setup time                                     -0.31      19.49
  data required time                                                19.49
  --------------------------------------------------------------------------
  data required time                                                19.49
  data arrival time                                                 -2.38
  --------------------------------------------------------------------------
  slack (MET)                                                       17.11


  Startpoint: Domain_1_TOP_U0/SYS_CTRL_U3/cur_state_reg[0]
              (rising edge-triggered flip-flop clocked by REF_CLK)
  Endpoint: ASYNC_FIFO_U5/U1/FIFO_MEM_reg[3][7]
            (rising edge-triggered flip-flop clocked by REF_CLK)
  Path Group: REF_CLK
  Path Type: max

  Point                                                   Incr       Path
  --------------------------------------------------------------------------
  clock REF_CLK (rise edge)                               0.00       0.00
  clock network delay (ideal)                             0.00       0.00
  Domain_1_TOP_U0/SYS_CTRL_U3/cur_state_reg[0]/CK (DFFRQX2M)
                                                          0.00       0.00 r
  Domain_1_TOP_U0/SYS_CTRL_U3/cur_state_reg[0]/Q (DFFRQX2M)
                                                          0.45       0.45 r
  Domain_1_TOP_U0/SYS_CTRL_U3/U66/Y (INVX2M)              0.11       0.56 f
  Domain_1_TOP_U0/SYS_CTRL_U3/U27/Y (NOR2X2M)             0.25       0.81 r
  Domain_1_TOP_U0/SYS_CTRL_U3/U64/Y (AND4X2M)             0.36       1.17 r
  Domain_1_TOP_U0/SYS_CTRL_U3/U32/Y (NOR2X2M)             0.10       1.27 f
  Domain_1_TOP_U0/SYS_CTRL_U3/U15/Y (AOI21X2M)            0.16       1.43 r
  Domain_1_TOP_U0/SYS_CTRL_U3/WR_INC (SYS_CTRL)           0.00       1.43 r
  Domain_1_TOP_U0/WR_INC (Domain_1_TOP)                   0.00       1.43 r
  ASYNC_FIFO_U5/W_INC (ASYNC_FIFO)                        0.00       1.43 r
  ASYNC_FIFO_U5/U5/Y (NOR2BX2M)                           0.18       1.61 r
  ASYNC_FIFO_U5/U1/wclken (FIFO_MEM_CNTRL)                0.00       1.61 r
  ASYNC_FIFO_U5/U1/U19/Y (NOR2BX2M)                       0.27       1.88 r
  ASYNC_FIFO_U5/U1/U94/Y (NAND3X2M)                       0.12       1.99 f
  ASYNC_FIFO_U5/U1/U3/Y (BUFX2M)                          0.23       2.23 f
  ASYNC_FIFO_U5/U1/U75/Y (OAI2BB2X1M)                     0.16       2.38 r
  ASYNC_FIFO_U5/U1/FIFO_MEM_reg[3][7]/D (DFFRQX2M)        0.00       2.38 r
  data arrival time                                                  2.38

  clock REF_CLK (rise edge)                              20.00      20.00
  clock network delay (ideal)                             0.00      20.00
  clock uncertainty                                      -0.20      19.80
  ASYNC_FIFO_U5/U1/FIFO_MEM_reg[3][7]/CK (DFFRQX2M)       0.00      19.80 r
  library setup time                                     -0.31      19.49
  data required time                                                19.49
  --------------------------------------------------------------------------
  data required time                                                19.49
  data arrival time                                                 -2.38
  --------------------------------------------------------------------------
  slack (MET)                                                       17.11


  Startpoint: Domain_1_TOP_U0/SYS_CTRL_U3/cur_state_reg[0]
              (rising edge-triggered flip-flop clocked by REF_CLK)
  Endpoint: ASYNC_FIFO_U5/U1/FIFO_MEM_reg[3][6]
            (rising edge-triggered flip-flop clocked by REF_CLK)
  Path Group: REF_CLK
  Path Type: max

  Point                                                   Incr       Path
  --------------------------------------------------------------------------
  clock REF_CLK (rise edge)                               0.00       0.00
  clock network delay (ideal)                             0.00       0.00
  Domain_1_TOP_U0/SYS_CTRL_U3/cur_state_reg[0]/CK (DFFRQX2M)
                                                          0.00       0.00 r
  Domain_1_TOP_U0/SYS_CTRL_U3/cur_state_reg[0]/Q (DFFRQX2M)
                                                          0.45       0.45 r
  Domain_1_TOP_U0/SYS_CTRL_U3/U66/Y (INVX2M)              0.11       0.56 f
  Domain_1_TOP_U0/SYS_CTRL_U3/U27/Y (NOR2X2M)             0.25       0.81 r
  Domain_1_TOP_U0/SYS_CTRL_U3/U64/Y (AND4X2M)             0.36       1.17 r
  Domain_1_TOP_U0/SYS_CTRL_U3/U32/Y (NOR2X2M)             0.10       1.27 f
  Domain_1_TOP_U0/SYS_CTRL_U3/U15/Y (AOI21X2M)            0.16       1.43 r
  Domain_1_TOP_U0/SYS_CTRL_U3/WR_INC (SYS_CTRL)           0.00       1.43 r
  Domain_1_TOP_U0/WR_INC (Domain_1_TOP)                   0.00       1.43 r
  ASYNC_FIFO_U5/W_INC (ASYNC_FIFO)                        0.00       1.43 r
  ASYNC_FIFO_U5/U5/Y (NOR2BX2M)                           0.18       1.61 r
  ASYNC_FIFO_U5/U1/wclken (FIFO_MEM_CNTRL)                0.00       1.61 r
  ASYNC_FIFO_U5/U1/U19/Y (NOR2BX2M)                       0.27       1.88 r
  ASYNC_FIFO_U5/U1/U94/Y (NAND3X2M)                       0.12       1.99 f
  ASYNC_FIFO_U5/U1/U3/Y (BUFX2M)                          0.23       2.23 f
  ASYNC_FIFO_U5/U1/U74/Y (OAI2BB2X1M)                     0.16       2.38 r
  ASYNC_FIFO_U5/U1/FIFO_MEM_reg[3][6]/D (DFFRQX2M)        0.00       2.38 r
  data arrival time                                                  2.38

  clock REF_CLK (rise edge)                              20.00      20.00
  clock network delay (ideal)                             0.00      20.00
  clock uncertainty                                      -0.20      19.80
  ASYNC_FIFO_U5/U1/FIFO_MEM_reg[3][6]/CK (DFFRQX2M)       0.00      19.80 r
  library setup time                                     -0.31      19.49
  data required time                                                19.49
  --------------------------------------------------------------------------
  data required time                                                19.49
  data arrival time                                                 -2.38
  --------------------------------------------------------------------------
  slack (MET)                                                       17.11


  Startpoint: Domain_1_TOP_U0/SYS_CTRL_U3/cur_state_reg[0]
              (rising edge-triggered flip-flop clocked by REF_CLK)
  Endpoint: ASYNC_FIFO_U5/U1/FIFO_MEM_reg[3][5]
            (rising edge-triggered flip-flop clocked by REF_CLK)
  Path Group: REF_CLK
  Path Type: max

  Point                                                   Incr       Path
  --------------------------------------------------------------------------
  clock REF_CLK (rise edge)                               0.00       0.00
  clock network delay (ideal)                             0.00       0.00
  Domain_1_TOP_U0/SYS_CTRL_U3/cur_state_reg[0]/CK (DFFRQX2M)
                                                          0.00       0.00 r
  Domain_1_TOP_U0/SYS_CTRL_U3/cur_state_reg[0]/Q (DFFRQX2M)
                                                          0.45       0.45 r
  Domain_1_TOP_U0/SYS_CTRL_U3/U66/Y (INVX2M)              0.11       0.56 f
  Domain_1_TOP_U0/SYS_CTRL_U3/U27/Y (NOR2X2M)             0.25       0.81 r
  Domain_1_TOP_U0/SYS_CTRL_U3/U64/Y (AND4X2M)             0.36       1.17 r
  Domain_1_TOP_U0/SYS_CTRL_U3/U32/Y (NOR2X2M)             0.10       1.27 f
  Domain_1_TOP_U0/SYS_CTRL_U3/U15/Y (AOI21X2M)            0.16       1.43 r
  Domain_1_TOP_U0/SYS_CTRL_U3/WR_INC (SYS_CTRL)           0.00       1.43 r
  Domain_1_TOP_U0/WR_INC (Domain_1_TOP)                   0.00       1.43 r
  ASYNC_FIFO_U5/W_INC (ASYNC_FIFO)                        0.00       1.43 r
  ASYNC_FIFO_U5/U5/Y (NOR2BX2M)                           0.18       1.61 r
  ASYNC_FIFO_U5/U1/wclken (FIFO_MEM_CNTRL)                0.00       1.61 r
  ASYNC_FIFO_U5/U1/U19/Y (NOR2BX2M)                       0.27       1.88 r
  ASYNC_FIFO_U5/U1/U94/Y (NAND3X2M)                       0.12       1.99 f
  ASYNC_FIFO_U5/U1/U3/Y (BUFX2M)                          0.23       2.23 f
  ASYNC_FIFO_U5/U1/U73/Y (OAI2BB2X1M)                     0.16       2.38 r
  ASYNC_FIFO_U5/U1/FIFO_MEM_reg[3][5]/D (DFFRQX2M)        0.00       2.38 r
  data arrival time                                                  2.38

  clock REF_CLK (rise edge)                              20.00      20.00
  clock network delay (ideal)                             0.00      20.00
  clock uncertainty                                      -0.20      19.80
  ASYNC_FIFO_U5/U1/FIFO_MEM_reg[3][5]/CK (DFFRQX2M)       0.00      19.80 r
  library setup time                                     -0.31      19.49
  data required time                                                19.49
  --------------------------------------------------------------------------
  data required time                                                19.49
  data arrival time                                                 -2.38
  --------------------------------------------------------------------------
  slack (MET)                                                       17.11


  Startpoint: Domain_1_TOP_U0/SYS_CTRL_U3/cur_state_reg[0]
              (rising edge-triggered flip-flop clocked by REF_CLK)
  Endpoint: ASYNC_FIFO_U5/U1/FIFO_MEM_reg[3][4]
            (rising edge-triggered flip-flop clocked by REF_CLK)
  Path Group: REF_CLK
  Path Type: max

  Point                                                   Incr       Path
  --------------------------------------------------------------------------
  clock REF_CLK (rise edge)                               0.00       0.00
  clock network delay (ideal)                             0.00       0.00
  Domain_1_TOP_U0/SYS_CTRL_U3/cur_state_reg[0]/CK (DFFRQX2M)
                                                          0.00       0.00 r
  Domain_1_TOP_U0/SYS_CTRL_U3/cur_state_reg[0]/Q (DFFRQX2M)
                                                          0.45       0.45 r
  Domain_1_TOP_U0/SYS_CTRL_U3/U66/Y (INVX2M)              0.11       0.56 f
  Domain_1_TOP_U0/SYS_CTRL_U3/U27/Y (NOR2X2M)             0.25       0.81 r
  Domain_1_TOP_U0/SYS_CTRL_U3/U64/Y (AND4X2M)             0.36       1.17 r
  Domain_1_TOP_U0/SYS_CTRL_U3/U32/Y (NOR2X2M)             0.10       1.27 f
  Domain_1_TOP_U0/SYS_CTRL_U3/U15/Y (AOI21X2M)            0.16       1.43 r
  Domain_1_TOP_U0/SYS_CTRL_U3/WR_INC (SYS_CTRL)           0.00       1.43 r
  Domain_1_TOP_U0/WR_INC (Domain_1_TOP)                   0.00       1.43 r
  ASYNC_FIFO_U5/W_INC (ASYNC_FIFO)                        0.00       1.43 r
  ASYNC_FIFO_U5/U5/Y (NOR2BX2M)                           0.18       1.61 r
  ASYNC_FIFO_U5/U1/wclken (FIFO_MEM_CNTRL)                0.00       1.61 r
  ASYNC_FIFO_U5/U1/U19/Y (NOR2BX2M)                       0.27       1.88 r
  ASYNC_FIFO_U5/U1/U94/Y (NAND3X2M)                       0.12       1.99 f
  ASYNC_FIFO_U5/U1/U3/Y (BUFX2M)                          0.23       2.23 f
  ASYNC_FIFO_U5/U1/U72/Y (OAI2BB2X1M)                     0.16       2.38 r
  ASYNC_FIFO_U5/U1/FIFO_MEM_reg[3][4]/D (DFFRQX2M)        0.00       2.38 r
  data arrival time                                                  2.38

  clock REF_CLK (rise edge)                              20.00      20.00
  clock network delay (ideal)                             0.00      20.00
  clock uncertainty                                      -0.20      19.80
  ASYNC_FIFO_U5/U1/FIFO_MEM_reg[3][4]/CK (DFFRQX2M)       0.00      19.80 r
  library setup time                                     -0.31      19.49
  data required time                                                19.49
  --------------------------------------------------------------------------
  data required time                                                19.49
  data arrival time                                                 -2.38
  --------------------------------------------------------------------------
  slack (MET)                                                       17.11


  Startpoint: Domain_1_TOP_U0/SYS_CTRL_U3/cur_state_reg[0]
              (rising edge-triggered flip-flop clocked by REF_CLK)
  Endpoint: ASYNC_FIFO_U5/U1/FIFO_MEM_reg[3][3]
            (rising edge-triggered flip-flop clocked by REF_CLK)
  Path Group: REF_CLK
  Path Type: max

  Point                                                   Incr       Path
  --------------------------------------------------------------------------
  clock REF_CLK (rise edge)                               0.00       0.00
  clock network delay (ideal)                             0.00       0.00
  Domain_1_TOP_U0/SYS_CTRL_U3/cur_state_reg[0]/CK (DFFRQX2M)
                                                          0.00       0.00 r
  Domain_1_TOP_U0/SYS_CTRL_U3/cur_state_reg[0]/Q (DFFRQX2M)
                                                          0.45       0.45 r
  Domain_1_TOP_U0/SYS_CTRL_U3/U66/Y (INVX2M)              0.11       0.56 f
  Domain_1_TOP_U0/SYS_CTRL_U3/U27/Y (NOR2X2M)             0.25       0.81 r
  Domain_1_TOP_U0/SYS_CTRL_U3/U64/Y (AND4X2M)             0.36       1.17 r
  Domain_1_TOP_U0/SYS_CTRL_U3/U32/Y (NOR2X2M)             0.10       1.27 f
  Domain_1_TOP_U0/SYS_CTRL_U3/U15/Y (AOI21X2M)            0.16       1.43 r
  Domain_1_TOP_U0/SYS_CTRL_U3/WR_INC (SYS_CTRL)           0.00       1.43 r
  Domain_1_TOP_U0/WR_INC (Domain_1_TOP)                   0.00       1.43 r
  ASYNC_FIFO_U5/W_INC (ASYNC_FIFO)                        0.00       1.43 r
  ASYNC_FIFO_U5/U5/Y (NOR2BX2M)                           0.18       1.61 r
  ASYNC_FIFO_U5/U1/wclken (FIFO_MEM_CNTRL)                0.00       1.61 r
  ASYNC_FIFO_U5/U1/U19/Y (NOR2BX2M)                       0.27       1.88 r
  ASYNC_FIFO_U5/U1/U94/Y (NAND3X2M)                       0.12       1.99 f
  ASYNC_FIFO_U5/U1/U3/Y (BUFX2M)                          0.23       2.23 f
  ASYNC_FIFO_U5/U1/U71/Y (OAI2BB2X1M)                     0.16       2.38 r
  ASYNC_FIFO_U5/U1/FIFO_MEM_reg[3][3]/D (DFFRQX2M)        0.00       2.38 r
  data arrival time                                                  2.38

  clock REF_CLK (rise edge)                              20.00      20.00
  clock network delay (ideal)                             0.00      20.00
  clock uncertainty                                      -0.20      19.80
  ASYNC_FIFO_U5/U1/FIFO_MEM_reg[3][3]/CK (DFFRQX2M)       0.00      19.80 r
  library setup time                                     -0.31      19.49
  data required time                                                19.49
  --------------------------------------------------------------------------
  data required time                                                19.49
  data arrival time                                                 -2.38
  --------------------------------------------------------------------------
  slack (MET)                                                       17.11


  Startpoint: Domain_1_TOP_U0/SYS_CTRL_U3/cur_state_reg[0]
              (rising edge-triggered flip-flop clocked by REF_CLK)
  Endpoint: ASYNC_FIFO_U5/U1/FIFO_MEM_reg[3][2]
            (rising edge-triggered flip-flop clocked by REF_CLK)
  Path Group: REF_CLK
  Path Type: max

  Point                                                   Incr       Path
  --------------------------------------------------------------------------
  clock REF_CLK (rise edge)                               0.00       0.00
  clock network delay (ideal)                             0.00       0.00
  Domain_1_TOP_U0/SYS_CTRL_U3/cur_state_reg[0]/CK (DFFRQX2M)
                                                          0.00       0.00 r
  Domain_1_TOP_U0/SYS_CTRL_U3/cur_state_reg[0]/Q (DFFRQX2M)
                                                          0.45       0.45 r
  Domain_1_TOP_U0/SYS_CTRL_U3/U66/Y (INVX2M)              0.11       0.56 f
  Domain_1_TOP_U0/SYS_CTRL_U3/U27/Y (NOR2X2M)             0.25       0.81 r
  Domain_1_TOP_U0/SYS_CTRL_U3/U64/Y (AND4X2M)             0.36       1.17 r
  Domain_1_TOP_U0/SYS_CTRL_U3/U32/Y (NOR2X2M)             0.10       1.27 f
  Domain_1_TOP_U0/SYS_CTRL_U3/U15/Y (AOI21X2M)            0.16       1.43 r
  Domain_1_TOP_U0/SYS_CTRL_U3/WR_INC (SYS_CTRL)           0.00       1.43 r
  Domain_1_TOP_U0/WR_INC (Domain_1_TOP)                   0.00       1.43 r
  ASYNC_FIFO_U5/W_INC (ASYNC_FIFO)                        0.00       1.43 r
  ASYNC_FIFO_U5/U5/Y (NOR2BX2M)                           0.18       1.61 r
  ASYNC_FIFO_U5/U1/wclken (FIFO_MEM_CNTRL)                0.00       1.61 r
  ASYNC_FIFO_U5/U1/U19/Y (NOR2BX2M)                       0.27       1.88 r
  ASYNC_FIFO_U5/U1/U94/Y (NAND3X2M)                       0.12       1.99 f
  ASYNC_FIFO_U5/U1/U3/Y (BUFX2M)                          0.23       2.23 f
  ASYNC_FIFO_U5/U1/U70/Y (OAI2BB2X1M)                     0.16       2.38 r
  ASYNC_FIFO_U5/U1/FIFO_MEM_reg[3][2]/D (DFFRQX2M)        0.00       2.38 r
  data arrival time                                                  2.38

  clock REF_CLK (rise edge)                              20.00      20.00
  clock network delay (ideal)                             0.00      20.00
  clock uncertainty                                      -0.20      19.80
  ASYNC_FIFO_U5/U1/FIFO_MEM_reg[3][2]/CK (DFFRQX2M)       0.00      19.80 r
  library setup time                                     -0.31      19.49
  data required time                                                19.49
  --------------------------------------------------------------------------
  data required time                                                19.49
  data arrival time                                                 -2.38
  --------------------------------------------------------------------------
  slack (MET)                                                       17.11


  Startpoint: Domain_1_TOP_U0/SYS_CTRL_U3/cur_state_reg[0]
              (rising edge-triggered flip-flop clocked by REF_CLK)
  Endpoint: ASYNC_FIFO_U5/U1/FIFO_MEM_reg[3][1]
            (rising edge-triggered flip-flop clocked by REF_CLK)
  Path Group: REF_CLK
  Path Type: max

  Point                                                   Incr       Path
  --------------------------------------------------------------------------
  clock REF_CLK (rise edge)                               0.00       0.00
  clock network delay (ideal)                             0.00       0.00
  Domain_1_TOP_U0/SYS_CTRL_U3/cur_state_reg[0]/CK (DFFRQX2M)
                                                          0.00       0.00 r
  Domain_1_TOP_U0/SYS_CTRL_U3/cur_state_reg[0]/Q (DFFRQX2M)
                                                          0.45       0.45 r
  Domain_1_TOP_U0/SYS_CTRL_U3/U66/Y (INVX2M)              0.11       0.56 f
  Domain_1_TOP_U0/SYS_CTRL_U3/U27/Y (NOR2X2M)             0.25       0.81 r
  Domain_1_TOP_U0/SYS_CTRL_U3/U64/Y (AND4X2M)             0.36       1.17 r
  Domain_1_TOP_U0/SYS_CTRL_U3/U32/Y (NOR2X2M)             0.10       1.27 f
  Domain_1_TOP_U0/SYS_CTRL_U3/U15/Y (AOI21X2M)            0.16       1.43 r
  Domain_1_TOP_U0/SYS_CTRL_U3/WR_INC (SYS_CTRL)           0.00       1.43 r
  Domain_1_TOP_U0/WR_INC (Domain_1_TOP)                   0.00       1.43 r
  ASYNC_FIFO_U5/W_INC (ASYNC_FIFO)                        0.00       1.43 r
  ASYNC_FIFO_U5/U5/Y (NOR2BX2M)                           0.18       1.61 r
  ASYNC_FIFO_U5/U1/wclken (FIFO_MEM_CNTRL)                0.00       1.61 r
  ASYNC_FIFO_U5/U1/U19/Y (NOR2BX2M)                       0.27       1.88 r
  ASYNC_FIFO_U5/U1/U94/Y (NAND3X2M)                       0.12       1.99 f
  ASYNC_FIFO_U5/U1/U3/Y (BUFX2M)                          0.23       2.23 f
  ASYNC_FIFO_U5/U1/U69/Y (OAI2BB2X1M)                     0.16       2.38 r
  ASYNC_FIFO_U5/U1/FIFO_MEM_reg[3][1]/D (DFFRQX2M)        0.00       2.38 r
  data arrival time                                                  2.38

  clock REF_CLK (rise edge)                              20.00      20.00
  clock network delay (ideal)                             0.00      20.00
  clock uncertainty                                      -0.20      19.80
  ASYNC_FIFO_U5/U1/FIFO_MEM_reg[3][1]/CK (DFFRQX2M)       0.00      19.80 r
  library setup time                                     -0.31      19.49
  data required time                                                19.49
  --------------------------------------------------------------------------
  data required time                                                19.49
  data arrival time                                                 -2.38
  --------------------------------------------------------------------------
  slack (MET)                                                       17.11


  Startpoint: Domain_1_TOP_U0/SYS_CTRL_U3/cur_state_reg[0]
              (rising edge-triggered flip-flop clocked by REF_CLK)
  Endpoint: ASYNC_FIFO_U5/U1/FIFO_MEM_reg[3][0]
            (rising edge-triggered flip-flop clocked by REF_CLK)
  Path Group: REF_CLK
  Path Type: max

  Point                                                   Incr       Path
  --------------------------------------------------------------------------
  clock REF_CLK (rise edge)                               0.00       0.00
  clock network delay (ideal)                             0.00       0.00
  Domain_1_TOP_U0/SYS_CTRL_U3/cur_state_reg[0]/CK (DFFRQX2M)
                                                          0.00       0.00 r
  Domain_1_TOP_U0/SYS_CTRL_U3/cur_state_reg[0]/Q (DFFRQX2M)
                                                          0.45       0.45 r
  Domain_1_TOP_U0/SYS_CTRL_U3/U66/Y (INVX2M)              0.11       0.56 f
  Domain_1_TOP_U0/SYS_CTRL_U3/U27/Y (NOR2X2M)             0.25       0.81 r
  Domain_1_TOP_U0/SYS_CTRL_U3/U64/Y (AND4X2M)             0.36       1.17 r
  Domain_1_TOP_U0/SYS_CTRL_U3/U32/Y (NOR2X2M)             0.10       1.27 f
  Domain_1_TOP_U0/SYS_CTRL_U3/U15/Y (AOI21X2M)            0.16       1.43 r
  Domain_1_TOP_U0/SYS_CTRL_U3/WR_INC (SYS_CTRL)           0.00       1.43 r
  Domain_1_TOP_U0/WR_INC (Domain_1_TOP)                   0.00       1.43 r
  ASYNC_FIFO_U5/W_INC (ASYNC_FIFO)                        0.00       1.43 r
  ASYNC_FIFO_U5/U5/Y (NOR2BX2M)                           0.18       1.61 r
  ASYNC_FIFO_U5/U1/wclken (FIFO_MEM_CNTRL)                0.00       1.61 r
  ASYNC_FIFO_U5/U1/U19/Y (NOR2BX2M)                       0.27       1.88 r
  ASYNC_FIFO_U5/U1/U94/Y (NAND3X2M)                       0.12       1.99 f
  ASYNC_FIFO_U5/U1/U3/Y (BUFX2M)                          0.23       2.23 f
  ASYNC_FIFO_U5/U1/U68/Y (OAI2BB2X1M)                     0.16       2.38 r
  ASYNC_FIFO_U5/U1/FIFO_MEM_reg[3][0]/D (DFFRQX2M)        0.00       2.38 r
  data arrival time                                                  2.38

  clock REF_CLK (rise edge)                              20.00      20.00
  clock network delay (ideal)                             0.00      20.00
  clock uncertainty                                      -0.20      19.80
  ASYNC_FIFO_U5/U1/FIFO_MEM_reg[3][0]/CK (DFFRQX2M)       0.00      19.80 r
  library setup time                                     -0.31      19.49
  data required time                                                19.49
  --------------------------------------------------------------------------
  data required time                                                19.49
  data arrival time                                                 -2.38
  --------------------------------------------------------------------------
  slack (MET)                                                       17.11


  Startpoint: Domain_1_TOP_U0/SYS_CTRL_U3/cur_state_reg[0]
              (rising edge-triggered flip-flop clocked by REF_CLK)
  Endpoint: ASYNC_FIFO_U5/U1/FIFO_MEM_reg[0][7]
            (rising edge-triggered flip-flop clocked by REF_CLK)
  Path Group: REF_CLK
  Path Type: max

  Point                                                   Incr       Path
  --------------------------------------------------------------------------
  clock REF_CLK (rise edge)                               0.00       0.00
  clock network delay (ideal)                             0.00       0.00
  Domain_1_TOP_U0/SYS_CTRL_U3/cur_state_reg[0]/CK (DFFRQX2M)
                                                          0.00       0.00 r
  Domain_1_TOP_U0/SYS_CTRL_U3/cur_state_reg[0]/Q (DFFRQX2M)
                                                          0.45       0.45 r
  Domain_1_TOP_U0/SYS_CTRL_U3/U66/Y (INVX2M)              0.11       0.56 f
  Domain_1_TOP_U0/SYS_CTRL_U3/U27/Y (NOR2X2M)             0.25       0.81 r
  Domain_1_TOP_U0/SYS_CTRL_U3/U64/Y (AND4X2M)             0.36       1.17 r
  Domain_1_TOP_U0/SYS_CTRL_U3/U32/Y (NOR2X2M)             0.10       1.27 f
  Domain_1_TOP_U0/SYS_CTRL_U3/U15/Y (AOI21X2M)            0.16       1.43 r
  Domain_1_TOP_U0/SYS_CTRL_U3/WR_INC (SYS_CTRL)           0.00       1.43 r
  Domain_1_TOP_U0/WR_INC (Domain_1_TOP)                   0.00       1.43 r
  ASYNC_FIFO_U5/W_INC (ASYNC_FIFO)                        0.00       1.43 r
  ASYNC_FIFO_U5/U5/Y (NOR2BX2M)                           0.18       1.61 r
  ASYNC_FIFO_U5/U1/wclken (FIFO_MEM_CNTRL)                0.00       1.61 r
  ASYNC_FIFO_U5/U1/U19/Y (NOR2BX2M)                       0.27       1.88 r
  ASYNC_FIFO_U5/U1/U15/Y (NAND3X2M)                       0.30       2.18 f
  ASYNC_FIFO_U5/U1/U43/Y (OAI2BB2X1M)                     0.20       2.38 r
  ASYNC_FIFO_U5/U1/FIFO_MEM_reg[0][7]/D (DFFRQX2M)        0.00       2.38 r
  data arrival time                                                  2.38

  clock REF_CLK (rise edge)                              20.00      20.00
  clock network delay (ideal)                             0.00      20.00
  clock uncertainty                                      -0.20      19.80
  ASYNC_FIFO_U5/U1/FIFO_MEM_reg[0][7]/CK (DFFRQX2M)       0.00      19.80 r
  library setup time                                     -0.31      19.49
  data required time                                                19.49
  --------------------------------------------------------------------------
  data required time                                                19.49
  data arrival time                                                 -2.38
  --------------------------------------------------------------------------
  slack (MET)                                                       17.11


  Startpoint: Domain_1_TOP_U0/SYS_CTRL_U3/cur_state_reg[0]
              (rising edge-triggered flip-flop clocked by REF_CLK)
  Endpoint: ASYNC_FIFO_U5/U1/FIFO_MEM_reg[0][6]
            (rising edge-triggered flip-flop clocked by REF_CLK)
  Path Group: REF_CLK
  Path Type: max

  Point                                                   Incr       Path
  --------------------------------------------------------------------------
  clock REF_CLK (rise edge)                               0.00       0.00
  clock network delay (ideal)                             0.00       0.00
  Domain_1_TOP_U0/SYS_CTRL_U3/cur_state_reg[0]/CK (DFFRQX2M)
                                                          0.00       0.00 r
  Domain_1_TOP_U0/SYS_CTRL_U3/cur_state_reg[0]/Q (DFFRQX2M)
                                                          0.45       0.45 r
  Domain_1_TOP_U0/SYS_CTRL_U3/U66/Y (INVX2M)              0.11       0.56 f
  Domain_1_TOP_U0/SYS_CTRL_U3/U27/Y (NOR2X2M)             0.25       0.81 r
  Domain_1_TOP_U0/SYS_CTRL_U3/U64/Y (AND4X2M)             0.36       1.17 r
  Domain_1_TOP_U0/SYS_CTRL_U3/U32/Y (NOR2X2M)             0.10       1.27 f
  Domain_1_TOP_U0/SYS_CTRL_U3/U15/Y (AOI21X2M)            0.16       1.43 r
  Domain_1_TOP_U0/SYS_CTRL_U3/WR_INC (SYS_CTRL)           0.00       1.43 r
  Domain_1_TOP_U0/WR_INC (Domain_1_TOP)                   0.00       1.43 r
  ASYNC_FIFO_U5/W_INC (ASYNC_FIFO)                        0.00       1.43 r
  ASYNC_FIFO_U5/U5/Y (NOR2BX2M)                           0.18       1.61 r
  ASYNC_FIFO_U5/U1/wclken (FIFO_MEM_CNTRL)                0.00       1.61 r
  ASYNC_FIFO_U5/U1/U19/Y (NOR2BX2M)                       0.27       1.88 r
  ASYNC_FIFO_U5/U1/U15/Y (NAND3X2M)                       0.30       2.18 f
  ASYNC_FIFO_U5/U1/U42/Y (OAI2BB2X1M)                     0.20       2.38 r
  ASYNC_FIFO_U5/U1/FIFO_MEM_reg[0][6]/D (DFFRQX2M)        0.00       2.38 r
  data arrival time                                                  2.38

  clock REF_CLK (rise edge)                              20.00      20.00
  clock network delay (ideal)                             0.00      20.00
  clock uncertainty                                      -0.20      19.80
  ASYNC_FIFO_U5/U1/FIFO_MEM_reg[0][6]/CK (DFFRQX2M)       0.00      19.80 r
  library setup time                                     -0.31      19.49
  data required time                                                19.49
  --------------------------------------------------------------------------
  data required time                                                19.49
  data arrival time                                                 -2.38
  --------------------------------------------------------------------------
  slack (MET)                                                       17.11


  Startpoint: Domain_1_TOP_U0/SYS_CTRL_U3/cur_state_reg[0]
              (rising edge-triggered flip-flop clocked by REF_CLK)
  Endpoint: ASYNC_FIFO_U5/U1/FIFO_MEM_reg[0][5]
            (rising edge-triggered flip-flop clocked by REF_CLK)
  Path Group: REF_CLK
  Path Type: max

  Point                                                   Incr       Path
  --------------------------------------------------------------------------
  clock REF_CLK (rise edge)                               0.00       0.00
  clock network delay (ideal)                             0.00       0.00
  Domain_1_TOP_U0/SYS_CTRL_U3/cur_state_reg[0]/CK (DFFRQX2M)
                                                          0.00       0.00 r
  Domain_1_TOP_U0/SYS_CTRL_U3/cur_state_reg[0]/Q (DFFRQX2M)
                                                          0.45       0.45 r
  Domain_1_TOP_U0/SYS_CTRL_U3/U66/Y (INVX2M)              0.11       0.56 f
  Domain_1_TOP_U0/SYS_CTRL_U3/U27/Y (NOR2X2M)             0.25       0.81 r
  Domain_1_TOP_U0/SYS_CTRL_U3/U64/Y (AND4X2M)             0.36       1.17 r
  Domain_1_TOP_U0/SYS_CTRL_U3/U32/Y (NOR2X2M)             0.10       1.27 f
  Domain_1_TOP_U0/SYS_CTRL_U3/U15/Y (AOI21X2M)            0.16       1.43 r
  Domain_1_TOP_U0/SYS_CTRL_U3/WR_INC (SYS_CTRL)           0.00       1.43 r
  Domain_1_TOP_U0/WR_INC (Domain_1_TOP)                   0.00       1.43 r
  ASYNC_FIFO_U5/W_INC (ASYNC_FIFO)                        0.00       1.43 r
  ASYNC_FIFO_U5/U5/Y (NOR2BX2M)                           0.18       1.61 r
  ASYNC_FIFO_U5/U1/wclken (FIFO_MEM_CNTRL)                0.00       1.61 r
  ASYNC_FIFO_U5/U1/U19/Y (NOR2BX2M)                       0.27       1.88 r
  ASYNC_FIFO_U5/U1/U15/Y (NAND3X2M)                       0.30       2.18 f
  ASYNC_FIFO_U5/U1/U41/Y (OAI2BB2X1M)                     0.20       2.38 r
  ASYNC_FIFO_U5/U1/FIFO_MEM_reg[0][5]/D (DFFRQX2M)        0.00       2.38 r
  data arrival time                                                  2.38

  clock REF_CLK (rise edge)                              20.00      20.00
  clock network delay (ideal)                             0.00      20.00
  clock uncertainty                                      -0.20      19.80
  ASYNC_FIFO_U5/U1/FIFO_MEM_reg[0][5]/CK (DFFRQX2M)       0.00      19.80 r
  library setup time                                     -0.31      19.49
  data required time                                                19.49
  --------------------------------------------------------------------------
  data required time                                                19.49
  data arrival time                                                 -2.38
  --------------------------------------------------------------------------
  slack (MET)                                                       17.11


  Startpoint: Domain_1_TOP_U0/SYS_CTRL_U3/cur_state_reg[0]
              (rising edge-triggered flip-flop clocked by REF_CLK)
  Endpoint: ASYNC_FIFO_U5/U1/FIFO_MEM_reg[0][4]
            (rising edge-triggered flip-flop clocked by REF_CLK)
  Path Group: REF_CLK
  Path Type: max

  Point                                                   Incr       Path
  --------------------------------------------------------------------------
  clock REF_CLK (rise edge)                               0.00       0.00
  clock network delay (ideal)                             0.00       0.00
  Domain_1_TOP_U0/SYS_CTRL_U3/cur_state_reg[0]/CK (DFFRQX2M)
                                                          0.00       0.00 r
  Domain_1_TOP_U0/SYS_CTRL_U3/cur_state_reg[0]/Q (DFFRQX2M)
                                                          0.45       0.45 r
  Domain_1_TOP_U0/SYS_CTRL_U3/U66/Y (INVX2M)              0.11       0.56 f
  Domain_1_TOP_U0/SYS_CTRL_U3/U27/Y (NOR2X2M)             0.25       0.81 r
  Domain_1_TOP_U0/SYS_CTRL_U3/U64/Y (AND4X2M)             0.36       1.17 r
  Domain_1_TOP_U0/SYS_CTRL_U3/U32/Y (NOR2X2M)             0.10       1.27 f
  Domain_1_TOP_U0/SYS_CTRL_U3/U15/Y (AOI21X2M)            0.16       1.43 r
  Domain_1_TOP_U0/SYS_CTRL_U3/WR_INC (SYS_CTRL)           0.00       1.43 r
  Domain_1_TOP_U0/WR_INC (Domain_1_TOP)                   0.00       1.43 r
  ASYNC_FIFO_U5/W_INC (ASYNC_FIFO)                        0.00       1.43 r
  ASYNC_FIFO_U5/U5/Y (NOR2BX2M)                           0.18       1.61 r
  ASYNC_FIFO_U5/U1/wclken (FIFO_MEM_CNTRL)                0.00       1.61 r
  ASYNC_FIFO_U5/U1/U19/Y (NOR2BX2M)                       0.27       1.88 r
  ASYNC_FIFO_U5/U1/U15/Y (NAND3X2M)                       0.30       2.18 f
  ASYNC_FIFO_U5/U1/U40/Y (OAI2BB2X1M)                     0.20       2.38 r
  ASYNC_FIFO_U5/U1/FIFO_MEM_reg[0][4]/D (DFFRQX2M)        0.00       2.38 r
  data arrival time                                                  2.38

  clock REF_CLK (rise edge)                              20.00      20.00
  clock network delay (ideal)                             0.00      20.00
  clock uncertainty                                      -0.20      19.80
  ASYNC_FIFO_U5/U1/FIFO_MEM_reg[0][4]/CK (DFFRQX2M)       0.00      19.80 r
  library setup time                                     -0.31      19.49
  data required time                                                19.49
  --------------------------------------------------------------------------
  data required time                                                19.49
  data arrival time                                                 -2.38
  --------------------------------------------------------------------------
  slack (MET)                                                       17.11


  Startpoint: Domain_1_TOP_U0/SYS_CTRL_U3/cur_state_reg[0]
              (rising edge-triggered flip-flop clocked by REF_CLK)
  Endpoint: ASYNC_FIFO_U5/U1/FIFO_MEM_reg[0][3]
            (rising edge-triggered flip-flop clocked by REF_CLK)
  Path Group: REF_CLK
  Path Type: max

  Point                                                   Incr       Path
  --------------------------------------------------------------------------
  clock REF_CLK (rise edge)                               0.00       0.00
  clock network delay (ideal)                             0.00       0.00
  Domain_1_TOP_U0/SYS_CTRL_U3/cur_state_reg[0]/CK (DFFRQX2M)
                                                          0.00       0.00 r
  Domain_1_TOP_U0/SYS_CTRL_U3/cur_state_reg[0]/Q (DFFRQX2M)
                                                          0.45       0.45 r
  Domain_1_TOP_U0/SYS_CTRL_U3/U66/Y (INVX2M)              0.11       0.56 f
  Domain_1_TOP_U0/SYS_CTRL_U3/U27/Y (NOR2X2M)             0.25       0.81 r
  Domain_1_TOP_U0/SYS_CTRL_U3/U64/Y (AND4X2M)             0.36       1.17 r
  Domain_1_TOP_U0/SYS_CTRL_U3/U32/Y (NOR2X2M)             0.10       1.27 f
  Domain_1_TOP_U0/SYS_CTRL_U3/U15/Y (AOI21X2M)            0.16       1.43 r
  Domain_1_TOP_U0/SYS_CTRL_U3/WR_INC (SYS_CTRL)           0.00       1.43 r
  Domain_1_TOP_U0/WR_INC (Domain_1_TOP)                   0.00       1.43 r
  ASYNC_FIFO_U5/W_INC (ASYNC_FIFO)                        0.00       1.43 r
  ASYNC_FIFO_U5/U5/Y (NOR2BX2M)                           0.18       1.61 r
  ASYNC_FIFO_U5/U1/wclken (FIFO_MEM_CNTRL)                0.00       1.61 r
  ASYNC_FIFO_U5/U1/U19/Y (NOR2BX2M)                       0.27       1.88 r
  ASYNC_FIFO_U5/U1/U15/Y (NAND3X2M)                       0.30       2.18 f
  ASYNC_FIFO_U5/U1/U39/Y (OAI2BB2X1M)                     0.20       2.38 r
  ASYNC_FIFO_U5/U1/FIFO_MEM_reg[0][3]/D (DFFRQX2M)        0.00       2.38 r
  data arrival time                                                  2.38

  clock REF_CLK (rise edge)                              20.00      20.00
  clock network delay (ideal)                             0.00      20.00
  clock uncertainty                                      -0.20      19.80
  ASYNC_FIFO_U5/U1/FIFO_MEM_reg[0][3]/CK (DFFRQX2M)       0.00      19.80 r
  library setup time                                     -0.31      19.49
  data required time                                                19.49
  --------------------------------------------------------------------------
  data required time                                                19.49
  data arrival time                                                 -2.38
  --------------------------------------------------------------------------
  slack (MET)                                                       17.11


  Startpoint: Domain_1_TOP_U0/SYS_CTRL_U3/cur_state_reg[0]
              (rising edge-triggered flip-flop clocked by REF_CLK)
  Endpoint: ASYNC_FIFO_U5/U1/FIFO_MEM_reg[0][2]
            (rising edge-triggered flip-flop clocked by REF_CLK)
  Path Group: REF_CLK
  Path Type: max

  Point                                                   Incr       Path
  --------------------------------------------------------------------------
  clock REF_CLK (rise edge)                               0.00       0.00
  clock network delay (ideal)                             0.00       0.00
  Domain_1_TOP_U0/SYS_CTRL_U3/cur_state_reg[0]/CK (DFFRQX2M)
                                                          0.00       0.00 r
  Domain_1_TOP_U0/SYS_CTRL_U3/cur_state_reg[0]/Q (DFFRQX2M)
                                                          0.45       0.45 r
  Domain_1_TOP_U0/SYS_CTRL_U3/U66/Y (INVX2M)              0.11       0.56 f
  Domain_1_TOP_U0/SYS_CTRL_U3/U27/Y (NOR2X2M)             0.25       0.81 r
  Domain_1_TOP_U0/SYS_CTRL_U3/U64/Y (AND4X2M)             0.36       1.17 r
  Domain_1_TOP_U0/SYS_CTRL_U3/U32/Y (NOR2X2M)             0.10       1.27 f
  Domain_1_TOP_U0/SYS_CTRL_U3/U15/Y (AOI21X2M)            0.16       1.43 r
  Domain_1_TOP_U0/SYS_CTRL_U3/WR_INC (SYS_CTRL)           0.00       1.43 r
  Domain_1_TOP_U0/WR_INC (Domain_1_TOP)                   0.00       1.43 r
  ASYNC_FIFO_U5/W_INC (ASYNC_FIFO)                        0.00       1.43 r
  ASYNC_FIFO_U5/U5/Y (NOR2BX2M)                           0.18       1.61 r
  ASYNC_FIFO_U5/U1/wclken (FIFO_MEM_CNTRL)                0.00       1.61 r
  ASYNC_FIFO_U5/U1/U19/Y (NOR2BX2M)                       0.27       1.88 r
  ASYNC_FIFO_U5/U1/U15/Y (NAND3X2M)                       0.30       2.18 f
  ASYNC_FIFO_U5/U1/U38/Y (OAI2BB2X1M)                     0.20       2.38 r
  ASYNC_FIFO_U5/U1/FIFO_MEM_reg[0][2]/D (DFFRQX2M)        0.00       2.38 r
  data arrival time                                                  2.38

  clock REF_CLK (rise edge)                              20.00      20.00
  clock network delay (ideal)                             0.00      20.00
  clock uncertainty                                      -0.20      19.80
  ASYNC_FIFO_U5/U1/FIFO_MEM_reg[0][2]/CK (DFFRQX2M)       0.00      19.80 r
  library setup time                                     -0.31      19.49
  data required time                                                19.49
  --------------------------------------------------------------------------
  data required time                                                19.49
  data arrival time                                                 -2.38
  --------------------------------------------------------------------------
  slack (MET)                                                       17.11


  Startpoint: Domain_1_TOP_U0/SYS_CTRL_U3/cur_state_reg[0]
              (rising edge-triggered flip-flop clocked by REF_CLK)
  Endpoint: ASYNC_FIFO_U5/U1/FIFO_MEM_reg[0][1]
            (rising edge-triggered flip-flop clocked by REF_CLK)
  Path Group: REF_CLK
  Path Type: max

  Point                                                   Incr       Path
  --------------------------------------------------------------------------
  clock REF_CLK (rise edge)                               0.00       0.00
  clock network delay (ideal)                             0.00       0.00
  Domain_1_TOP_U0/SYS_CTRL_U3/cur_state_reg[0]/CK (DFFRQX2M)
                                                          0.00       0.00 r
  Domain_1_TOP_U0/SYS_CTRL_U3/cur_state_reg[0]/Q (DFFRQX2M)
                                                          0.45       0.45 r
  Domain_1_TOP_U0/SYS_CTRL_U3/U66/Y (INVX2M)              0.11       0.56 f
  Domain_1_TOP_U0/SYS_CTRL_U3/U27/Y (NOR2X2M)             0.25       0.81 r
  Domain_1_TOP_U0/SYS_CTRL_U3/U64/Y (AND4X2M)             0.36       1.17 r
  Domain_1_TOP_U0/SYS_CTRL_U3/U32/Y (NOR2X2M)             0.10       1.27 f
  Domain_1_TOP_U0/SYS_CTRL_U3/U15/Y (AOI21X2M)            0.16       1.43 r
  Domain_1_TOP_U0/SYS_CTRL_U3/WR_INC (SYS_CTRL)           0.00       1.43 r
  Domain_1_TOP_U0/WR_INC (Domain_1_TOP)                   0.00       1.43 r
  ASYNC_FIFO_U5/W_INC (ASYNC_FIFO)                        0.00       1.43 r
  ASYNC_FIFO_U5/U5/Y (NOR2BX2M)                           0.18       1.61 r
  ASYNC_FIFO_U5/U1/wclken (FIFO_MEM_CNTRL)                0.00       1.61 r
  ASYNC_FIFO_U5/U1/U19/Y (NOR2BX2M)                       0.27       1.88 r
  ASYNC_FIFO_U5/U1/U15/Y (NAND3X2M)                       0.30       2.18 f
  ASYNC_FIFO_U5/U1/U37/Y (OAI2BB2X1M)                     0.20       2.38 r
  ASYNC_FIFO_U5/U1/FIFO_MEM_reg[0][1]/D (DFFRQX2M)        0.00       2.38 r
  data arrival time                                                  2.38

  clock REF_CLK (rise edge)                              20.00      20.00
  clock network delay (ideal)                             0.00      20.00
  clock uncertainty                                      -0.20      19.80
  ASYNC_FIFO_U5/U1/FIFO_MEM_reg[0][1]/CK (DFFRQX2M)       0.00      19.80 r
  library setup time                                     -0.31      19.49
  data required time                                                19.49
  --------------------------------------------------------------------------
  data required time                                                19.49
  data arrival time                                                 -2.38
  --------------------------------------------------------------------------
  slack (MET)                                                       17.11


  Startpoint: Domain_1_TOP_U0/SYS_CTRL_U3/cur_state_reg[0]
              (rising edge-triggered flip-flop clocked by REF_CLK)
  Endpoint: ASYNC_FIFO_U5/U1/FIFO_MEM_reg[0][0]
            (rising edge-triggered flip-flop clocked by REF_CLK)
  Path Group: REF_CLK
  Path Type: max

  Point                                                   Incr       Path
  --------------------------------------------------------------------------
  clock REF_CLK (rise edge)                               0.00       0.00
  clock network delay (ideal)                             0.00       0.00
  Domain_1_TOP_U0/SYS_CTRL_U3/cur_state_reg[0]/CK (DFFRQX2M)
                                                          0.00       0.00 r
  Domain_1_TOP_U0/SYS_CTRL_U3/cur_state_reg[0]/Q (DFFRQX2M)
                                                          0.45       0.45 r
  Domain_1_TOP_U0/SYS_CTRL_U3/U66/Y (INVX2M)              0.11       0.56 f
  Domain_1_TOP_U0/SYS_CTRL_U3/U27/Y (NOR2X2M)             0.25       0.81 r
  Domain_1_TOP_U0/SYS_CTRL_U3/U64/Y (AND4X2M)             0.36       1.17 r
  Domain_1_TOP_U0/SYS_CTRL_U3/U32/Y (NOR2X2M)             0.10       1.27 f
  Domain_1_TOP_U0/SYS_CTRL_U3/U15/Y (AOI21X2M)            0.16       1.43 r
  Domain_1_TOP_U0/SYS_CTRL_U3/WR_INC (SYS_CTRL)           0.00       1.43 r
  Domain_1_TOP_U0/WR_INC (Domain_1_TOP)                   0.00       1.43 r
  ASYNC_FIFO_U5/W_INC (ASYNC_FIFO)                        0.00       1.43 r
  ASYNC_FIFO_U5/U5/Y (NOR2BX2M)                           0.18       1.61 r
  ASYNC_FIFO_U5/U1/wclken (FIFO_MEM_CNTRL)                0.00       1.61 r
  ASYNC_FIFO_U5/U1/U19/Y (NOR2BX2M)                       0.27       1.88 r
  ASYNC_FIFO_U5/U1/U15/Y (NAND3X2M)                       0.30       2.18 f
  ASYNC_FIFO_U5/U1/U36/Y (OAI2BB2X1M)                     0.20       2.38 r
  ASYNC_FIFO_U5/U1/FIFO_MEM_reg[0][0]/D (DFFRQX2M)        0.00       2.38 r
  data arrival time                                                  2.38

  clock REF_CLK (rise edge)                              20.00      20.00
  clock network delay (ideal)                             0.00      20.00
  clock uncertainty                                      -0.20      19.80
  ASYNC_FIFO_U5/U1/FIFO_MEM_reg[0][0]/CK (DFFRQX2M)       0.00      19.80 r
  library setup time                                     -0.31      19.49
  data required time                                                19.49
  --------------------------------------------------------------------------
  data required time                                                19.49
  data arrival time                                                 -2.38
  --------------------------------------------------------------------------
  slack (MET)                                                       17.11


  Startpoint: Domain_1_TOP_U0/SYS_CTRL_U3/cur_state_reg[0]
              (rising edge-triggered flip-flop clocked by REF_CLK)
  Endpoint: ASYNC_FIFO_U5/U1/FIFO_MEM_reg[1][7]
            (rising edge-triggered flip-flop clocked by REF_CLK)
  Path Group: REF_CLK
  Path Type: max

  Point                                                   Incr       Path
  --------------------------------------------------------------------------
  clock REF_CLK (rise edge)                               0.00       0.00
  clock network delay (ideal)                             0.00       0.00
  Domain_1_TOP_U0/SYS_CTRL_U3/cur_state_reg[0]/CK (DFFRQX2M)
                                                          0.00       0.00 r
  Domain_1_TOP_U0/SYS_CTRL_U3/cur_state_reg[0]/Q (DFFRQX2M)
                                                          0.45       0.45 r
  Domain_1_TOP_U0/SYS_CTRL_U3/U66/Y (INVX2M)              0.11       0.56 f
  Domain_1_TOP_U0/SYS_CTRL_U3/U27/Y (NOR2X2M)             0.25       0.81 r
  Domain_1_TOP_U0/SYS_CTRL_U3/U64/Y (AND4X2M)             0.36       1.17 r
  Domain_1_TOP_U0/SYS_CTRL_U3/U32/Y (NOR2X2M)             0.10       1.27 f
  Domain_1_TOP_U0/SYS_CTRL_U3/U15/Y (AOI21X2M)            0.16       1.43 r
  Domain_1_TOP_U0/SYS_CTRL_U3/WR_INC (SYS_CTRL)           0.00       1.43 r
  Domain_1_TOP_U0/WR_INC (Domain_1_TOP)                   0.00       1.43 r
  ASYNC_FIFO_U5/W_INC (ASYNC_FIFO)                        0.00       1.43 r
  ASYNC_FIFO_U5/U5/Y (NOR2BX2M)                           0.18       1.61 r
  ASYNC_FIFO_U5/U1/wclken (FIFO_MEM_CNTRL)                0.00       1.61 r
  ASYNC_FIFO_U5/U1/U19/Y (NOR2BX2M)                       0.27       1.88 r
  ASYNC_FIFO_U5/U1/U96/Y (NAND3X2M)                       0.12       1.99 f
  ASYNC_FIFO_U5/U1/U5/Y (BUFX2M)                          0.23       2.22 f
  ASYNC_FIFO_U5/U1/U91/Y (OAI2BB2X1M)                     0.16       2.38 r
  ASYNC_FIFO_U5/U1/FIFO_MEM_reg[1][7]/D (DFFRQX2M)        0.00       2.38 r
  data arrival time                                                  2.38

  clock REF_CLK (rise edge)                              20.00      20.00
  clock network delay (ideal)                             0.00      20.00
  clock uncertainty                                      -0.20      19.80
  ASYNC_FIFO_U5/U1/FIFO_MEM_reg[1][7]/CK (DFFRQX2M)       0.00      19.80 r
  library setup time                                     -0.31      19.49
  data required time                                                19.49
  --------------------------------------------------------------------------
  data required time                                                19.49
  data arrival time                                                 -2.38
  --------------------------------------------------------------------------
  slack (MET)                                                       17.11


  Startpoint: Domain_1_TOP_U0/SYS_CTRL_U3/cur_state_reg[0]
              (rising edge-triggered flip-flop clocked by REF_CLK)
  Endpoint: ASYNC_FIFO_U5/U1/FIFO_MEM_reg[1][6]
            (rising edge-triggered flip-flop clocked by REF_CLK)
  Path Group: REF_CLK
  Path Type: max

  Point                                                   Incr       Path
  --------------------------------------------------------------------------
  clock REF_CLK (rise edge)                               0.00       0.00
  clock network delay (ideal)                             0.00       0.00
  Domain_1_TOP_U0/SYS_CTRL_U3/cur_state_reg[0]/CK (DFFRQX2M)
                                                          0.00       0.00 r
  Domain_1_TOP_U0/SYS_CTRL_U3/cur_state_reg[0]/Q (DFFRQX2M)
                                                          0.45       0.45 r
  Domain_1_TOP_U0/SYS_CTRL_U3/U66/Y (INVX2M)              0.11       0.56 f
  Domain_1_TOP_U0/SYS_CTRL_U3/U27/Y (NOR2X2M)             0.25       0.81 r
  Domain_1_TOP_U0/SYS_CTRL_U3/U64/Y (AND4X2M)             0.36       1.17 r
  Domain_1_TOP_U0/SYS_CTRL_U3/U32/Y (NOR2X2M)             0.10       1.27 f
  Domain_1_TOP_U0/SYS_CTRL_U3/U15/Y (AOI21X2M)            0.16       1.43 r
  Domain_1_TOP_U0/SYS_CTRL_U3/WR_INC (SYS_CTRL)           0.00       1.43 r
  Domain_1_TOP_U0/WR_INC (Domain_1_TOP)                   0.00       1.43 r
  ASYNC_FIFO_U5/W_INC (ASYNC_FIFO)                        0.00       1.43 r
  ASYNC_FIFO_U5/U5/Y (NOR2BX2M)                           0.18       1.61 r
  ASYNC_FIFO_U5/U1/wclken (FIFO_MEM_CNTRL)                0.00       1.61 r
  ASYNC_FIFO_U5/U1/U19/Y (NOR2BX2M)                       0.27       1.88 r
  ASYNC_FIFO_U5/U1/U96/Y (NAND3X2M)                       0.12       1.99 f
  ASYNC_FIFO_U5/U1/U5/Y (BUFX2M)                          0.23       2.22 f
  ASYNC_FIFO_U5/U1/U90/Y (OAI2BB2X1M)                     0.16       2.38 r
  ASYNC_FIFO_U5/U1/FIFO_MEM_reg[1][6]/D (DFFRQX2M)        0.00       2.38 r
  data arrival time                                                  2.38

  clock REF_CLK (rise edge)                              20.00      20.00
  clock network delay (ideal)                             0.00      20.00
  clock uncertainty                                      -0.20      19.80
  ASYNC_FIFO_U5/U1/FIFO_MEM_reg[1][6]/CK (DFFRQX2M)       0.00      19.80 r
  library setup time                                     -0.31      19.49
  data required time                                                19.49
  --------------------------------------------------------------------------
  data required time                                                19.49
  data arrival time                                                 -2.38
  --------------------------------------------------------------------------
  slack (MET)                                                       17.11


  Startpoint: Domain_1_TOP_U0/SYS_CTRL_U3/cur_state_reg[0]
              (rising edge-triggered flip-flop clocked by REF_CLK)
  Endpoint: ASYNC_FIFO_U5/U1/FIFO_MEM_reg[1][5]
            (rising edge-triggered flip-flop clocked by REF_CLK)
  Path Group: REF_CLK
  Path Type: max

  Point                                                   Incr       Path
  --------------------------------------------------------------------------
  clock REF_CLK (rise edge)                               0.00       0.00
  clock network delay (ideal)                             0.00       0.00
  Domain_1_TOP_U0/SYS_CTRL_U3/cur_state_reg[0]/CK (DFFRQX2M)
                                                          0.00       0.00 r
  Domain_1_TOP_U0/SYS_CTRL_U3/cur_state_reg[0]/Q (DFFRQX2M)
                                                          0.45       0.45 r
  Domain_1_TOP_U0/SYS_CTRL_U3/U66/Y (INVX2M)              0.11       0.56 f
  Domain_1_TOP_U0/SYS_CTRL_U3/U27/Y (NOR2X2M)             0.25       0.81 r
  Domain_1_TOP_U0/SYS_CTRL_U3/U64/Y (AND4X2M)             0.36       1.17 r
  Domain_1_TOP_U0/SYS_CTRL_U3/U32/Y (NOR2X2M)             0.10       1.27 f
  Domain_1_TOP_U0/SYS_CTRL_U3/U15/Y (AOI21X2M)            0.16       1.43 r
  Domain_1_TOP_U0/SYS_CTRL_U3/WR_INC (SYS_CTRL)           0.00       1.43 r
  Domain_1_TOP_U0/WR_INC (Domain_1_TOP)                   0.00       1.43 r
  ASYNC_FIFO_U5/W_INC (ASYNC_FIFO)                        0.00       1.43 r
  ASYNC_FIFO_U5/U5/Y (NOR2BX2M)                           0.18       1.61 r
  ASYNC_FIFO_U5/U1/wclken (FIFO_MEM_CNTRL)                0.00       1.61 r
  ASYNC_FIFO_U5/U1/U19/Y (NOR2BX2M)                       0.27       1.88 r
  ASYNC_FIFO_U5/U1/U96/Y (NAND3X2M)                       0.12       1.99 f
  ASYNC_FIFO_U5/U1/U5/Y (BUFX2M)                          0.23       2.22 f
  ASYNC_FIFO_U5/U1/U89/Y (OAI2BB2X1M)                     0.16       2.38 r
  ASYNC_FIFO_U5/U1/FIFO_MEM_reg[1][5]/D (DFFRQX2M)        0.00       2.38 r
  data arrival time                                                  2.38

  clock REF_CLK (rise edge)                              20.00      20.00
  clock network delay (ideal)                             0.00      20.00
  clock uncertainty                                      -0.20      19.80
  ASYNC_FIFO_U5/U1/FIFO_MEM_reg[1][5]/CK (DFFRQX2M)       0.00      19.80 r
  library setup time                                     -0.31      19.49
  data required time                                                19.49
  --------------------------------------------------------------------------
  data required time                                                19.49
  data arrival time                                                 -2.38
  --------------------------------------------------------------------------
  slack (MET)                                                       17.11


  Startpoint: Domain_1_TOP_U0/SYS_CTRL_U3/cur_state_reg[0]
              (rising edge-triggered flip-flop clocked by REF_CLK)
  Endpoint: ASYNC_FIFO_U5/U1/FIFO_MEM_reg[1][4]
            (rising edge-triggered flip-flop clocked by REF_CLK)
  Path Group: REF_CLK
  Path Type: max

  Point                                                   Incr       Path
  --------------------------------------------------------------------------
  clock REF_CLK (rise edge)                               0.00       0.00
  clock network delay (ideal)                             0.00       0.00
  Domain_1_TOP_U0/SYS_CTRL_U3/cur_state_reg[0]/CK (DFFRQX2M)
                                                          0.00       0.00 r
  Domain_1_TOP_U0/SYS_CTRL_U3/cur_state_reg[0]/Q (DFFRQX2M)
                                                          0.45       0.45 r
  Domain_1_TOP_U0/SYS_CTRL_U3/U66/Y (INVX2M)              0.11       0.56 f
  Domain_1_TOP_U0/SYS_CTRL_U3/U27/Y (NOR2X2M)             0.25       0.81 r
  Domain_1_TOP_U0/SYS_CTRL_U3/U64/Y (AND4X2M)             0.36       1.17 r
  Domain_1_TOP_U0/SYS_CTRL_U3/U32/Y (NOR2X2M)             0.10       1.27 f
  Domain_1_TOP_U0/SYS_CTRL_U3/U15/Y (AOI21X2M)            0.16       1.43 r
  Domain_1_TOP_U0/SYS_CTRL_U3/WR_INC (SYS_CTRL)           0.00       1.43 r
  Domain_1_TOP_U0/WR_INC (Domain_1_TOP)                   0.00       1.43 r
  ASYNC_FIFO_U5/W_INC (ASYNC_FIFO)                        0.00       1.43 r
  ASYNC_FIFO_U5/U5/Y (NOR2BX2M)                           0.18       1.61 r
  ASYNC_FIFO_U5/U1/wclken (FIFO_MEM_CNTRL)                0.00       1.61 r
  ASYNC_FIFO_U5/U1/U19/Y (NOR2BX2M)                       0.27       1.88 r
  ASYNC_FIFO_U5/U1/U96/Y (NAND3X2M)                       0.12       1.99 f
  ASYNC_FIFO_U5/U1/U5/Y (BUFX2M)                          0.23       2.22 f
  ASYNC_FIFO_U5/U1/U88/Y (OAI2BB2X1M)                     0.16       2.38 r
  ASYNC_FIFO_U5/U1/FIFO_MEM_reg[1][4]/D (DFFRQX2M)        0.00       2.38 r
  data arrival time                                                  2.38

  clock REF_CLK (rise edge)                              20.00      20.00
  clock network delay (ideal)                             0.00      20.00
  clock uncertainty                                      -0.20      19.80
  ASYNC_FIFO_U5/U1/FIFO_MEM_reg[1][4]/CK (DFFRQX2M)       0.00      19.80 r
  library setup time                                     -0.31      19.49
  data required time                                                19.49
  --------------------------------------------------------------------------
  data required time                                                19.49
  data arrival time                                                 -2.38
  --------------------------------------------------------------------------
  slack (MET)                                                       17.11


  Startpoint: Domain_1_TOP_U0/SYS_CTRL_U3/cur_state_reg[0]
              (rising edge-triggered flip-flop clocked by REF_CLK)
  Endpoint: ASYNC_FIFO_U5/U1/FIFO_MEM_reg[1][3]
            (rising edge-triggered flip-flop clocked by REF_CLK)
  Path Group: REF_CLK
  Path Type: max

  Point                                                   Incr       Path
  --------------------------------------------------------------------------
  clock REF_CLK (rise edge)                               0.00       0.00
  clock network delay (ideal)                             0.00       0.00
  Domain_1_TOP_U0/SYS_CTRL_U3/cur_state_reg[0]/CK (DFFRQX2M)
                                                          0.00       0.00 r
  Domain_1_TOP_U0/SYS_CTRL_U3/cur_state_reg[0]/Q (DFFRQX2M)
                                                          0.45       0.45 r
  Domain_1_TOP_U0/SYS_CTRL_U3/U66/Y (INVX2M)              0.11       0.56 f
  Domain_1_TOP_U0/SYS_CTRL_U3/U27/Y (NOR2X2M)             0.25       0.81 r
  Domain_1_TOP_U0/SYS_CTRL_U3/U64/Y (AND4X2M)             0.36       1.17 r
  Domain_1_TOP_U0/SYS_CTRL_U3/U32/Y (NOR2X2M)             0.10       1.27 f
  Domain_1_TOP_U0/SYS_CTRL_U3/U15/Y (AOI21X2M)            0.16       1.43 r
  Domain_1_TOP_U0/SYS_CTRL_U3/WR_INC (SYS_CTRL)           0.00       1.43 r
  Domain_1_TOP_U0/WR_INC (Domain_1_TOP)                   0.00       1.43 r
  ASYNC_FIFO_U5/W_INC (ASYNC_FIFO)                        0.00       1.43 r
  ASYNC_FIFO_U5/U5/Y (NOR2BX2M)                           0.18       1.61 r
  ASYNC_FIFO_U5/U1/wclken (FIFO_MEM_CNTRL)                0.00       1.61 r
  ASYNC_FIFO_U5/U1/U19/Y (NOR2BX2M)                       0.27       1.88 r
  ASYNC_FIFO_U5/U1/U96/Y (NAND3X2M)                       0.12       1.99 f
  ASYNC_FIFO_U5/U1/U5/Y (BUFX2M)                          0.23       2.22 f
  ASYNC_FIFO_U5/U1/U87/Y (OAI2BB2X1M)                     0.16       2.38 r
  ASYNC_FIFO_U5/U1/FIFO_MEM_reg[1][3]/D (DFFRQX2M)        0.00       2.38 r
  data arrival time                                                  2.38

  clock REF_CLK (rise edge)                              20.00      20.00
  clock network delay (ideal)                             0.00      20.00
  clock uncertainty                                      -0.20      19.80
  ASYNC_FIFO_U5/U1/FIFO_MEM_reg[1][3]/CK (DFFRQX2M)       0.00      19.80 r
  library setup time                                     -0.31      19.49
  data required time                                                19.49
  --------------------------------------------------------------------------
  data required time                                                19.49
  data arrival time                                                 -2.38
  --------------------------------------------------------------------------
  slack (MET)                                                       17.11


  Startpoint: Domain_1_TOP_U0/SYS_CTRL_U3/cur_state_reg[0]
              (rising edge-triggered flip-flop clocked by REF_CLK)
  Endpoint: ASYNC_FIFO_U5/U1/FIFO_MEM_reg[1][2]
            (rising edge-triggered flip-flop clocked by REF_CLK)
  Path Group: REF_CLK
  Path Type: max

  Point                                                   Incr       Path
  --------------------------------------------------------------------------
  clock REF_CLK (rise edge)                               0.00       0.00
  clock network delay (ideal)                             0.00       0.00
  Domain_1_TOP_U0/SYS_CTRL_U3/cur_state_reg[0]/CK (DFFRQX2M)
                                                          0.00       0.00 r
  Domain_1_TOP_U0/SYS_CTRL_U3/cur_state_reg[0]/Q (DFFRQX2M)
                                                          0.45       0.45 r
  Domain_1_TOP_U0/SYS_CTRL_U3/U66/Y (INVX2M)              0.11       0.56 f
  Domain_1_TOP_U0/SYS_CTRL_U3/U27/Y (NOR2X2M)             0.25       0.81 r
  Domain_1_TOP_U0/SYS_CTRL_U3/U64/Y (AND4X2M)             0.36       1.17 r
  Domain_1_TOP_U0/SYS_CTRL_U3/U32/Y (NOR2X2M)             0.10       1.27 f
  Domain_1_TOP_U0/SYS_CTRL_U3/U15/Y (AOI21X2M)            0.16       1.43 r
  Domain_1_TOP_U0/SYS_CTRL_U3/WR_INC (SYS_CTRL)           0.00       1.43 r
  Domain_1_TOP_U0/WR_INC (Domain_1_TOP)                   0.00       1.43 r
  ASYNC_FIFO_U5/W_INC (ASYNC_FIFO)                        0.00       1.43 r
  ASYNC_FIFO_U5/U5/Y (NOR2BX2M)                           0.18       1.61 r
  ASYNC_FIFO_U5/U1/wclken (FIFO_MEM_CNTRL)                0.00       1.61 r
  ASYNC_FIFO_U5/U1/U19/Y (NOR2BX2M)                       0.27       1.88 r
  ASYNC_FIFO_U5/U1/U96/Y (NAND3X2M)                       0.12       1.99 f
  ASYNC_FIFO_U5/U1/U5/Y (BUFX2M)                          0.23       2.22 f
  ASYNC_FIFO_U5/U1/U86/Y (OAI2BB2X1M)                     0.16       2.38 r
  ASYNC_FIFO_U5/U1/FIFO_MEM_reg[1][2]/D (DFFRQX2M)        0.00       2.38 r
  data arrival time                                                  2.38

  clock REF_CLK (rise edge)                              20.00      20.00
  clock network delay (ideal)                             0.00      20.00
  clock uncertainty                                      -0.20      19.80
  ASYNC_FIFO_U5/U1/FIFO_MEM_reg[1][2]/CK (DFFRQX2M)       0.00      19.80 r
  library setup time                                     -0.31      19.49
  data required time                                                19.49
  --------------------------------------------------------------------------
  data required time                                                19.49
  data arrival time                                                 -2.38
  --------------------------------------------------------------------------
  slack (MET)                                                       17.11


  Startpoint: Domain_1_TOP_U0/SYS_CTRL_U3/cur_state_reg[0]
              (rising edge-triggered flip-flop clocked by REF_CLK)
  Endpoint: ASYNC_FIFO_U5/U1/FIFO_MEM_reg[1][1]
            (rising edge-triggered flip-flop clocked by REF_CLK)
  Path Group: REF_CLK
  Path Type: max

  Point                                                   Incr       Path
  --------------------------------------------------------------------------
  clock REF_CLK (rise edge)                               0.00       0.00
  clock network delay (ideal)                             0.00       0.00
  Domain_1_TOP_U0/SYS_CTRL_U3/cur_state_reg[0]/CK (DFFRQX2M)
                                                          0.00       0.00 r
  Domain_1_TOP_U0/SYS_CTRL_U3/cur_state_reg[0]/Q (DFFRQX2M)
                                                          0.45       0.45 r
  Domain_1_TOP_U0/SYS_CTRL_U3/U66/Y (INVX2M)              0.11       0.56 f
  Domain_1_TOP_U0/SYS_CTRL_U3/U27/Y (NOR2X2M)             0.25       0.81 r
  Domain_1_TOP_U0/SYS_CTRL_U3/U64/Y (AND4X2M)             0.36       1.17 r
  Domain_1_TOP_U0/SYS_CTRL_U3/U32/Y (NOR2X2M)             0.10       1.27 f
  Domain_1_TOP_U0/SYS_CTRL_U3/U15/Y (AOI21X2M)            0.16       1.43 r
  Domain_1_TOP_U0/SYS_CTRL_U3/WR_INC (SYS_CTRL)           0.00       1.43 r
  Domain_1_TOP_U0/WR_INC (Domain_1_TOP)                   0.00       1.43 r
  ASYNC_FIFO_U5/W_INC (ASYNC_FIFO)                        0.00       1.43 r
  ASYNC_FIFO_U5/U5/Y (NOR2BX2M)                           0.18       1.61 r
  ASYNC_FIFO_U5/U1/wclken (FIFO_MEM_CNTRL)                0.00       1.61 r
  ASYNC_FIFO_U5/U1/U19/Y (NOR2BX2M)                       0.27       1.88 r
  ASYNC_FIFO_U5/U1/U96/Y (NAND3X2M)                       0.12       1.99 f
  ASYNC_FIFO_U5/U1/U5/Y (BUFX2M)                          0.23       2.22 f
  ASYNC_FIFO_U5/U1/U85/Y (OAI2BB2X1M)                     0.16       2.38 r
  ASYNC_FIFO_U5/U1/FIFO_MEM_reg[1][1]/D (DFFRQX2M)        0.00       2.38 r
  data arrival time                                                  2.38

  clock REF_CLK (rise edge)                              20.00      20.00
  clock network delay (ideal)                             0.00      20.00
  clock uncertainty                                      -0.20      19.80
  ASYNC_FIFO_U5/U1/FIFO_MEM_reg[1][1]/CK (DFFRQX2M)       0.00      19.80 r
  library setup time                                     -0.31      19.49
  data required time                                                19.49
  --------------------------------------------------------------------------
  data required time                                                19.49
  data arrival time                                                 -2.38
  --------------------------------------------------------------------------
  slack (MET)                                                       17.11


  Startpoint: Domain_1_TOP_U0/SYS_CTRL_U3/cur_state_reg[0]
              (rising edge-triggered flip-flop clocked by REF_CLK)
  Endpoint: ASYNC_FIFO_U5/U1/FIFO_MEM_reg[1][0]
            (rising edge-triggered flip-flop clocked by REF_CLK)
  Path Group: REF_CLK
  Path Type: max

  Point                                                   Incr       Path
  --------------------------------------------------------------------------
  clock REF_CLK (rise edge)                               0.00       0.00
  clock network delay (ideal)                             0.00       0.00
  Domain_1_TOP_U0/SYS_CTRL_U3/cur_state_reg[0]/CK (DFFRQX2M)
                                                          0.00       0.00 r
  Domain_1_TOP_U0/SYS_CTRL_U3/cur_state_reg[0]/Q (DFFRQX2M)
                                                          0.45       0.45 r
  Domain_1_TOP_U0/SYS_CTRL_U3/U66/Y (INVX2M)              0.11       0.56 f
  Domain_1_TOP_U0/SYS_CTRL_U3/U27/Y (NOR2X2M)             0.25       0.81 r
  Domain_1_TOP_U0/SYS_CTRL_U3/U64/Y (AND4X2M)             0.36       1.17 r
  Domain_1_TOP_U0/SYS_CTRL_U3/U32/Y (NOR2X2M)             0.10       1.27 f
  Domain_1_TOP_U0/SYS_CTRL_U3/U15/Y (AOI21X2M)            0.16       1.43 r
  Domain_1_TOP_U0/SYS_CTRL_U3/WR_INC (SYS_CTRL)           0.00       1.43 r
  Domain_1_TOP_U0/WR_INC (Domain_1_TOP)                   0.00       1.43 r
  ASYNC_FIFO_U5/W_INC (ASYNC_FIFO)                        0.00       1.43 r
  ASYNC_FIFO_U5/U5/Y (NOR2BX2M)                           0.18       1.61 r
  ASYNC_FIFO_U5/U1/wclken (FIFO_MEM_CNTRL)                0.00       1.61 r
  ASYNC_FIFO_U5/U1/U19/Y (NOR2BX2M)                       0.27       1.88 r
  ASYNC_FIFO_U5/U1/U96/Y (NAND3X2M)                       0.12       1.99 f
  ASYNC_FIFO_U5/U1/U5/Y (BUFX2M)                          0.23       2.22 f
  ASYNC_FIFO_U5/U1/U84/Y (OAI2BB2X1M)                     0.16       2.38 r
  ASYNC_FIFO_U5/U1/FIFO_MEM_reg[1][0]/D (DFFRQX2M)        0.00       2.38 r
  data arrival time                                                  2.38

  clock REF_CLK (rise edge)                              20.00      20.00
  clock network delay (ideal)                             0.00      20.00
  clock uncertainty                                      -0.20      19.80
  ASYNC_FIFO_U5/U1/FIFO_MEM_reg[1][0]/CK (DFFRQX2M)       0.00      19.80 r
  library setup time                                     -0.31      19.49
  data required time                                                19.49
  --------------------------------------------------------------------------
  data required time                                                19.49
  data arrival time                                                 -2.38
  --------------------------------------------------------------------------
  slack (MET)                                                       17.11


  Startpoint: Domain_1_TOP_U0/SYS_CTRL_U3/cur_state_reg[4]
              (rising edge-triggered flip-flop clocked by REF_CLK)
  Endpoint: Domain_1_TOP_U0/RegFile_U2/regArr_reg[0][1]
            (rising edge-triggered flip-flop clocked by REF_CLK)
  Path Group: REF_CLK
  Path Type: max

  Point                                                   Incr       Path
  --------------------------------------------------------------------------
  clock REF_CLK (rise edge)                               0.00       0.00
  clock network delay (ideal)                             0.00       0.00
  Domain_1_TOP_U0/SYS_CTRL_U3/cur_state_reg[4]/CK (DFFRQX2M)
                                                          0.00       0.00 r
  Domain_1_TOP_U0/SYS_CTRL_U3/cur_state_reg[4]/Q (DFFRQX2M)
                                                          0.52       0.52 f
  Domain_1_TOP_U0/SYS_CTRL_U3/U4/Y (NOR3X2M)              0.35       0.88 r
  Domain_1_TOP_U0/SYS_CTRL_U3/U33/Y (NAND2X2M)            0.24       1.11 f
  Domain_1_TOP_U0/SYS_CTRL_U3/U11/Y (AND3X2M)             0.26       1.38 f
  Domain_1_TOP_U0/SYS_CTRL_U3/U59/Y (OAI21X2M)            0.25       1.63 r
  Domain_1_TOP_U0/SYS_CTRL_U3/Address[0] (SYS_CTRL)       0.00       1.63 r
  Domain_1_TOP_U0/RegFile_U2/Address[0] (RegFile)         0.00       1.63 r
  Domain_1_TOP_U0/RegFile_U2/U51/Y (INVX2M)               0.11       1.73 f
  Domain_1_TOP_U0/RegFile_U2/U40/Y (AND2X2M)              0.21       1.95 f
  Domain_1_TOP_U0/RegFile_U2/U39/Y (NAND2X2M)             0.22       2.17 r
  Domain_1_TOP_U0/RegFile_U2/U78/Y (OAI2BB2X1M)           0.19       2.36 r
  Domain_1_TOP_U0/RegFile_U2/regArr_reg[0][1]/D (DFFRQX2M)
                                                          0.00       2.36 r
  data arrival time                                                  2.36

  clock REF_CLK (rise edge)                              20.00      20.00
  clock network delay (ideal)                             0.00      20.00
  clock uncertainty                                      -0.20      19.80
  Domain_1_TOP_U0/RegFile_U2/regArr_reg[0][1]/CK (DFFRQX2M)
                                                          0.00      19.80 r
  library setup time                                     -0.31      19.49
  data required time                                                19.49
  --------------------------------------------------------------------------
  data required time                                                19.49
  data arrival time                                                 -2.36
  --------------------------------------------------------------------------
  slack (MET)                                                       17.13


  Startpoint: Domain_1_TOP_U0/SYS_CTRL_U3/cur_state_reg[4]
              (rising edge-triggered flip-flop clocked by REF_CLK)
  Endpoint: Domain_1_TOP_U0/RegFile_U2/regArr_reg[0][0]
            (rising edge-triggered flip-flop clocked by REF_CLK)
  Path Group: REF_CLK
  Path Type: max

  Point                                                   Incr       Path
  --------------------------------------------------------------------------
  clock REF_CLK (rise edge)                               0.00       0.00
  clock network delay (ideal)                             0.00       0.00
  Domain_1_TOP_U0/SYS_CTRL_U3/cur_state_reg[4]/CK (DFFRQX2M)
                                                          0.00       0.00 r
  Domain_1_TOP_U0/SYS_CTRL_U3/cur_state_reg[4]/Q (DFFRQX2M)
                                                          0.52       0.52 f
  Domain_1_TOP_U0/SYS_CTRL_U3/U4/Y (NOR3X2M)              0.35       0.88 r
  Domain_1_TOP_U0/SYS_CTRL_U3/U33/Y (NAND2X2M)            0.24       1.11 f
  Domain_1_TOP_U0/SYS_CTRL_U3/U11/Y (AND3X2M)             0.26       1.38 f
  Domain_1_TOP_U0/SYS_CTRL_U3/U59/Y (OAI21X2M)            0.25       1.63 r
  Domain_1_TOP_U0/SYS_CTRL_U3/Address[0] (SYS_CTRL)       0.00       1.63 r
  Domain_1_TOP_U0/RegFile_U2/Address[0] (RegFile)         0.00       1.63 r
  Domain_1_TOP_U0/RegFile_U2/U51/Y (INVX2M)               0.11       1.73 f
  Domain_1_TOP_U0/RegFile_U2/U40/Y (AND2X2M)              0.21       1.95 f
  Domain_1_TOP_U0/RegFile_U2/U39/Y (NAND2X2M)             0.22       2.17 r
  Domain_1_TOP_U0/RegFile_U2/U77/Y (OAI2BB2X1M)           0.19       2.36 r
  Domain_1_TOP_U0/RegFile_U2/regArr_reg[0][0]/D (DFFRQX2M)
                                                          0.00       2.36 r
  data arrival time                                                  2.36

  clock REF_CLK (rise edge)                              20.00      20.00
  clock network delay (ideal)                             0.00      20.00
  clock uncertainty                                      -0.20      19.80
  Domain_1_TOP_U0/RegFile_U2/regArr_reg[0][0]/CK (DFFRQX2M)
                                                          0.00      19.80 r
  library setup time                                     -0.31      19.49
  data required time                                                19.49
  --------------------------------------------------------------------------
  data required time                                                19.49
  data arrival time                                                 -2.36
  --------------------------------------------------------------------------
  slack (MET)                                                       17.13


  Startpoint: Domain_1_TOP_U0/SYS_CTRL_U3/cur_state_reg[4]
              (rising edge-triggered flip-flop clocked by REF_CLK)
  Endpoint: Domain_1_TOP_U0/RegFile_U2/regArr_reg[0][2]
            (rising edge-triggered flip-flop clocked by REF_CLK)
  Path Group: REF_CLK
  Path Type: max

  Point                                                   Incr       Path
  --------------------------------------------------------------------------
  clock REF_CLK (rise edge)                               0.00       0.00
  clock network delay (ideal)                             0.00       0.00
  Domain_1_TOP_U0/SYS_CTRL_U3/cur_state_reg[4]/CK (DFFRQX2M)
                                                          0.00       0.00 r
  Domain_1_TOP_U0/SYS_CTRL_U3/cur_state_reg[4]/Q (DFFRQX2M)
                                                          0.52       0.52 f
  Domain_1_TOP_U0/SYS_CTRL_U3/U4/Y (NOR3X2M)              0.35       0.88 r
  Domain_1_TOP_U0/SYS_CTRL_U3/U33/Y (NAND2X2M)            0.24       1.11 f
  Domain_1_TOP_U0/SYS_CTRL_U3/U11/Y (AND3X2M)             0.26       1.38 f
  Domain_1_TOP_U0/SYS_CTRL_U3/U59/Y (OAI21X2M)            0.25       1.63 r
  Domain_1_TOP_U0/SYS_CTRL_U3/Address[0] (SYS_CTRL)       0.00       1.63 r
  Domain_1_TOP_U0/RegFile_U2/Address[0] (RegFile)         0.00       1.63 r
  Domain_1_TOP_U0/RegFile_U2/U51/Y (INVX2M)               0.11       1.73 f
  Domain_1_TOP_U0/RegFile_U2/U40/Y (AND2X2M)              0.21       1.95 f
  Domain_1_TOP_U0/RegFile_U2/U39/Y (NAND2X2M)             0.22       2.17 r
  Domain_1_TOP_U0/RegFile_U2/U79/Y (OAI2BB2X1M)           0.19       2.36 r
  Domain_1_TOP_U0/RegFile_U2/regArr_reg[0][2]/D (DFFRQX2M)
                                                          0.00       2.36 r
  data arrival time                                                  2.36

  clock REF_CLK (rise edge)                              20.00      20.00
  clock network delay (ideal)                             0.00      20.00
  clock uncertainty                                      -0.20      19.80
  Domain_1_TOP_U0/RegFile_U2/regArr_reg[0][2]/CK (DFFRQX2M)
                                                          0.00      19.80 r
  library setup time                                     -0.31      19.49
  data required time                                                19.49
  --------------------------------------------------------------------------
  data required time                                                19.49
  data arrival time                                                 -2.36
  --------------------------------------------------------------------------
  slack (MET)                                                       17.13


  Startpoint: Domain_1_TOP_U0/SYS_CTRL_U3/cur_state_reg[4]
              (rising edge-triggered flip-flop clocked by REF_CLK)
  Endpoint: Domain_1_TOP_U0/RegFile_U2/regArr_reg[0][3]
            (rising edge-triggered flip-flop clocked by REF_CLK)
  Path Group: REF_CLK
  Path Type: max

  Point                                                   Incr       Path
  --------------------------------------------------------------------------
  clock REF_CLK (rise edge)                               0.00       0.00
  clock network delay (ideal)                             0.00       0.00
  Domain_1_TOP_U0/SYS_CTRL_U3/cur_state_reg[4]/CK (DFFRQX2M)
                                                          0.00       0.00 r
  Domain_1_TOP_U0/SYS_CTRL_U3/cur_state_reg[4]/Q (DFFRQX2M)
                                                          0.52       0.52 f
  Domain_1_TOP_U0/SYS_CTRL_U3/U4/Y (NOR3X2M)              0.35       0.88 r
  Domain_1_TOP_U0/SYS_CTRL_U3/U33/Y (NAND2X2M)            0.24       1.11 f
  Domain_1_TOP_U0/SYS_CTRL_U3/U11/Y (AND3X2M)             0.26       1.38 f
  Domain_1_TOP_U0/SYS_CTRL_U3/U59/Y (OAI21X2M)            0.25       1.63 r
  Domain_1_TOP_U0/SYS_CTRL_U3/Address[0] (SYS_CTRL)       0.00       1.63 r
  Domain_1_TOP_U0/RegFile_U2/Address[0] (RegFile)         0.00       1.63 r
  Domain_1_TOP_U0/RegFile_U2/U51/Y (INVX2M)               0.11       1.73 f
  Domain_1_TOP_U0/RegFile_U2/U40/Y (AND2X2M)              0.21       1.95 f
  Domain_1_TOP_U0/RegFile_U2/U39/Y (NAND2X2M)             0.22       2.17 r
  Domain_1_TOP_U0/RegFile_U2/U80/Y (OAI2BB2X1M)           0.19       2.36 r
  Domain_1_TOP_U0/RegFile_U2/regArr_reg[0][3]/D (DFFRQX2M)
                                                          0.00       2.36 r
  data arrival time                                                  2.36

  clock REF_CLK (rise edge)                              20.00      20.00
  clock network delay (ideal)                             0.00      20.00
  clock uncertainty                                      -0.20      19.80
  Domain_1_TOP_U0/RegFile_U2/regArr_reg[0][3]/CK (DFFRQX2M)
                                                          0.00      19.80 r
  library setup time                                     -0.31      19.49
  data required time                                                19.49
  --------------------------------------------------------------------------
  data required time                                                19.49
  data arrival time                                                 -2.36
  --------------------------------------------------------------------------
  slack (MET)                                                       17.13


  Startpoint: Domain_1_TOP_U0/SYS_CTRL_U3/cur_state_reg[4]
              (rising edge-triggered flip-flop clocked by REF_CLK)
  Endpoint: Domain_1_TOP_U0/RegFile_U2/regArr_reg[0][4]
            (rising edge-triggered flip-flop clocked by REF_CLK)
  Path Group: REF_CLK
  Path Type: max

  Point                                                   Incr       Path
  --------------------------------------------------------------------------
  clock REF_CLK (rise edge)                               0.00       0.00
  clock network delay (ideal)                             0.00       0.00
  Domain_1_TOP_U0/SYS_CTRL_U3/cur_state_reg[4]/CK (DFFRQX2M)
                                                          0.00       0.00 r
  Domain_1_TOP_U0/SYS_CTRL_U3/cur_state_reg[4]/Q (DFFRQX2M)
                                                          0.52       0.52 f
  Domain_1_TOP_U0/SYS_CTRL_U3/U4/Y (NOR3X2M)              0.35       0.88 r
  Domain_1_TOP_U0/SYS_CTRL_U3/U33/Y (NAND2X2M)            0.24       1.11 f
  Domain_1_TOP_U0/SYS_CTRL_U3/U11/Y (AND3X2M)             0.26       1.38 f
  Domain_1_TOP_U0/SYS_CTRL_U3/U59/Y (OAI21X2M)            0.25       1.63 r
  Domain_1_TOP_U0/SYS_CTRL_U3/Address[0] (SYS_CTRL)       0.00       1.63 r
  Domain_1_TOP_U0/RegFile_U2/Address[0] (RegFile)         0.00       1.63 r
  Domain_1_TOP_U0/RegFile_U2/U51/Y (INVX2M)               0.11       1.73 f
  Domain_1_TOP_U0/RegFile_U2/U40/Y (AND2X2M)              0.21       1.95 f
  Domain_1_TOP_U0/RegFile_U2/U39/Y (NAND2X2M)             0.22       2.17 r
  Domain_1_TOP_U0/RegFile_U2/U81/Y (OAI2BB2X1M)           0.19       2.36 r
  Domain_1_TOP_U0/RegFile_U2/regArr_reg[0][4]/D (DFFRQX2M)
                                                          0.00       2.36 r
  data arrival time                                                  2.36

  clock REF_CLK (rise edge)                              20.00      20.00
  clock network delay (ideal)                             0.00      20.00
  clock uncertainty                                      -0.20      19.80
  Domain_1_TOP_U0/RegFile_U2/regArr_reg[0][4]/CK (DFFRQX2M)
                                                          0.00      19.80 r
  library setup time                                     -0.31      19.49
  data required time                                                19.49
  --------------------------------------------------------------------------
  data required time                                                19.49
  data arrival time                                                 -2.36
  --------------------------------------------------------------------------
  slack (MET)                                                       17.13


  Startpoint: Domain_1_TOP_U0/SYS_CTRL_U3/cur_state_reg[4]
              (rising edge-triggered flip-flop clocked by REF_CLK)
  Endpoint: Domain_1_TOP_U0/RegFile_U2/regArr_reg[0][5]
            (rising edge-triggered flip-flop clocked by REF_CLK)
  Path Group: REF_CLK
  Path Type: max

  Point                                                   Incr       Path
  --------------------------------------------------------------------------
  clock REF_CLK (rise edge)                               0.00       0.00
  clock network delay (ideal)                             0.00       0.00
  Domain_1_TOP_U0/SYS_CTRL_U3/cur_state_reg[4]/CK (DFFRQX2M)
                                                          0.00       0.00 r
  Domain_1_TOP_U0/SYS_CTRL_U3/cur_state_reg[4]/Q (DFFRQX2M)
                                                          0.52       0.52 f
  Domain_1_TOP_U0/SYS_CTRL_U3/U4/Y (NOR3X2M)              0.35       0.88 r
  Domain_1_TOP_U0/SYS_CTRL_U3/U33/Y (NAND2X2M)            0.24       1.11 f
  Domain_1_TOP_U0/SYS_CTRL_U3/U11/Y (AND3X2M)             0.26       1.38 f
  Domain_1_TOP_U0/SYS_CTRL_U3/U59/Y (OAI21X2M)            0.25       1.63 r
  Domain_1_TOP_U0/SYS_CTRL_U3/Address[0] (SYS_CTRL)       0.00       1.63 r
  Domain_1_TOP_U0/RegFile_U2/Address[0] (RegFile)         0.00       1.63 r
  Domain_1_TOP_U0/RegFile_U2/U51/Y (INVX2M)               0.11       1.73 f
  Domain_1_TOP_U0/RegFile_U2/U40/Y (AND2X2M)              0.21       1.95 f
  Domain_1_TOP_U0/RegFile_U2/U39/Y (NAND2X2M)             0.22       2.17 r
  Domain_1_TOP_U0/RegFile_U2/U82/Y (OAI2BB2X1M)           0.19       2.36 r
  Domain_1_TOP_U0/RegFile_U2/regArr_reg[0][5]/D (DFFRQX2M)
                                                          0.00       2.36 r
  data arrival time                                                  2.36

  clock REF_CLK (rise edge)                              20.00      20.00
  clock network delay (ideal)                             0.00      20.00
  clock uncertainty                                      -0.20      19.80
  Domain_1_TOP_U0/RegFile_U2/regArr_reg[0][5]/CK (DFFRQX2M)
                                                          0.00      19.80 r
  library setup time                                     -0.31      19.49
  data required time                                                19.49
  --------------------------------------------------------------------------
  data required time                                                19.49
  data arrival time                                                 -2.36
  --------------------------------------------------------------------------
  slack (MET)                                                       17.13


  Startpoint: Domain_1_TOP_U0/SYS_CTRL_U3/cur_state_reg[4]
              (rising edge-triggered flip-flop clocked by REF_CLK)
  Endpoint: Domain_1_TOP_U0/RegFile_U2/regArr_reg[0][7]
            (rising edge-triggered flip-flop clocked by REF_CLK)
  Path Group: REF_CLK
  Path Type: max

  Point                                                   Incr       Path
  --------------------------------------------------------------------------
  clock REF_CLK (rise edge)                               0.00       0.00
  clock network delay (ideal)                             0.00       0.00
  Domain_1_TOP_U0/SYS_CTRL_U3/cur_state_reg[4]/CK (DFFRQX2M)
                                                          0.00       0.00 r
  Domain_1_TOP_U0/SYS_CTRL_U3/cur_state_reg[4]/Q (DFFRQX2M)
                                                          0.52       0.52 f
  Domain_1_TOP_U0/SYS_CTRL_U3/U4/Y (NOR3X2M)              0.35       0.88 r
  Domain_1_TOP_U0/SYS_CTRL_U3/U33/Y (NAND2X2M)            0.24       1.11 f
  Domain_1_TOP_U0/SYS_CTRL_U3/U11/Y (AND3X2M)             0.26       1.38 f
  Domain_1_TOP_U0/SYS_CTRL_U3/U59/Y (OAI21X2M)            0.25       1.63 r
  Domain_1_TOP_U0/SYS_CTRL_U3/Address[0] (SYS_CTRL)       0.00       1.63 r
  Domain_1_TOP_U0/RegFile_U2/Address[0] (RegFile)         0.00       1.63 r
  Domain_1_TOP_U0/RegFile_U2/U51/Y (INVX2M)               0.11       1.73 f
  Domain_1_TOP_U0/RegFile_U2/U40/Y (AND2X2M)              0.21       1.95 f
  Domain_1_TOP_U0/RegFile_U2/U39/Y (NAND2X2M)             0.22       2.17 r
  Domain_1_TOP_U0/RegFile_U2/U84/Y (OAI2BB2X1M)           0.19       2.36 r
  Domain_1_TOP_U0/RegFile_U2/regArr_reg[0][7]/D (DFFRQX2M)
                                                          0.00       2.36 r
  data arrival time                                                  2.36

  clock REF_CLK (rise edge)                              20.00      20.00
  clock network delay (ideal)                             0.00      20.00
  clock uncertainty                                      -0.20      19.80
  Domain_1_TOP_U0/RegFile_U2/regArr_reg[0][7]/CK (DFFRQX2M)
                                                          0.00      19.80 r
  library setup time                                     -0.31      19.49
  data required time                                                19.49
  --------------------------------------------------------------------------
  data required time                                                19.49
  data arrival time                                                 -2.36
  --------------------------------------------------------------------------
  slack (MET)                                                       17.13


  Startpoint: Domain_1_TOP_U0/SYS_CTRL_U3/cur_state_reg[4]
              (rising edge-triggered flip-flop clocked by REF_CLK)
  Endpoint: Domain_1_TOP_U0/RegFile_U2/regArr_reg[0][6]
            (rising edge-triggered flip-flop clocked by REF_CLK)
  Path Group: REF_CLK
  Path Type: max

  Point                                                   Incr       Path
  --------------------------------------------------------------------------
  clock REF_CLK (rise edge)                               0.00       0.00
  clock network delay (ideal)                             0.00       0.00
  Domain_1_TOP_U0/SYS_CTRL_U3/cur_state_reg[4]/CK (DFFRQX2M)
                                                          0.00       0.00 r
  Domain_1_TOP_U0/SYS_CTRL_U3/cur_state_reg[4]/Q (DFFRQX2M)
                                                          0.52       0.52 f
  Domain_1_TOP_U0/SYS_CTRL_U3/U4/Y (NOR3X2M)              0.35       0.88 r
  Domain_1_TOP_U0/SYS_CTRL_U3/U33/Y (NAND2X2M)            0.24       1.11 f
  Domain_1_TOP_U0/SYS_CTRL_U3/U11/Y (AND3X2M)             0.26       1.38 f
  Domain_1_TOP_U0/SYS_CTRL_U3/U59/Y (OAI21X2M)            0.25       1.63 r
  Domain_1_TOP_U0/SYS_CTRL_U3/Address[0] (SYS_CTRL)       0.00       1.63 r
  Domain_1_TOP_U0/RegFile_U2/Address[0] (RegFile)         0.00       1.63 r
  Domain_1_TOP_U0/RegFile_U2/U51/Y (INVX2M)               0.11       1.73 f
  Domain_1_TOP_U0/RegFile_U2/U40/Y (AND2X2M)              0.21       1.95 f
  Domain_1_TOP_U0/RegFile_U2/U39/Y (NAND2X2M)             0.22       2.17 r
  Domain_1_TOP_U0/RegFile_U2/U83/Y (OAI2BB2X1M)           0.19       2.36 r
  Domain_1_TOP_U0/RegFile_U2/regArr_reg[0][6]/D (DFFRQX2M)
                                                          0.00       2.36 r
  data arrival time                                                  2.36

  clock REF_CLK (rise edge)                              20.00      20.00
  clock network delay (ideal)                             0.00      20.00
  clock uncertainty                                      -0.20      19.80
  Domain_1_TOP_U0/RegFile_U2/regArr_reg[0][6]/CK (DFFRQX2M)
                                                          0.00      19.80 r
  library setup time                                     -0.31      19.49
  data required time                                                19.49
  --------------------------------------------------------------------------
  data required time                                                19.49
  data arrival time                                                 -2.36
  --------------------------------------------------------------------------
  slack (MET)                                                       17.13


  Startpoint: Domain_1_TOP_U0/SYS_CTRL_U3/cur_state_reg[4]
              (rising edge-triggered flip-flop clocked by REF_CLK)
  Endpoint: Domain_1_TOP_U0/RegFile_U2/regArr_reg[2][1]
            (rising edge-triggered flip-flop clocked by REF_CLK)
  Path Group: REF_CLK
  Path Type: max

  Point                                                   Incr       Path
  --------------------------------------------------------------------------
  clock REF_CLK (rise edge)                               0.00       0.00
  clock network delay (ideal)                             0.00       0.00
  Domain_1_TOP_U0/SYS_CTRL_U3/cur_state_reg[4]/CK (DFFRQX2M)
                                                          0.00       0.00 r
  Domain_1_TOP_U0/SYS_CTRL_U3/cur_state_reg[4]/Q (DFFRQX2M)
                                                          0.52       0.52 f
  Domain_1_TOP_U0/SYS_CTRL_U3/U4/Y (NOR3X2M)              0.35       0.88 r
  Domain_1_TOP_U0/SYS_CTRL_U3/U33/Y (NAND2X2M)            0.24       1.11 f
  Domain_1_TOP_U0/SYS_CTRL_U3/U11/Y (AND3X2M)             0.26       1.38 f
  Domain_1_TOP_U0/SYS_CTRL_U3/U59/Y (OAI21X2M)            0.25       1.63 r
  Domain_1_TOP_U0/SYS_CTRL_U3/Address[0] (SYS_CTRL)       0.00       1.63 r
  Domain_1_TOP_U0/RegFile_U2/Address[0] (RegFile)         0.00       1.63 r
  Domain_1_TOP_U0/RegFile_U2/U51/Y (INVX2M)               0.11       1.73 f
  Domain_1_TOP_U0/RegFile_U2/U40/Y (AND2X2M)              0.21       1.95 f
  Domain_1_TOP_U0/RegFile_U2/U25/Y (NAND2X2M)             0.22       2.17 r
  Domain_1_TOP_U0/RegFile_U2/U86/Y (OAI2BB2X1M)           0.19       2.36 r
  Domain_1_TOP_U0/RegFile_U2/regArr_reg[2][1]/D (DFFRQX2M)
                                                          0.00       2.36 r
  data arrival time                                                  2.36

  clock REF_CLK (rise edge)                              20.00      20.00
  clock network delay (ideal)                             0.00      20.00
  clock uncertainty                                      -0.20      19.80
  Domain_1_TOP_U0/RegFile_U2/regArr_reg[2][1]/CK (DFFRQX2M)
                                                          0.00      19.80 r
  library setup time                                     -0.31      19.49
  data required time                                                19.49
  --------------------------------------------------------------------------
  data required time                                                19.49
  data arrival time                                                 -2.36
  --------------------------------------------------------------------------
  slack (MET)                                                       17.14


  Startpoint: Domain_1_TOP_U0/SYS_CTRL_U3/cur_state_reg[4]
              (rising edge-triggered flip-flop clocked by REF_CLK)
  Endpoint: Domain_1_TOP_U0/RegFile_U2/regArr_reg[2][3]
            (rising edge-triggered flip-flop clocked by REF_CLK)
  Path Group: REF_CLK
  Path Type: max

  Point                                                   Incr       Path
  --------------------------------------------------------------------------
  clock REF_CLK (rise edge)                               0.00       0.00
  clock network delay (ideal)                             0.00       0.00
  Domain_1_TOP_U0/SYS_CTRL_U3/cur_state_reg[4]/CK (DFFRQX2M)
                                                          0.00       0.00 r
  Domain_1_TOP_U0/SYS_CTRL_U3/cur_state_reg[4]/Q (DFFRQX2M)
                                                          0.52       0.52 f
  Domain_1_TOP_U0/SYS_CTRL_U3/U4/Y (NOR3X2M)              0.35       0.88 r
  Domain_1_TOP_U0/SYS_CTRL_U3/U33/Y (NAND2X2M)            0.24       1.11 f
  Domain_1_TOP_U0/SYS_CTRL_U3/U11/Y (AND3X2M)             0.26       1.38 f
  Domain_1_TOP_U0/SYS_CTRL_U3/U59/Y (OAI21X2M)            0.25       1.63 r
  Domain_1_TOP_U0/SYS_CTRL_U3/Address[0] (SYS_CTRL)       0.00       1.63 r
  Domain_1_TOP_U0/RegFile_U2/Address[0] (RegFile)         0.00       1.63 r
  Domain_1_TOP_U0/RegFile_U2/U51/Y (INVX2M)               0.11       1.73 f
  Domain_1_TOP_U0/RegFile_U2/U40/Y (AND2X2M)              0.21       1.95 f
  Domain_1_TOP_U0/RegFile_U2/U25/Y (NAND2X2M)             0.22       2.17 r
  Domain_1_TOP_U0/RegFile_U2/U88/Y (OAI2BB2X1M)           0.19       2.36 r
  Domain_1_TOP_U0/RegFile_U2/regArr_reg[2][3]/D (DFFRQX2M)
                                                          0.00       2.36 r
  data arrival time                                                  2.36

  clock REF_CLK (rise edge)                              20.00      20.00
  clock network delay (ideal)                             0.00      20.00
  clock uncertainty                                      -0.20      19.80
  Domain_1_TOP_U0/RegFile_U2/regArr_reg[2][3]/CK (DFFRQX2M)
                                                          0.00      19.80 r
  library setup time                                     -0.31      19.49
  data required time                                                19.49
  --------------------------------------------------------------------------
  data required time                                                19.49
  data arrival time                                                 -2.36
  --------------------------------------------------------------------------
  slack (MET)                                                       17.14


  Startpoint: Domain_1_TOP_U0/SYS_CTRL_U3/cur_state_reg[4]
              (rising edge-triggered flip-flop clocked by REF_CLK)
  Endpoint: Domain_1_TOP_U0/RegFile_U2/regArr_reg[2][4]
            (rising edge-triggered flip-flop clocked by REF_CLK)
  Path Group: REF_CLK
  Path Type: max

  Point                                                   Incr       Path
  --------------------------------------------------------------------------
  clock REF_CLK (rise edge)                               0.00       0.00
  clock network delay (ideal)                             0.00       0.00
  Domain_1_TOP_U0/SYS_CTRL_U3/cur_state_reg[4]/CK (DFFRQX2M)
                                                          0.00       0.00 r
  Domain_1_TOP_U0/SYS_CTRL_U3/cur_state_reg[4]/Q (DFFRQX2M)
                                                          0.52       0.52 f
  Domain_1_TOP_U0/SYS_CTRL_U3/U4/Y (NOR3X2M)              0.35       0.88 r
  Domain_1_TOP_U0/SYS_CTRL_U3/U33/Y (NAND2X2M)            0.24       1.11 f
  Domain_1_TOP_U0/SYS_CTRL_U3/U11/Y (AND3X2M)             0.26       1.38 f
  Domain_1_TOP_U0/SYS_CTRL_U3/U59/Y (OAI21X2M)            0.25       1.63 r
  Domain_1_TOP_U0/SYS_CTRL_U3/Address[0] (SYS_CTRL)       0.00       1.63 r
  Domain_1_TOP_U0/RegFile_U2/Address[0] (RegFile)         0.00       1.63 r
  Domain_1_TOP_U0/RegFile_U2/U51/Y (INVX2M)               0.11       1.73 f
  Domain_1_TOP_U0/RegFile_U2/U40/Y (AND2X2M)              0.21       1.95 f
  Domain_1_TOP_U0/RegFile_U2/U25/Y (NAND2X2M)             0.22       2.17 r
  Domain_1_TOP_U0/RegFile_U2/U89/Y (OAI2BB2X1M)           0.19       2.36 r
  Domain_1_TOP_U0/RegFile_U2/regArr_reg[2][4]/D (DFFRQX2M)
                                                          0.00       2.36 r
  data arrival time                                                  2.36

  clock REF_CLK (rise edge)                              20.00      20.00
  clock network delay (ideal)                             0.00      20.00
  clock uncertainty                                      -0.20      19.80
  Domain_1_TOP_U0/RegFile_U2/regArr_reg[2][4]/CK (DFFRQX2M)
                                                          0.00      19.80 r
  library setup time                                     -0.31      19.49
  data required time                                                19.49
  --------------------------------------------------------------------------
  data required time                                                19.49
  data arrival time                                                 -2.36
  --------------------------------------------------------------------------
  slack (MET)                                                       17.14


  Startpoint: Domain_1_TOP_U0/SYS_CTRL_U3/cur_state_reg[4]
              (rising edge-triggered flip-flop clocked by REF_CLK)
  Endpoint: Domain_1_TOP_U0/RegFile_U2/regArr_reg[2][6]
            (rising edge-triggered flip-flop clocked by REF_CLK)
  Path Group: REF_CLK
  Path Type: max

  Point                                                   Incr       Path
  --------------------------------------------------------------------------
  clock REF_CLK (rise edge)                               0.00       0.00
  clock network delay (ideal)                             0.00       0.00
  Domain_1_TOP_U0/SYS_CTRL_U3/cur_state_reg[4]/CK (DFFRQX2M)
                                                          0.00       0.00 r
  Domain_1_TOP_U0/SYS_CTRL_U3/cur_state_reg[4]/Q (DFFRQX2M)
                                                          0.52       0.52 f
  Domain_1_TOP_U0/SYS_CTRL_U3/U4/Y (NOR3X2M)              0.35       0.88 r
  Domain_1_TOP_U0/SYS_CTRL_U3/U33/Y (NAND2X2M)            0.24       1.11 f
  Domain_1_TOP_U0/SYS_CTRL_U3/U11/Y (AND3X2M)             0.26       1.38 f
  Domain_1_TOP_U0/SYS_CTRL_U3/U59/Y (OAI21X2M)            0.25       1.63 r
  Domain_1_TOP_U0/SYS_CTRL_U3/Address[0] (SYS_CTRL)       0.00       1.63 r
  Domain_1_TOP_U0/RegFile_U2/Address[0] (RegFile)         0.00       1.63 r
  Domain_1_TOP_U0/RegFile_U2/U51/Y (INVX2M)               0.11       1.73 f
  Domain_1_TOP_U0/RegFile_U2/U40/Y (AND2X2M)              0.21       1.95 f
  Domain_1_TOP_U0/RegFile_U2/U25/Y (NAND2X2M)             0.22       2.17 r
  Domain_1_TOP_U0/RegFile_U2/U91/Y (OAI2BB2X1M)           0.19       2.36 r
  Domain_1_TOP_U0/RegFile_U2/regArr_reg[2][6]/D (DFFRQX2M)
                                                          0.00       2.36 r
  data arrival time                                                  2.36

  clock REF_CLK (rise edge)                              20.00      20.00
  clock network delay (ideal)                             0.00      20.00
  clock uncertainty                                      -0.20      19.80
  Domain_1_TOP_U0/RegFile_U2/regArr_reg[2][6]/CK (DFFRQX2M)
                                                          0.00      19.80 r
  library setup time                                     -0.31      19.49
  data required time                                                19.49
  --------------------------------------------------------------------------
  data required time                                                19.49
  data arrival time                                                 -2.36
  --------------------------------------------------------------------------
  slack (MET)                                                       17.14


  Startpoint: Domain_1_TOP_U0/SYS_CTRL_U3/cur_state_reg[4]
              (rising edge-triggered flip-flop clocked by REF_CLK)
  Endpoint: Domain_1_TOP_U0/RegFile_U2/regArr_reg[2][2]
            (rising edge-triggered flip-flop clocked by REF_CLK)
  Path Group: REF_CLK
  Path Type: max

  Point                                                   Incr       Path
  --------------------------------------------------------------------------
  clock REF_CLK (rise edge)                               0.00       0.00
  clock network delay (ideal)                             0.00       0.00
  Domain_1_TOP_U0/SYS_CTRL_U3/cur_state_reg[4]/CK (DFFRQX2M)
                                                          0.00       0.00 r
  Domain_1_TOP_U0/SYS_CTRL_U3/cur_state_reg[4]/Q (DFFRQX2M)
                                                          0.52       0.52 f
  Domain_1_TOP_U0/SYS_CTRL_U3/U4/Y (NOR3X2M)              0.35       0.88 r
  Domain_1_TOP_U0/SYS_CTRL_U3/U33/Y (NAND2X2M)            0.24       1.11 f
  Domain_1_TOP_U0/SYS_CTRL_U3/U11/Y (AND3X2M)             0.26       1.38 f
  Domain_1_TOP_U0/SYS_CTRL_U3/U59/Y (OAI21X2M)            0.25       1.63 r
  Domain_1_TOP_U0/SYS_CTRL_U3/Address[0] (SYS_CTRL)       0.00       1.63 r
  Domain_1_TOP_U0/RegFile_U2/Address[0] (RegFile)         0.00       1.63 r
  Domain_1_TOP_U0/RegFile_U2/U51/Y (INVX2M)               0.11       1.73 f
  Domain_1_TOP_U0/RegFile_U2/U40/Y (AND2X2M)              0.21       1.95 f
  Domain_1_TOP_U0/RegFile_U2/U25/Y (NAND2X2M)             0.22       2.17 r
  Domain_1_TOP_U0/RegFile_U2/U87/Y (OAI2BB2X1M)           0.19       2.36 r
  Domain_1_TOP_U0/RegFile_U2/regArr_reg[2][2]/D (DFFRQX2M)
                                                          0.00       2.36 r
  data arrival time                                                  2.36

  clock REF_CLK (rise edge)                              20.00      20.00
  clock network delay (ideal)                             0.00      20.00
  clock uncertainty                                      -0.20      19.80
  Domain_1_TOP_U0/RegFile_U2/regArr_reg[2][2]/CK (DFFRQX2M)
                                                          0.00      19.80 r
  library setup time                                     -0.31      19.49
  data required time                                                19.49
  --------------------------------------------------------------------------
  data required time                                                19.49
  data arrival time                                                 -2.36
  --------------------------------------------------------------------------
  slack (MET)                                                       17.14


  Startpoint: Domain_1_TOP_U0/SYS_CTRL_U3/cur_state_reg[4]
              (rising edge-triggered flip-flop clocked by REF_CLK)
  Endpoint: Domain_1_TOP_U0/RegFile_U2/regArr_reg[2][0]
            (rising edge-triggered flip-flop clocked by REF_CLK)
  Path Group: REF_CLK
  Path Type: max

  Point                                                   Incr       Path
  --------------------------------------------------------------------------
  clock REF_CLK (rise edge)                               0.00       0.00
  clock network delay (ideal)                             0.00       0.00
  Domain_1_TOP_U0/SYS_CTRL_U3/cur_state_reg[4]/CK (DFFRQX2M)
                                                          0.00       0.00 r
  Domain_1_TOP_U0/SYS_CTRL_U3/cur_state_reg[4]/Q (DFFRQX2M)
                                                          0.52       0.52 f
  Domain_1_TOP_U0/SYS_CTRL_U3/U4/Y (NOR3X2M)              0.35       0.88 r
  Domain_1_TOP_U0/SYS_CTRL_U3/U33/Y (NAND2X2M)            0.24       1.11 f
  Domain_1_TOP_U0/SYS_CTRL_U3/U11/Y (AND3X2M)             0.26       1.38 f
  Domain_1_TOP_U0/SYS_CTRL_U3/U59/Y (OAI21X2M)            0.25       1.63 r
  Domain_1_TOP_U0/SYS_CTRL_U3/Address[0] (SYS_CTRL)       0.00       1.63 r
  Domain_1_TOP_U0/RegFile_U2/Address[0] (RegFile)         0.00       1.63 r
  Domain_1_TOP_U0/RegFile_U2/U51/Y (INVX2M)               0.11       1.73 f
  Domain_1_TOP_U0/RegFile_U2/U40/Y (AND2X2M)              0.21       1.95 f
  Domain_1_TOP_U0/RegFile_U2/U25/Y (NAND2X2M)             0.22       2.17 r
  Domain_1_TOP_U0/RegFile_U2/U85/Y (OAI2BB2X1M)           0.19       2.36 r
  Domain_1_TOP_U0/RegFile_U2/regArr_reg[2][0]/D (DFFRQX2M)
                                                          0.00       2.36 r
  data arrival time                                                  2.36

  clock REF_CLK (rise edge)                              20.00      20.00
  clock network delay (ideal)                             0.00      20.00
  clock uncertainty                                      -0.20      19.80
  Domain_1_TOP_U0/RegFile_U2/regArr_reg[2][0]/CK (DFFRQX2M)
                                                          0.00      19.80 r
  library setup time                                     -0.31      19.49
  data required time                                                19.49
  --------------------------------------------------------------------------
  data required time                                                19.49
  data arrival time                                                 -2.36
  --------------------------------------------------------------------------
  slack (MET)                                                       17.14


  Startpoint: Domain_1_TOP_U0/SYS_CTRL_U3/cur_state_reg[4]
              (rising edge-triggered flip-flop clocked by REF_CLK)
  Endpoint: Domain_1_TOP_U0/RegFile_U2/regArr_reg[2][5]
            (rising edge-triggered flip-flop clocked by REF_CLK)
  Path Group: REF_CLK
  Path Type: max

  Point                                                   Incr       Path
  --------------------------------------------------------------------------
  clock REF_CLK (rise edge)                               0.00       0.00
  clock network delay (ideal)                             0.00       0.00
  Domain_1_TOP_U0/SYS_CTRL_U3/cur_state_reg[4]/CK (DFFRQX2M)
                                                          0.00       0.00 r
  Domain_1_TOP_U0/SYS_CTRL_U3/cur_state_reg[4]/Q (DFFRQX2M)
                                                          0.52       0.52 f
  Domain_1_TOP_U0/SYS_CTRL_U3/U4/Y (NOR3X2M)              0.35       0.88 r
  Domain_1_TOP_U0/SYS_CTRL_U3/U33/Y (NAND2X2M)            0.24       1.11 f
  Domain_1_TOP_U0/SYS_CTRL_U3/U11/Y (AND3X2M)             0.26       1.38 f
  Domain_1_TOP_U0/SYS_CTRL_U3/U59/Y (OAI21X2M)            0.25       1.63 r
  Domain_1_TOP_U0/SYS_CTRL_U3/Address[0] (SYS_CTRL)       0.00       1.63 r
  Domain_1_TOP_U0/RegFile_U2/Address[0] (RegFile)         0.00       1.63 r
  Domain_1_TOP_U0/RegFile_U2/U51/Y (INVX2M)               0.11       1.73 f
  Domain_1_TOP_U0/RegFile_U2/U40/Y (AND2X2M)              0.21       1.95 f
  Domain_1_TOP_U0/RegFile_U2/U25/Y (NAND2X2M)             0.22       2.17 r
  Domain_1_TOP_U0/RegFile_U2/U90/Y (OAI2BB2X1M)           0.19       2.36 r
  Domain_1_TOP_U0/RegFile_U2/regArr_reg[2][5]/D (DFFRQX2M)
                                                          0.00       2.36 r
  data arrival time                                                  2.36

  clock REF_CLK (rise edge)                              20.00      20.00
  clock network delay (ideal)                             0.00      20.00
  clock uncertainty                                      -0.20      19.80
  Domain_1_TOP_U0/RegFile_U2/regArr_reg[2][5]/CK (DFFRQX2M)
                                                          0.00      19.80 r
  library setup time                                     -0.31      19.49
  data required time                                                19.49
  --------------------------------------------------------------------------
  data required time                                                19.49
  data arrival time                                                 -2.36
  --------------------------------------------------------------------------
  slack (MET)                                                       17.14


  Startpoint: Domain_1_TOP_U0/SYS_CTRL_U3/cur_state_reg[4]
              (rising edge-triggered flip-flop clocked by REF_CLK)
  Endpoint: Domain_1_TOP_U0/RegFile_U2/regArr_reg[6][7]
            (rising edge-triggered flip-flop clocked by REF_CLK)
  Path Group: REF_CLK
  Path Type: max

  Point                                                   Incr       Path
  --------------------------------------------------------------------------
  clock REF_CLK (rise edge)                               0.00       0.00
  clock network delay (ideal)                             0.00       0.00
  Domain_1_TOP_U0/SYS_CTRL_U3/cur_state_reg[4]/CK (DFFRQX2M)
                                                          0.00       0.00 r
  Domain_1_TOP_U0/SYS_CTRL_U3/cur_state_reg[4]/Q (DFFRQX2M)
                                                          0.52       0.52 f
  Domain_1_TOP_U0/SYS_CTRL_U3/U4/Y (NOR3X2M)              0.35       0.88 r
  Domain_1_TOP_U0/SYS_CTRL_U3/U33/Y (NAND2X2M)            0.24       1.11 f
  Domain_1_TOP_U0/SYS_CTRL_U3/U11/Y (AND3X2M)             0.26       1.38 f
  Domain_1_TOP_U0/SYS_CTRL_U3/U59/Y (OAI21X2M)            0.25       1.63 r
  Domain_1_TOP_U0/SYS_CTRL_U3/Address[0] (SYS_CTRL)       0.00       1.63 r
  Domain_1_TOP_U0/RegFile_U2/Address[0] (RegFile)         0.00       1.63 r
  Domain_1_TOP_U0/RegFile_U2/U51/Y (INVX2M)               0.11       1.73 f
  Domain_1_TOP_U0/RegFile_U2/U40/Y (AND2X2M)              0.21       1.95 f
  Domain_1_TOP_U0/RegFile_U2/U29/Y (NAND2X2M)             0.22       2.17 r
  Domain_1_TOP_U0/RegFile_U2/U162/Y (OAI2BB2X1M)          0.19       2.36 r
  Domain_1_TOP_U0/RegFile_U2/regArr_reg[6][7]/D (DFFRQX2M)
                                                          0.00       2.36 r
  data arrival time                                                  2.36

  clock REF_CLK (rise edge)                              20.00      20.00
  clock network delay (ideal)                             0.00      20.00
  clock uncertainty                                      -0.20      19.80
  Domain_1_TOP_U0/RegFile_U2/regArr_reg[6][7]/CK (DFFRQX2M)
                                                          0.00      19.80 r
  library setup time                                     -0.31      19.49
  data required time                                                19.49
  --------------------------------------------------------------------------
  data required time                                                19.49
  data arrival time                                                 -2.36
  --------------------------------------------------------------------------
  slack (MET)                                                       17.14


  Startpoint: Domain_1_TOP_U0/SYS_CTRL_U3/cur_state_reg[4]
              (rising edge-triggered flip-flop clocked by REF_CLK)
  Endpoint: Domain_1_TOP_U0/RegFile_U2/regArr_reg[6][6]
            (rising edge-triggered flip-flop clocked by REF_CLK)
  Path Group: REF_CLK
  Path Type: max

  Point                                                   Incr       Path
  --------------------------------------------------------------------------
  clock REF_CLK (rise edge)                               0.00       0.00
  clock network delay (ideal)                             0.00       0.00
  Domain_1_TOP_U0/SYS_CTRL_U3/cur_state_reg[4]/CK (DFFRQX2M)
                                                          0.00       0.00 r
  Domain_1_TOP_U0/SYS_CTRL_U3/cur_state_reg[4]/Q (DFFRQX2M)
                                                          0.52       0.52 f
  Domain_1_TOP_U0/SYS_CTRL_U3/U4/Y (NOR3X2M)              0.35       0.88 r
  Domain_1_TOP_U0/SYS_CTRL_U3/U33/Y (NAND2X2M)            0.24       1.11 f
  Domain_1_TOP_U0/SYS_CTRL_U3/U11/Y (AND3X2M)             0.26       1.38 f
  Domain_1_TOP_U0/SYS_CTRL_U3/U59/Y (OAI21X2M)            0.25       1.63 r
  Domain_1_TOP_U0/SYS_CTRL_U3/Address[0] (SYS_CTRL)       0.00       1.63 r
  Domain_1_TOP_U0/RegFile_U2/Address[0] (RegFile)         0.00       1.63 r
  Domain_1_TOP_U0/RegFile_U2/U51/Y (INVX2M)               0.11       1.73 f
  Domain_1_TOP_U0/RegFile_U2/U40/Y (AND2X2M)              0.21       1.95 f
  Domain_1_TOP_U0/RegFile_U2/U29/Y (NAND2X2M)             0.22       2.17 r
  Domain_1_TOP_U0/RegFile_U2/U161/Y (OAI2BB2X1M)          0.19       2.36 r
  Domain_1_TOP_U0/RegFile_U2/regArr_reg[6][6]/D (DFFRQX2M)
                                                          0.00       2.36 r
  data arrival time                                                  2.36

  clock REF_CLK (rise edge)                              20.00      20.00
  clock network delay (ideal)                             0.00      20.00
  clock uncertainty                                      -0.20      19.80
  Domain_1_TOP_U0/RegFile_U2/regArr_reg[6][6]/CK (DFFRQX2M)
                                                          0.00      19.80 r
  library setup time                                     -0.31      19.49
  data required time                                                19.49
  --------------------------------------------------------------------------
  data required time                                                19.49
  data arrival time                                                 -2.36
  --------------------------------------------------------------------------
  slack (MET)                                                       17.14


  Startpoint: Domain_1_TOP_U0/SYS_CTRL_U3/cur_state_reg[4]
              (rising edge-triggered flip-flop clocked by REF_CLK)
  Endpoint: Domain_1_TOP_U0/RegFile_U2/regArr_reg[6][5]
            (rising edge-triggered flip-flop clocked by REF_CLK)
  Path Group: REF_CLK
  Path Type: max

  Point                                                   Incr       Path
  --------------------------------------------------------------------------
  clock REF_CLK (rise edge)                               0.00       0.00
  clock network delay (ideal)                             0.00       0.00
  Domain_1_TOP_U0/SYS_CTRL_U3/cur_state_reg[4]/CK (DFFRQX2M)
                                                          0.00       0.00 r
  Domain_1_TOP_U0/SYS_CTRL_U3/cur_state_reg[4]/Q (DFFRQX2M)
                                                          0.52       0.52 f
  Domain_1_TOP_U0/SYS_CTRL_U3/U4/Y (NOR3X2M)              0.35       0.88 r
  Domain_1_TOP_U0/SYS_CTRL_U3/U33/Y (NAND2X2M)            0.24       1.11 f
  Domain_1_TOP_U0/SYS_CTRL_U3/U11/Y (AND3X2M)             0.26       1.38 f
  Domain_1_TOP_U0/SYS_CTRL_U3/U59/Y (OAI21X2M)            0.25       1.63 r
  Domain_1_TOP_U0/SYS_CTRL_U3/Address[0] (SYS_CTRL)       0.00       1.63 r
  Domain_1_TOP_U0/RegFile_U2/Address[0] (RegFile)         0.00       1.63 r
  Domain_1_TOP_U0/RegFile_U2/U51/Y (INVX2M)               0.11       1.73 f
  Domain_1_TOP_U0/RegFile_U2/U40/Y (AND2X2M)              0.21       1.95 f
  Domain_1_TOP_U0/RegFile_U2/U29/Y (NAND2X2M)             0.22       2.17 r
  Domain_1_TOP_U0/RegFile_U2/U160/Y (OAI2BB2X1M)          0.19       2.36 r
  Domain_1_TOP_U0/RegFile_U2/regArr_reg[6][5]/D (DFFRQX2M)
                                                          0.00       2.36 r
  data arrival time                                                  2.36

  clock REF_CLK (rise edge)                              20.00      20.00
  clock network delay (ideal)                             0.00      20.00
  clock uncertainty                                      -0.20      19.80
  Domain_1_TOP_U0/RegFile_U2/regArr_reg[6][5]/CK (DFFRQX2M)
                                                          0.00      19.80 r
  library setup time                                     -0.31      19.49
  data required time                                                19.49
  --------------------------------------------------------------------------
  data required time                                                19.49
  data arrival time                                                 -2.36
  --------------------------------------------------------------------------
  slack (MET)                                                       17.14


  Startpoint: Domain_1_TOP_U0/SYS_CTRL_U3/cur_state_reg[4]
              (rising edge-triggered flip-flop clocked by REF_CLK)
  Endpoint: Domain_1_TOP_U0/RegFile_U2/regArr_reg[6][4]
            (rising edge-triggered flip-flop clocked by REF_CLK)
  Path Group: REF_CLK
  Path Type: max

  Point                                                   Incr       Path
  --------------------------------------------------------------------------
  clock REF_CLK (rise edge)                               0.00       0.00
  clock network delay (ideal)                             0.00       0.00
  Domain_1_TOP_U0/SYS_CTRL_U3/cur_state_reg[4]/CK (DFFRQX2M)
                                                          0.00       0.00 r
  Domain_1_TOP_U0/SYS_CTRL_U3/cur_state_reg[4]/Q (DFFRQX2M)
                                                          0.52       0.52 f
  Domain_1_TOP_U0/SYS_CTRL_U3/U4/Y (NOR3X2M)              0.35       0.88 r
  Domain_1_TOP_U0/SYS_CTRL_U3/U33/Y (NAND2X2M)            0.24       1.11 f
  Domain_1_TOP_U0/SYS_CTRL_U3/U11/Y (AND3X2M)             0.26       1.38 f
  Domain_1_TOP_U0/SYS_CTRL_U3/U59/Y (OAI21X2M)            0.25       1.63 r
  Domain_1_TOP_U0/SYS_CTRL_U3/Address[0] (SYS_CTRL)       0.00       1.63 r
  Domain_1_TOP_U0/RegFile_U2/Address[0] (RegFile)         0.00       1.63 r
  Domain_1_TOP_U0/RegFile_U2/U51/Y (INVX2M)               0.11       1.73 f
  Domain_1_TOP_U0/RegFile_U2/U40/Y (AND2X2M)              0.21       1.95 f
  Domain_1_TOP_U0/RegFile_U2/U29/Y (NAND2X2M)             0.22       2.17 r
  Domain_1_TOP_U0/RegFile_U2/U159/Y (OAI2BB2X1M)          0.19       2.36 r
  Domain_1_TOP_U0/RegFile_U2/regArr_reg[6][4]/D (DFFRQX2M)
                                                          0.00       2.36 r
  data arrival time                                                  2.36

  clock REF_CLK (rise edge)                              20.00      20.00
  clock network delay (ideal)                             0.00      20.00
  clock uncertainty                                      -0.20      19.80
  Domain_1_TOP_U0/RegFile_U2/regArr_reg[6][4]/CK (DFFRQX2M)
                                                          0.00      19.80 r
  library setup time                                     -0.31      19.49
  data required time                                                19.49
  --------------------------------------------------------------------------
  data required time                                                19.49
  data arrival time                                                 -2.36
  --------------------------------------------------------------------------
  slack (MET)                                                       17.14


  Startpoint: Domain_1_TOP_U0/SYS_CTRL_U3/cur_state_reg[4]
              (rising edge-triggered flip-flop clocked by REF_CLK)
  Endpoint: Domain_1_TOP_U0/RegFile_U2/regArr_reg[6][3]
            (rising edge-triggered flip-flop clocked by REF_CLK)
  Path Group: REF_CLK
  Path Type: max

  Point                                                   Incr       Path
  --------------------------------------------------------------------------
  clock REF_CLK (rise edge)                               0.00       0.00
  clock network delay (ideal)                             0.00       0.00
  Domain_1_TOP_U0/SYS_CTRL_U3/cur_state_reg[4]/CK (DFFRQX2M)
                                                          0.00       0.00 r
  Domain_1_TOP_U0/SYS_CTRL_U3/cur_state_reg[4]/Q (DFFRQX2M)
                                                          0.52       0.52 f
  Domain_1_TOP_U0/SYS_CTRL_U3/U4/Y (NOR3X2M)              0.35       0.88 r
  Domain_1_TOP_U0/SYS_CTRL_U3/U33/Y (NAND2X2M)            0.24       1.11 f
  Domain_1_TOP_U0/SYS_CTRL_U3/U11/Y (AND3X2M)             0.26       1.38 f
  Domain_1_TOP_U0/SYS_CTRL_U3/U59/Y (OAI21X2M)            0.25       1.63 r
  Domain_1_TOP_U0/SYS_CTRL_U3/Address[0] (SYS_CTRL)       0.00       1.63 r
  Domain_1_TOP_U0/RegFile_U2/Address[0] (RegFile)         0.00       1.63 r
  Domain_1_TOP_U0/RegFile_U2/U51/Y (INVX2M)               0.11       1.73 f
  Domain_1_TOP_U0/RegFile_U2/U40/Y (AND2X2M)              0.21       1.95 f
  Domain_1_TOP_U0/RegFile_U2/U29/Y (NAND2X2M)             0.22       2.17 r
  Domain_1_TOP_U0/RegFile_U2/U158/Y (OAI2BB2X1M)          0.19       2.36 r
  Domain_1_TOP_U0/RegFile_U2/regArr_reg[6][3]/D (DFFRQX2M)
                                                          0.00       2.36 r
  data arrival time                                                  2.36

  clock REF_CLK (rise edge)                              20.00      20.00
  clock network delay (ideal)                             0.00      20.00
  clock uncertainty                                      -0.20      19.80
  Domain_1_TOP_U0/RegFile_U2/regArr_reg[6][3]/CK (DFFRQX2M)
                                                          0.00      19.80 r
  library setup time                                     -0.31      19.49
  data required time                                                19.49
  --------------------------------------------------------------------------
  data required time                                                19.49
  data arrival time                                                 -2.36
  --------------------------------------------------------------------------
  slack (MET)                                                       17.14


  Startpoint: Domain_1_TOP_U0/SYS_CTRL_U3/cur_state_reg[4]
              (rising edge-triggered flip-flop clocked by REF_CLK)
  Endpoint: Domain_1_TOP_U0/RegFile_U2/regArr_reg[6][2]
            (rising edge-triggered flip-flop clocked by REF_CLK)
  Path Group: REF_CLK
  Path Type: max

  Point                                                   Incr       Path
  --------------------------------------------------------------------------
  clock REF_CLK (rise edge)                               0.00       0.00
  clock network delay (ideal)                             0.00       0.00
  Domain_1_TOP_U0/SYS_CTRL_U3/cur_state_reg[4]/CK (DFFRQX2M)
                                                          0.00       0.00 r
  Domain_1_TOP_U0/SYS_CTRL_U3/cur_state_reg[4]/Q (DFFRQX2M)
                                                          0.52       0.52 f
  Domain_1_TOP_U0/SYS_CTRL_U3/U4/Y (NOR3X2M)              0.35       0.88 r
  Domain_1_TOP_U0/SYS_CTRL_U3/U33/Y (NAND2X2M)            0.24       1.11 f
  Domain_1_TOP_U0/SYS_CTRL_U3/U11/Y (AND3X2M)             0.26       1.38 f
  Domain_1_TOP_U0/SYS_CTRL_U3/U59/Y (OAI21X2M)            0.25       1.63 r
  Domain_1_TOP_U0/SYS_CTRL_U3/Address[0] (SYS_CTRL)       0.00       1.63 r
  Domain_1_TOP_U0/RegFile_U2/Address[0] (RegFile)         0.00       1.63 r
  Domain_1_TOP_U0/RegFile_U2/U51/Y (INVX2M)               0.11       1.73 f
  Domain_1_TOP_U0/RegFile_U2/U40/Y (AND2X2M)              0.21       1.95 f
  Domain_1_TOP_U0/RegFile_U2/U29/Y (NAND2X2M)             0.22       2.17 r
  Domain_1_TOP_U0/RegFile_U2/U157/Y (OAI2BB2X1M)          0.19       2.36 r
  Domain_1_TOP_U0/RegFile_U2/regArr_reg[6][2]/D (DFFRQX2M)
                                                          0.00       2.36 r
  data arrival time                                                  2.36

  clock REF_CLK (rise edge)                              20.00      20.00
  clock network delay (ideal)                             0.00      20.00
  clock uncertainty                                      -0.20      19.80
  Domain_1_TOP_U0/RegFile_U2/regArr_reg[6][2]/CK (DFFRQX2M)
                                                          0.00      19.80 r
  library setup time                                     -0.31      19.49
  data required time                                                19.49
  --------------------------------------------------------------------------
  data required time                                                19.49
  data arrival time                                                 -2.36
  --------------------------------------------------------------------------
  slack (MET)                                                       17.14


  Startpoint: Domain_1_TOP_U0/SYS_CTRL_U3/cur_state_reg[4]
              (rising edge-triggered flip-flop clocked by REF_CLK)
  Endpoint: Domain_1_TOP_U0/RegFile_U2/regArr_reg[6][1]
            (rising edge-triggered flip-flop clocked by REF_CLK)
  Path Group: REF_CLK
  Path Type: max

  Point                                                   Incr       Path
  --------------------------------------------------------------------------
  clock REF_CLK (rise edge)                               0.00       0.00
  clock network delay (ideal)                             0.00       0.00
  Domain_1_TOP_U0/SYS_CTRL_U3/cur_state_reg[4]/CK (DFFRQX2M)
                                                          0.00       0.00 r
  Domain_1_TOP_U0/SYS_CTRL_U3/cur_state_reg[4]/Q (DFFRQX2M)
                                                          0.52       0.52 f
  Domain_1_TOP_U0/SYS_CTRL_U3/U4/Y (NOR3X2M)              0.35       0.88 r
  Domain_1_TOP_U0/SYS_CTRL_U3/U33/Y (NAND2X2M)            0.24       1.11 f
  Domain_1_TOP_U0/SYS_CTRL_U3/U11/Y (AND3X2M)             0.26       1.38 f
  Domain_1_TOP_U0/SYS_CTRL_U3/U59/Y (OAI21X2M)            0.25       1.63 r
  Domain_1_TOP_U0/SYS_CTRL_U3/Address[0] (SYS_CTRL)       0.00       1.63 r
  Domain_1_TOP_U0/RegFile_U2/Address[0] (RegFile)         0.00       1.63 r
  Domain_1_TOP_U0/RegFile_U2/U51/Y (INVX2M)               0.11       1.73 f
  Domain_1_TOP_U0/RegFile_U2/U40/Y (AND2X2M)              0.21       1.95 f
  Domain_1_TOP_U0/RegFile_U2/U29/Y (NAND2X2M)             0.22       2.17 r
  Domain_1_TOP_U0/RegFile_U2/U156/Y (OAI2BB2X1M)          0.19       2.36 r
  Domain_1_TOP_U0/RegFile_U2/regArr_reg[6][1]/D (DFFRQX2M)
                                                          0.00       2.36 r
  data arrival time                                                  2.36

  clock REF_CLK (rise edge)                              20.00      20.00
  clock network delay (ideal)                             0.00      20.00
  clock uncertainty                                      -0.20      19.80
  Domain_1_TOP_U0/RegFile_U2/regArr_reg[6][1]/CK (DFFRQX2M)
                                                          0.00      19.80 r
  library setup time                                     -0.31      19.49
  data required time                                                19.49
  --------------------------------------------------------------------------
  data required time                                                19.49
  data arrival time                                                 -2.36
  --------------------------------------------------------------------------
  slack (MET)                                                       17.14


  Startpoint: Domain_1_TOP_U0/SYS_CTRL_U3/cur_state_reg[4]
              (rising edge-triggered flip-flop clocked by REF_CLK)
  Endpoint: Domain_1_TOP_U0/RegFile_U2/regArr_reg[6][0]
            (rising edge-triggered flip-flop clocked by REF_CLK)
  Path Group: REF_CLK
  Path Type: max

  Point                                                   Incr       Path
  --------------------------------------------------------------------------
  clock REF_CLK (rise edge)                               0.00       0.00
  clock network delay (ideal)                             0.00       0.00
  Domain_1_TOP_U0/SYS_CTRL_U3/cur_state_reg[4]/CK (DFFRQX2M)
                                                          0.00       0.00 r
  Domain_1_TOP_U0/SYS_CTRL_U3/cur_state_reg[4]/Q (DFFRQX2M)
                                                          0.52       0.52 f
  Domain_1_TOP_U0/SYS_CTRL_U3/U4/Y (NOR3X2M)              0.35       0.88 r
  Domain_1_TOP_U0/SYS_CTRL_U3/U33/Y (NAND2X2M)            0.24       1.11 f
  Domain_1_TOP_U0/SYS_CTRL_U3/U11/Y (AND3X2M)             0.26       1.38 f
  Domain_1_TOP_U0/SYS_CTRL_U3/U59/Y (OAI21X2M)            0.25       1.63 r
  Domain_1_TOP_U0/SYS_CTRL_U3/Address[0] (SYS_CTRL)       0.00       1.63 r
  Domain_1_TOP_U0/RegFile_U2/Address[0] (RegFile)         0.00       1.63 r
  Domain_1_TOP_U0/RegFile_U2/U51/Y (INVX2M)               0.11       1.73 f
  Domain_1_TOP_U0/RegFile_U2/U40/Y (AND2X2M)              0.21       1.95 f
  Domain_1_TOP_U0/RegFile_U2/U29/Y (NAND2X2M)             0.22       2.17 r
  Domain_1_TOP_U0/RegFile_U2/U155/Y (OAI2BB2X1M)          0.19       2.36 r
  Domain_1_TOP_U0/RegFile_U2/regArr_reg[6][0]/D (DFFRQX2M)
                                                          0.00       2.36 r
  data arrival time                                                  2.36

  clock REF_CLK (rise edge)                              20.00      20.00
  clock network delay (ideal)                             0.00      20.00
  clock uncertainty                                      -0.20      19.80
  Domain_1_TOP_U0/RegFile_U2/regArr_reg[6][0]/CK (DFFRQX2M)
                                                          0.00      19.80 r
  library setup time                                     -0.31      19.49
  data required time                                                19.49
  --------------------------------------------------------------------------
  data required time                                                19.49
  data arrival time                                                 -2.36
  --------------------------------------------------------------------------
  slack (MET)                                                       17.14


  Startpoint: Domain_1_TOP_U0/SYS_CTRL_U3/cur_state_reg[4]
              (rising edge-triggered flip-flop clocked by REF_CLK)
  Endpoint: Domain_1_TOP_U0/RegFile_U2/regArr_reg[4][7]
            (rising edge-triggered flip-flop clocked by REF_CLK)
  Path Group: REF_CLK
  Path Type: max

  Point                                                   Incr       Path
  --------------------------------------------------------------------------
  clock REF_CLK (rise edge)                               0.00       0.00
  clock network delay (ideal)                             0.00       0.00
  Domain_1_TOP_U0/SYS_CTRL_U3/cur_state_reg[4]/CK (DFFRQX2M)
                                                          0.00       0.00 r
  Domain_1_TOP_U0/SYS_CTRL_U3/cur_state_reg[4]/Q (DFFRQX2M)
                                                          0.52       0.52 f
  Domain_1_TOP_U0/SYS_CTRL_U3/U4/Y (NOR3X2M)              0.35       0.88 r
  Domain_1_TOP_U0/SYS_CTRL_U3/U33/Y (NAND2X2M)            0.24       1.11 f
  Domain_1_TOP_U0/SYS_CTRL_U3/U11/Y (AND3X2M)             0.26       1.38 f
  Domain_1_TOP_U0/SYS_CTRL_U3/U59/Y (OAI21X2M)            0.25       1.63 r
  Domain_1_TOP_U0/SYS_CTRL_U3/Address[0] (SYS_CTRL)       0.00       1.63 r
  Domain_1_TOP_U0/RegFile_U2/Address[0] (RegFile)         0.00       1.63 r
  Domain_1_TOP_U0/RegFile_U2/U51/Y (INVX2M)               0.11       1.73 f
  Domain_1_TOP_U0/RegFile_U2/U40/Y (AND2X2M)              0.21       1.95 f
  Domain_1_TOP_U0/RegFile_U2/U27/Y (NAND2X2M)             0.22       2.17 r
  Domain_1_TOP_U0/RegFile_U2/U146/Y (OAI2BB2X1M)          0.19       2.36 r
  Domain_1_TOP_U0/RegFile_U2/regArr_reg[4][7]/D (DFFRQX2M)
                                                          0.00       2.36 r
  data arrival time                                                  2.36

  clock REF_CLK (rise edge)                              20.00      20.00
  clock network delay (ideal)                             0.00      20.00
  clock uncertainty                                      -0.20      19.80
  Domain_1_TOP_U0/RegFile_U2/regArr_reg[4][7]/CK (DFFRQX2M)
                                                          0.00      19.80 r
  library setup time                                     -0.31      19.49
  data required time                                                19.49
  --------------------------------------------------------------------------
  data required time                                                19.49
  data arrival time                                                 -2.36
  --------------------------------------------------------------------------
  slack (MET)                                                       17.14


  Startpoint: Domain_1_TOP_U0/SYS_CTRL_U3/cur_state_reg[4]
              (rising edge-triggered flip-flop clocked by REF_CLK)
  Endpoint: Domain_1_TOP_U0/RegFile_U2/regArr_reg[4][6]
            (rising edge-triggered flip-flop clocked by REF_CLK)
  Path Group: REF_CLK
  Path Type: max

  Point                                                   Incr       Path
  --------------------------------------------------------------------------
  clock REF_CLK (rise edge)                               0.00       0.00
  clock network delay (ideal)                             0.00       0.00
  Domain_1_TOP_U0/SYS_CTRL_U3/cur_state_reg[4]/CK (DFFRQX2M)
                                                          0.00       0.00 r
  Domain_1_TOP_U0/SYS_CTRL_U3/cur_state_reg[4]/Q (DFFRQX2M)
                                                          0.52       0.52 f
  Domain_1_TOP_U0/SYS_CTRL_U3/U4/Y (NOR3X2M)              0.35       0.88 r
  Domain_1_TOP_U0/SYS_CTRL_U3/U33/Y (NAND2X2M)            0.24       1.11 f
  Domain_1_TOP_U0/SYS_CTRL_U3/U11/Y (AND3X2M)             0.26       1.38 f
  Domain_1_TOP_U0/SYS_CTRL_U3/U59/Y (OAI21X2M)            0.25       1.63 r
  Domain_1_TOP_U0/SYS_CTRL_U3/Address[0] (SYS_CTRL)       0.00       1.63 r
  Domain_1_TOP_U0/RegFile_U2/Address[0] (RegFile)         0.00       1.63 r
  Domain_1_TOP_U0/RegFile_U2/U51/Y (INVX2M)               0.11       1.73 f
  Domain_1_TOP_U0/RegFile_U2/U40/Y (AND2X2M)              0.21       1.95 f
  Domain_1_TOP_U0/RegFile_U2/U27/Y (NAND2X2M)             0.22       2.17 r
  Domain_1_TOP_U0/RegFile_U2/U145/Y (OAI2BB2X1M)          0.19       2.36 r
  Domain_1_TOP_U0/RegFile_U2/regArr_reg[4][6]/D (DFFRQX2M)
                                                          0.00       2.36 r
  data arrival time                                                  2.36

  clock REF_CLK (rise edge)                              20.00      20.00
  clock network delay (ideal)                             0.00      20.00
  clock uncertainty                                      -0.20      19.80
  Domain_1_TOP_U0/RegFile_U2/regArr_reg[4][6]/CK (DFFRQX2M)
                                                          0.00      19.80 r
  library setup time                                     -0.31      19.49
  data required time                                                19.49
  --------------------------------------------------------------------------
  data required time                                                19.49
  data arrival time                                                 -2.36
  --------------------------------------------------------------------------
  slack (MET)                                                       17.14


  Startpoint: Domain_1_TOP_U0/SYS_CTRL_U3/cur_state_reg[4]
              (rising edge-triggered flip-flop clocked by REF_CLK)
  Endpoint: Domain_1_TOP_U0/RegFile_U2/regArr_reg[4][5]
            (rising edge-triggered flip-flop clocked by REF_CLK)
  Path Group: REF_CLK
  Path Type: max

  Point                                                   Incr       Path
  --------------------------------------------------------------------------
  clock REF_CLK (rise edge)                               0.00       0.00
  clock network delay (ideal)                             0.00       0.00
  Domain_1_TOP_U0/SYS_CTRL_U3/cur_state_reg[4]/CK (DFFRQX2M)
                                                          0.00       0.00 r
  Domain_1_TOP_U0/SYS_CTRL_U3/cur_state_reg[4]/Q (DFFRQX2M)
                                                          0.52       0.52 f
  Domain_1_TOP_U0/SYS_CTRL_U3/U4/Y (NOR3X2M)              0.35       0.88 r
  Domain_1_TOP_U0/SYS_CTRL_U3/U33/Y (NAND2X2M)            0.24       1.11 f
  Domain_1_TOP_U0/SYS_CTRL_U3/U11/Y (AND3X2M)             0.26       1.38 f
  Domain_1_TOP_U0/SYS_CTRL_U3/U59/Y (OAI21X2M)            0.25       1.63 r
  Domain_1_TOP_U0/SYS_CTRL_U3/Address[0] (SYS_CTRL)       0.00       1.63 r
  Domain_1_TOP_U0/RegFile_U2/Address[0] (RegFile)         0.00       1.63 r
  Domain_1_TOP_U0/RegFile_U2/U51/Y (INVX2M)               0.11       1.73 f
  Domain_1_TOP_U0/RegFile_U2/U40/Y (AND2X2M)              0.21       1.95 f
  Domain_1_TOP_U0/RegFile_U2/U27/Y (NAND2X2M)             0.22       2.17 r
  Domain_1_TOP_U0/RegFile_U2/U144/Y (OAI2BB2X1M)          0.19       2.36 r
  Domain_1_TOP_U0/RegFile_U2/regArr_reg[4][5]/D (DFFRQX2M)
                                                          0.00       2.36 r
  data arrival time                                                  2.36

  clock REF_CLK (rise edge)                              20.00      20.00
  clock network delay (ideal)                             0.00      20.00
  clock uncertainty                                      -0.20      19.80
  Domain_1_TOP_U0/RegFile_U2/regArr_reg[4][5]/CK (DFFRQX2M)
                                                          0.00      19.80 r
  library setup time                                     -0.31      19.49
  data required time                                                19.49
  --------------------------------------------------------------------------
  data required time                                                19.49
  data arrival time                                                 -2.36
  --------------------------------------------------------------------------
  slack (MET)                                                       17.14


  Startpoint: Domain_1_TOP_U0/SYS_CTRL_U3/cur_state_reg[4]
              (rising edge-triggered flip-flop clocked by REF_CLK)
  Endpoint: Domain_1_TOP_U0/RegFile_U2/regArr_reg[4][4]
            (rising edge-triggered flip-flop clocked by REF_CLK)
  Path Group: REF_CLK
  Path Type: max

  Point                                                   Incr       Path
  --------------------------------------------------------------------------
  clock REF_CLK (rise edge)                               0.00       0.00
  clock network delay (ideal)                             0.00       0.00
  Domain_1_TOP_U0/SYS_CTRL_U3/cur_state_reg[4]/CK (DFFRQX2M)
                                                          0.00       0.00 r
  Domain_1_TOP_U0/SYS_CTRL_U3/cur_state_reg[4]/Q (DFFRQX2M)
                                                          0.52       0.52 f
  Domain_1_TOP_U0/SYS_CTRL_U3/U4/Y (NOR3X2M)              0.35       0.88 r
  Domain_1_TOP_U0/SYS_CTRL_U3/U33/Y (NAND2X2M)            0.24       1.11 f
  Domain_1_TOP_U0/SYS_CTRL_U3/U11/Y (AND3X2M)             0.26       1.38 f
  Domain_1_TOP_U0/SYS_CTRL_U3/U59/Y (OAI21X2M)            0.25       1.63 r
  Domain_1_TOP_U0/SYS_CTRL_U3/Address[0] (SYS_CTRL)       0.00       1.63 r
  Domain_1_TOP_U0/RegFile_U2/Address[0] (RegFile)         0.00       1.63 r
  Domain_1_TOP_U0/RegFile_U2/U51/Y (INVX2M)               0.11       1.73 f
  Domain_1_TOP_U0/RegFile_U2/U40/Y (AND2X2M)              0.21       1.95 f
  Domain_1_TOP_U0/RegFile_U2/U27/Y (NAND2X2M)             0.22       2.17 r
  Domain_1_TOP_U0/RegFile_U2/U143/Y (OAI2BB2X1M)          0.19       2.36 r
  Domain_1_TOP_U0/RegFile_U2/regArr_reg[4][4]/D (DFFRQX2M)
                                                          0.00       2.36 r
  data arrival time                                                  2.36

  clock REF_CLK (rise edge)                              20.00      20.00
  clock network delay (ideal)                             0.00      20.00
  clock uncertainty                                      -0.20      19.80
  Domain_1_TOP_U0/RegFile_U2/regArr_reg[4][4]/CK (DFFRQX2M)
                                                          0.00      19.80 r
  library setup time                                     -0.31      19.49
  data required time                                                19.49
  --------------------------------------------------------------------------
  data required time                                                19.49
  data arrival time                                                 -2.36
  --------------------------------------------------------------------------
  slack (MET)                                                       17.14


  Startpoint: Domain_1_TOP_U0/SYS_CTRL_U3/cur_state_reg[4]
              (rising edge-triggered flip-flop clocked by REF_CLK)
  Endpoint: Domain_1_TOP_U0/RegFile_U2/regArr_reg[4][3]
            (rising edge-triggered flip-flop clocked by REF_CLK)
  Path Group: REF_CLK
  Path Type: max

  Point                                                   Incr       Path
  --------------------------------------------------------------------------
  clock REF_CLK (rise edge)                               0.00       0.00
  clock network delay (ideal)                             0.00       0.00
  Domain_1_TOP_U0/SYS_CTRL_U3/cur_state_reg[4]/CK (DFFRQX2M)
                                                          0.00       0.00 r
  Domain_1_TOP_U0/SYS_CTRL_U3/cur_state_reg[4]/Q (DFFRQX2M)
                                                          0.52       0.52 f
  Domain_1_TOP_U0/SYS_CTRL_U3/U4/Y (NOR3X2M)              0.35       0.88 r
  Domain_1_TOP_U0/SYS_CTRL_U3/U33/Y (NAND2X2M)            0.24       1.11 f
  Domain_1_TOP_U0/SYS_CTRL_U3/U11/Y (AND3X2M)             0.26       1.38 f
  Domain_1_TOP_U0/SYS_CTRL_U3/U59/Y (OAI21X2M)            0.25       1.63 r
  Domain_1_TOP_U0/SYS_CTRL_U3/Address[0] (SYS_CTRL)       0.00       1.63 r
  Domain_1_TOP_U0/RegFile_U2/Address[0] (RegFile)         0.00       1.63 r
  Domain_1_TOP_U0/RegFile_U2/U51/Y (INVX2M)               0.11       1.73 f
  Domain_1_TOP_U0/RegFile_U2/U40/Y (AND2X2M)              0.21       1.95 f
  Domain_1_TOP_U0/RegFile_U2/U27/Y (NAND2X2M)             0.22       2.17 r
  Domain_1_TOP_U0/RegFile_U2/U142/Y (OAI2BB2X1M)          0.19       2.36 r
  Domain_1_TOP_U0/RegFile_U2/regArr_reg[4][3]/D (DFFRQX2M)
                                                          0.00       2.36 r
  data arrival time                                                  2.36

  clock REF_CLK (rise edge)                              20.00      20.00
  clock network delay (ideal)                             0.00      20.00
  clock uncertainty                                      -0.20      19.80
  Domain_1_TOP_U0/RegFile_U2/regArr_reg[4][3]/CK (DFFRQX2M)
                                                          0.00      19.80 r
  library setup time                                     -0.31      19.49
  data required time                                                19.49
  --------------------------------------------------------------------------
  data required time                                                19.49
  data arrival time                                                 -2.36
  --------------------------------------------------------------------------
  slack (MET)                                                       17.14


  Startpoint: Domain_1_TOP_U0/SYS_CTRL_U3/cur_state_reg[4]
              (rising edge-triggered flip-flop clocked by REF_CLK)
  Endpoint: Domain_1_TOP_U0/RegFile_U2/regArr_reg[4][2]
            (rising edge-triggered flip-flop clocked by REF_CLK)
  Path Group: REF_CLK
  Path Type: max

  Point                                                   Incr       Path
  --------------------------------------------------------------------------
  clock REF_CLK (rise edge)                               0.00       0.00
  clock network delay (ideal)                             0.00       0.00
  Domain_1_TOP_U0/SYS_CTRL_U3/cur_state_reg[4]/CK (DFFRQX2M)
                                                          0.00       0.00 r
  Domain_1_TOP_U0/SYS_CTRL_U3/cur_state_reg[4]/Q (DFFRQX2M)
                                                          0.52       0.52 f
  Domain_1_TOP_U0/SYS_CTRL_U3/U4/Y (NOR3X2M)              0.35       0.88 r
  Domain_1_TOP_U0/SYS_CTRL_U3/U33/Y (NAND2X2M)            0.24       1.11 f
  Domain_1_TOP_U0/SYS_CTRL_U3/U11/Y (AND3X2M)             0.26       1.38 f
  Domain_1_TOP_U0/SYS_CTRL_U3/U59/Y (OAI21X2M)            0.25       1.63 r
  Domain_1_TOP_U0/SYS_CTRL_U3/Address[0] (SYS_CTRL)       0.00       1.63 r
  Domain_1_TOP_U0/RegFile_U2/Address[0] (RegFile)         0.00       1.63 r
  Domain_1_TOP_U0/RegFile_U2/U51/Y (INVX2M)               0.11       1.73 f
  Domain_1_TOP_U0/RegFile_U2/U40/Y (AND2X2M)              0.21       1.95 f
  Domain_1_TOP_U0/RegFile_U2/U27/Y (NAND2X2M)             0.22       2.17 r
  Domain_1_TOP_U0/RegFile_U2/U141/Y (OAI2BB2X1M)          0.19       2.36 r
  Domain_1_TOP_U0/RegFile_U2/regArr_reg[4][2]/D (DFFRQX2M)
                                                          0.00       2.36 r
  data arrival time                                                  2.36

  clock REF_CLK (rise edge)                              20.00      20.00
  clock network delay (ideal)                             0.00      20.00
  clock uncertainty                                      -0.20      19.80
  Domain_1_TOP_U0/RegFile_U2/regArr_reg[4][2]/CK (DFFRQX2M)
                                                          0.00      19.80 r
  library setup time                                     -0.31      19.49
  data required time                                                19.49
  --------------------------------------------------------------------------
  data required time                                                19.49
  data arrival time                                                 -2.36
  --------------------------------------------------------------------------
  slack (MET)                                                       17.14


  Startpoint: Domain_1_TOP_U0/SYS_CTRL_U3/cur_state_reg[4]
              (rising edge-triggered flip-flop clocked by REF_CLK)
  Endpoint: Domain_1_TOP_U0/RegFile_U2/regArr_reg[4][1]
            (rising edge-triggered flip-flop clocked by REF_CLK)
  Path Group: REF_CLK
  Path Type: max

  Point                                                   Incr       Path
  --------------------------------------------------------------------------
  clock REF_CLK (rise edge)                               0.00       0.00
  clock network delay (ideal)                             0.00       0.00
  Domain_1_TOP_U0/SYS_CTRL_U3/cur_state_reg[4]/CK (DFFRQX2M)
                                                          0.00       0.00 r
  Domain_1_TOP_U0/SYS_CTRL_U3/cur_state_reg[4]/Q (DFFRQX2M)
                                                          0.52       0.52 f
  Domain_1_TOP_U0/SYS_CTRL_U3/U4/Y (NOR3X2M)              0.35       0.88 r
  Domain_1_TOP_U0/SYS_CTRL_U3/U33/Y (NAND2X2M)            0.24       1.11 f
  Domain_1_TOP_U0/SYS_CTRL_U3/U11/Y (AND3X2M)             0.26       1.38 f
  Domain_1_TOP_U0/SYS_CTRL_U3/U59/Y (OAI21X2M)            0.25       1.63 r
  Domain_1_TOP_U0/SYS_CTRL_U3/Address[0] (SYS_CTRL)       0.00       1.63 r
  Domain_1_TOP_U0/RegFile_U2/Address[0] (RegFile)         0.00       1.63 r
  Domain_1_TOP_U0/RegFile_U2/U51/Y (INVX2M)               0.11       1.73 f
  Domain_1_TOP_U0/RegFile_U2/U40/Y (AND2X2M)              0.21       1.95 f
  Domain_1_TOP_U0/RegFile_U2/U27/Y (NAND2X2M)             0.22       2.17 r
  Domain_1_TOP_U0/RegFile_U2/U140/Y (OAI2BB2X1M)          0.19       2.36 r
  Domain_1_TOP_U0/RegFile_U2/regArr_reg[4][1]/D (DFFRQX2M)
                                                          0.00       2.36 r
  data arrival time                                                  2.36

  clock REF_CLK (rise edge)                              20.00      20.00
  clock network delay (ideal)                             0.00      20.00
  clock uncertainty                                      -0.20      19.80
  Domain_1_TOP_U0/RegFile_U2/regArr_reg[4][1]/CK (DFFRQX2M)
                                                          0.00      19.80 r
  library setup time                                     -0.31      19.49
  data required time                                                19.49
  --------------------------------------------------------------------------
  data required time                                                19.49
  data arrival time                                                 -2.36
  --------------------------------------------------------------------------
  slack (MET)                                                       17.14


  Startpoint: Domain_1_TOP_U0/SYS_CTRL_U3/cur_state_reg[4]
              (rising edge-triggered flip-flop clocked by REF_CLK)
  Endpoint: Domain_1_TOP_U0/RegFile_U2/regArr_reg[4][0]
            (rising edge-triggered flip-flop clocked by REF_CLK)
  Path Group: REF_CLK
  Path Type: max

  Point                                                   Incr       Path
  --------------------------------------------------------------------------
  clock REF_CLK (rise edge)                               0.00       0.00
  clock network delay (ideal)                             0.00       0.00
  Domain_1_TOP_U0/SYS_CTRL_U3/cur_state_reg[4]/CK (DFFRQX2M)
                                                          0.00       0.00 r
  Domain_1_TOP_U0/SYS_CTRL_U3/cur_state_reg[4]/Q (DFFRQX2M)
                                                          0.52       0.52 f
  Domain_1_TOP_U0/SYS_CTRL_U3/U4/Y (NOR3X2M)              0.35       0.88 r
  Domain_1_TOP_U0/SYS_CTRL_U3/U33/Y (NAND2X2M)            0.24       1.11 f
  Domain_1_TOP_U0/SYS_CTRL_U3/U11/Y (AND3X2M)             0.26       1.38 f
  Domain_1_TOP_U0/SYS_CTRL_U3/U59/Y (OAI21X2M)            0.25       1.63 r
  Domain_1_TOP_U0/SYS_CTRL_U3/Address[0] (SYS_CTRL)       0.00       1.63 r
  Domain_1_TOP_U0/RegFile_U2/Address[0] (RegFile)         0.00       1.63 r
  Domain_1_TOP_U0/RegFile_U2/U51/Y (INVX2M)               0.11       1.73 f
  Domain_1_TOP_U0/RegFile_U2/U40/Y (AND2X2M)              0.21       1.95 f
  Domain_1_TOP_U0/RegFile_U2/U27/Y (NAND2X2M)             0.22       2.17 r
  Domain_1_TOP_U0/RegFile_U2/U139/Y (OAI2BB2X1M)          0.19       2.36 r
  Domain_1_TOP_U0/RegFile_U2/regArr_reg[4][0]/D (DFFRQX2M)
                                                          0.00       2.36 r
  data arrival time                                                  2.36

  clock REF_CLK (rise edge)                              20.00      20.00
  clock network delay (ideal)                             0.00      20.00
  clock uncertainty                                      -0.20      19.80
  Domain_1_TOP_U0/RegFile_U2/regArr_reg[4][0]/CK (DFFRQX2M)
                                                          0.00      19.80 r
  library setup time                                     -0.31      19.49
  data required time                                                19.49
  --------------------------------------------------------------------------
  data required time                                                19.49
  data arrival time                                                 -2.36
  --------------------------------------------------------------------------
  slack (MET)                                                       17.14


  Startpoint: Domain_1_TOP_U0/SYS_CTRL_U3/cur_state_reg[4]
              (rising edge-triggered flip-flop clocked by REF_CLK)
  Endpoint: Domain_1_TOP_U0/RegFile_U2/regArr_reg[10][7]
            (rising edge-triggered flip-flop clocked by REF_CLK)
  Path Group: REF_CLK
  Path Type: max

  Point                                                   Incr       Path
  --------------------------------------------------------------------------
  clock REF_CLK (rise edge)                               0.00       0.00
  clock network delay (ideal)                             0.00       0.00
  Domain_1_TOP_U0/SYS_CTRL_U3/cur_state_reg[4]/CK (DFFRQX2M)
                                                          0.00       0.00 r
  Domain_1_TOP_U0/SYS_CTRL_U3/cur_state_reg[4]/Q (DFFRQX2M)
                                                          0.52       0.52 f
  Domain_1_TOP_U0/SYS_CTRL_U3/U4/Y (NOR3X2M)              0.35       0.88 r
  Domain_1_TOP_U0/SYS_CTRL_U3/U33/Y (NAND2X2M)            0.24       1.11 f
  Domain_1_TOP_U0/SYS_CTRL_U3/U11/Y (AND3X2M)             0.26       1.38 f
  Domain_1_TOP_U0/SYS_CTRL_U3/U59/Y (OAI21X2M)            0.25       1.63 r
  Domain_1_TOP_U0/SYS_CTRL_U3/Address[0] (SYS_CTRL)       0.00       1.63 r
  Domain_1_TOP_U0/RegFile_U2/Address[0] (RegFile)         0.00       1.63 r
  Domain_1_TOP_U0/RegFile_U2/U51/Y (INVX2M)               0.11       1.73 f
  Domain_1_TOP_U0/RegFile_U2/U41/Y (AND2X2M)              0.22       1.95 f
  Domain_1_TOP_U0/RegFile_U2/U33/Y (NAND2X2M)             0.21       2.16 r
  Domain_1_TOP_U0/RegFile_U2/U130/Y (OAI2BB2X1M)          0.19       2.35 r
  Domain_1_TOP_U0/RegFile_U2/regArr_reg[10][7]/D (DFFRQX2M)
                                                          0.00       2.35 r
  data arrival time                                                  2.35

  clock REF_CLK (rise edge)                              20.00      20.00
  clock network delay (ideal)                             0.00      20.00
  clock uncertainty                                      -0.20      19.80
  Domain_1_TOP_U0/RegFile_U2/regArr_reg[10][7]/CK (DFFRQX2M)
                                                          0.00      19.80 r
  library setup time                                     -0.31      19.49
  data required time                                                19.49
  --------------------------------------------------------------------------
  data required time                                                19.49
  data arrival time                                                 -2.35
  --------------------------------------------------------------------------
  slack (MET)                                                       17.14


  Startpoint: Domain_1_TOP_U0/SYS_CTRL_U3/cur_state_reg[4]
              (rising edge-triggered flip-flop clocked by REF_CLK)
  Endpoint: Domain_1_TOP_U0/RegFile_U2/regArr_reg[10][6]
            (rising edge-triggered flip-flop clocked by REF_CLK)
  Path Group: REF_CLK
  Path Type: max

  Point                                                   Incr       Path
  --------------------------------------------------------------------------
  clock REF_CLK (rise edge)                               0.00       0.00
  clock network delay (ideal)                             0.00       0.00
  Domain_1_TOP_U0/SYS_CTRL_U3/cur_state_reg[4]/CK (DFFRQX2M)
                                                          0.00       0.00 r
  Domain_1_TOP_U0/SYS_CTRL_U3/cur_state_reg[4]/Q (DFFRQX2M)
                                                          0.52       0.52 f
  Domain_1_TOP_U0/SYS_CTRL_U3/U4/Y (NOR3X2M)              0.35       0.88 r
  Domain_1_TOP_U0/SYS_CTRL_U3/U33/Y (NAND2X2M)            0.24       1.11 f
  Domain_1_TOP_U0/SYS_CTRL_U3/U11/Y (AND3X2M)             0.26       1.38 f
  Domain_1_TOP_U0/SYS_CTRL_U3/U59/Y (OAI21X2M)            0.25       1.63 r
  Domain_1_TOP_U0/SYS_CTRL_U3/Address[0] (SYS_CTRL)       0.00       1.63 r
  Domain_1_TOP_U0/RegFile_U2/Address[0] (RegFile)         0.00       1.63 r
  Domain_1_TOP_U0/RegFile_U2/U51/Y (INVX2M)               0.11       1.73 f
  Domain_1_TOP_U0/RegFile_U2/U41/Y (AND2X2M)              0.22       1.95 f
  Domain_1_TOP_U0/RegFile_U2/U33/Y (NAND2X2M)             0.21       2.16 r
  Domain_1_TOP_U0/RegFile_U2/U129/Y (OAI2BB2X1M)          0.19       2.35 r
  Domain_1_TOP_U0/RegFile_U2/regArr_reg[10][6]/D (DFFRQX2M)
                                                          0.00       2.35 r
  data arrival time                                                  2.35

  clock REF_CLK (rise edge)                              20.00      20.00
  clock network delay (ideal)                             0.00      20.00
  clock uncertainty                                      -0.20      19.80
  Domain_1_TOP_U0/RegFile_U2/regArr_reg[10][6]/CK (DFFRQX2M)
                                                          0.00      19.80 r
  library setup time                                     -0.31      19.49
  data required time                                                19.49
  --------------------------------------------------------------------------
  data required time                                                19.49
  data arrival time                                                 -2.35
  --------------------------------------------------------------------------
  slack (MET)                                                       17.14


  Startpoint: Domain_1_TOP_U0/SYS_CTRL_U3/cur_state_reg[4]
              (rising edge-triggered flip-flop clocked by REF_CLK)
  Endpoint: Domain_1_TOP_U0/RegFile_U2/regArr_reg[10][5]
            (rising edge-triggered flip-flop clocked by REF_CLK)
  Path Group: REF_CLK
  Path Type: max

  Point                                                   Incr       Path
  --------------------------------------------------------------------------
  clock REF_CLK (rise edge)                               0.00       0.00
  clock network delay (ideal)                             0.00       0.00
  Domain_1_TOP_U0/SYS_CTRL_U3/cur_state_reg[4]/CK (DFFRQX2M)
                                                          0.00       0.00 r
  Domain_1_TOP_U0/SYS_CTRL_U3/cur_state_reg[4]/Q (DFFRQX2M)
                                                          0.52       0.52 f
  Domain_1_TOP_U0/SYS_CTRL_U3/U4/Y (NOR3X2M)              0.35       0.88 r
  Domain_1_TOP_U0/SYS_CTRL_U3/U33/Y (NAND2X2M)            0.24       1.11 f
  Domain_1_TOP_U0/SYS_CTRL_U3/U11/Y (AND3X2M)             0.26       1.38 f
  Domain_1_TOP_U0/SYS_CTRL_U3/U59/Y (OAI21X2M)            0.25       1.63 r
  Domain_1_TOP_U0/SYS_CTRL_U3/Address[0] (SYS_CTRL)       0.00       1.63 r
  Domain_1_TOP_U0/RegFile_U2/Address[0] (RegFile)         0.00       1.63 r
  Domain_1_TOP_U0/RegFile_U2/U51/Y (INVX2M)               0.11       1.73 f
  Domain_1_TOP_U0/RegFile_U2/U41/Y (AND2X2M)              0.22       1.95 f
  Domain_1_TOP_U0/RegFile_U2/U33/Y (NAND2X2M)             0.21       2.16 r
  Domain_1_TOP_U0/RegFile_U2/U128/Y (OAI2BB2X1M)          0.19       2.35 r
  Domain_1_TOP_U0/RegFile_U2/regArr_reg[10][5]/D (DFFRQX2M)
                                                          0.00       2.35 r
  data arrival time                                                  2.35

  clock REF_CLK (rise edge)                              20.00      20.00
  clock network delay (ideal)                             0.00      20.00
  clock uncertainty                                      -0.20      19.80
  Domain_1_TOP_U0/RegFile_U2/regArr_reg[10][5]/CK (DFFRQX2M)
                                                          0.00      19.80 r
  library setup time                                     -0.31      19.49
  data required time                                                19.49
  --------------------------------------------------------------------------
  data required time                                                19.49
  data arrival time                                                 -2.35
  --------------------------------------------------------------------------
  slack (MET)                                                       17.14


  Startpoint: Domain_1_TOP_U0/SYS_CTRL_U3/cur_state_reg[4]
              (rising edge-triggered flip-flop clocked by REF_CLK)
  Endpoint: Domain_1_TOP_U0/RegFile_U2/regArr_reg[10][4]
            (rising edge-triggered flip-flop clocked by REF_CLK)
  Path Group: REF_CLK
  Path Type: max

  Point                                                   Incr       Path
  --------------------------------------------------------------------------
  clock REF_CLK (rise edge)                               0.00       0.00
  clock network delay (ideal)                             0.00       0.00
  Domain_1_TOP_U0/SYS_CTRL_U3/cur_state_reg[4]/CK (DFFRQX2M)
                                                          0.00       0.00 r
  Domain_1_TOP_U0/SYS_CTRL_U3/cur_state_reg[4]/Q (DFFRQX2M)
                                                          0.52       0.52 f
  Domain_1_TOP_U0/SYS_CTRL_U3/U4/Y (NOR3X2M)              0.35       0.88 r
  Domain_1_TOP_U0/SYS_CTRL_U3/U33/Y (NAND2X2M)            0.24       1.11 f
  Domain_1_TOP_U0/SYS_CTRL_U3/U11/Y (AND3X2M)             0.26       1.38 f
  Domain_1_TOP_U0/SYS_CTRL_U3/U59/Y (OAI21X2M)            0.25       1.63 r
  Domain_1_TOP_U0/SYS_CTRL_U3/Address[0] (SYS_CTRL)       0.00       1.63 r
  Domain_1_TOP_U0/RegFile_U2/Address[0] (RegFile)         0.00       1.63 r
  Domain_1_TOP_U0/RegFile_U2/U51/Y (INVX2M)               0.11       1.73 f
  Domain_1_TOP_U0/RegFile_U2/U41/Y (AND2X2M)              0.22       1.95 f
  Domain_1_TOP_U0/RegFile_U2/U33/Y (NAND2X2M)             0.21       2.16 r
  Domain_1_TOP_U0/RegFile_U2/U127/Y (OAI2BB2X1M)          0.19       2.35 r
  Domain_1_TOP_U0/RegFile_U2/regArr_reg[10][4]/D (DFFRQX2M)
                                                          0.00       2.35 r
  data arrival time                                                  2.35

  clock REF_CLK (rise edge)                              20.00      20.00
  clock network delay (ideal)                             0.00      20.00
  clock uncertainty                                      -0.20      19.80
  Domain_1_TOP_U0/RegFile_U2/regArr_reg[10][4]/CK (DFFRQX2M)
                                                          0.00      19.80 r
  library setup time                                     -0.31      19.49
  data required time                                                19.49
  --------------------------------------------------------------------------
  data required time                                                19.49
  data arrival time                                                 -2.35
  --------------------------------------------------------------------------
  slack (MET)                                                       17.14


  Startpoint: Domain_1_TOP_U0/SYS_CTRL_U3/cur_state_reg[4]
              (rising edge-triggered flip-flop clocked by REF_CLK)
  Endpoint: Domain_1_TOP_U0/RegFile_U2/regArr_reg[10][3]
            (rising edge-triggered flip-flop clocked by REF_CLK)
  Path Group: REF_CLK
  Path Type: max

  Point                                                   Incr       Path
  --------------------------------------------------------------------------
  clock REF_CLK (rise edge)                               0.00       0.00
  clock network delay (ideal)                             0.00       0.00
  Domain_1_TOP_U0/SYS_CTRL_U3/cur_state_reg[4]/CK (DFFRQX2M)
                                                          0.00       0.00 r
  Domain_1_TOP_U0/SYS_CTRL_U3/cur_state_reg[4]/Q (DFFRQX2M)
                                                          0.52       0.52 f
  Domain_1_TOP_U0/SYS_CTRL_U3/U4/Y (NOR3X2M)              0.35       0.88 r
  Domain_1_TOP_U0/SYS_CTRL_U3/U33/Y (NAND2X2M)            0.24       1.11 f
  Domain_1_TOP_U0/SYS_CTRL_U3/U11/Y (AND3X2M)             0.26       1.38 f
  Domain_1_TOP_U0/SYS_CTRL_U3/U59/Y (OAI21X2M)            0.25       1.63 r
  Domain_1_TOP_U0/SYS_CTRL_U3/Address[0] (SYS_CTRL)       0.00       1.63 r
  Domain_1_TOP_U0/RegFile_U2/Address[0] (RegFile)         0.00       1.63 r
  Domain_1_TOP_U0/RegFile_U2/U51/Y (INVX2M)               0.11       1.73 f
  Domain_1_TOP_U0/RegFile_U2/U41/Y (AND2X2M)              0.22       1.95 f
  Domain_1_TOP_U0/RegFile_U2/U33/Y (NAND2X2M)             0.21       2.16 r
  Domain_1_TOP_U0/RegFile_U2/U126/Y (OAI2BB2X1M)          0.19       2.35 r
  Domain_1_TOP_U0/RegFile_U2/regArr_reg[10][3]/D (DFFRQX2M)
                                                          0.00       2.35 r
  data arrival time                                                  2.35

  clock REF_CLK (rise edge)                              20.00      20.00
  clock network delay (ideal)                             0.00      20.00
  clock uncertainty                                      -0.20      19.80
  Domain_1_TOP_U0/RegFile_U2/regArr_reg[10][3]/CK (DFFRQX2M)
                                                          0.00      19.80 r
  library setup time                                     -0.31      19.49
  data required time                                                19.49
  --------------------------------------------------------------------------
  data required time                                                19.49
  data arrival time                                                 -2.35
  --------------------------------------------------------------------------
  slack (MET)                                                       17.14


  Startpoint: Domain_1_TOP_U0/SYS_CTRL_U3/cur_state_reg[4]
              (rising edge-triggered flip-flop clocked by REF_CLK)
  Endpoint: Domain_1_TOP_U0/RegFile_U2/regArr_reg[10][2]
            (rising edge-triggered flip-flop clocked by REF_CLK)
  Path Group: REF_CLK
  Path Type: max

  Point                                                   Incr       Path
  --------------------------------------------------------------------------
  clock REF_CLK (rise edge)                               0.00       0.00
  clock network delay (ideal)                             0.00       0.00
  Domain_1_TOP_U0/SYS_CTRL_U3/cur_state_reg[4]/CK (DFFRQX2M)
                                                          0.00       0.00 r
  Domain_1_TOP_U0/SYS_CTRL_U3/cur_state_reg[4]/Q (DFFRQX2M)
                                                          0.52       0.52 f
  Domain_1_TOP_U0/SYS_CTRL_U3/U4/Y (NOR3X2M)              0.35       0.88 r
  Domain_1_TOP_U0/SYS_CTRL_U3/U33/Y (NAND2X2M)            0.24       1.11 f
  Domain_1_TOP_U0/SYS_CTRL_U3/U11/Y (AND3X2M)             0.26       1.38 f
  Domain_1_TOP_U0/SYS_CTRL_U3/U59/Y (OAI21X2M)            0.25       1.63 r
  Domain_1_TOP_U0/SYS_CTRL_U3/Address[0] (SYS_CTRL)       0.00       1.63 r
  Domain_1_TOP_U0/RegFile_U2/Address[0] (RegFile)         0.00       1.63 r
  Domain_1_TOP_U0/RegFile_U2/U51/Y (INVX2M)               0.11       1.73 f
  Domain_1_TOP_U0/RegFile_U2/U41/Y (AND2X2M)              0.22       1.95 f
  Domain_1_TOP_U0/RegFile_U2/U33/Y (NAND2X2M)             0.21       2.16 r
  Domain_1_TOP_U0/RegFile_U2/U125/Y (OAI2BB2X1M)          0.19       2.35 r
  Domain_1_TOP_U0/RegFile_U2/regArr_reg[10][2]/D (DFFRQX2M)
                                                          0.00       2.35 r
  data arrival time                                                  2.35

  clock REF_CLK (rise edge)                              20.00      20.00
  clock network delay (ideal)                             0.00      20.00
  clock uncertainty                                      -0.20      19.80
  Domain_1_TOP_U0/RegFile_U2/regArr_reg[10][2]/CK (DFFRQX2M)
                                                          0.00      19.80 r
  library setup time                                     -0.31      19.49
  data required time                                                19.49
  --------------------------------------------------------------------------
  data required time                                                19.49
  data arrival time                                                 -2.35
  --------------------------------------------------------------------------
  slack (MET)                                                       17.14


  Startpoint: Domain_1_TOP_U0/SYS_CTRL_U3/cur_state_reg[4]
              (rising edge-triggered flip-flop clocked by REF_CLK)
  Endpoint: Domain_1_TOP_U0/RegFile_U2/regArr_reg[10][1]
            (rising edge-triggered flip-flop clocked by REF_CLK)
  Path Group: REF_CLK
  Path Type: max

  Point                                                   Incr       Path
  --------------------------------------------------------------------------
  clock REF_CLK (rise edge)                               0.00       0.00
  clock network delay (ideal)                             0.00       0.00
  Domain_1_TOP_U0/SYS_CTRL_U3/cur_state_reg[4]/CK (DFFRQX2M)
                                                          0.00       0.00 r
  Domain_1_TOP_U0/SYS_CTRL_U3/cur_state_reg[4]/Q (DFFRQX2M)
                                                          0.52       0.52 f
  Domain_1_TOP_U0/SYS_CTRL_U3/U4/Y (NOR3X2M)              0.35       0.88 r
  Domain_1_TOP_U0/SYS_CTRL_U3/U33/Y (NAND2X2M)            0.24       1.11 f
  Domain_1_TOP_U0/SYS_CTRL_U3/U11/Y (AND3X2M)             0.26       1.38 f
  Domain_1_TOP_U0/SYS_CTRL_U3/U59/Y (OAI21X2M)            0.25       1.63 r
  Domain_1_TOP_U0/SYS_CTRL_U3/Address[0] (SYS_CTRL)       0.00       1.63 r
  Domain_1_TOP_U0/RegFile_U2/Address[0] (RegFile)         0.00       1.63 r
  Domain_1_TOP_U0/RegFile_U2/U51/Y (INVX2M)               0.11       1.73 f
  Domain_1_TOP_U0/RegFile_U2/U41/Y (AND2X2M)              0.22       1.95 f
  Domain_1_TOP_U0/RegFile_U2/U33/Y (NAND2X2M)             0.21       2.16 r
  Domain_1_TOP_U0/RegFile_U2/U124/Y (OAI2BB2X1M)          0.19       2.35 r
  Domain_1_TOP_U0/RegFile_U2/regArr_reg[10][1]/D (DFFRQX2M)
                                                          0.00       2.35 r
  data arrival time                                                  2.35

  clock REF_CLK (rise edge)                              20.00      20.00
  clock network delay (ideal)                             0.00      20.00
  clock uncertainty                                      -0.20      19.80
  Domain_1_TOP_U0/RegFile_U2/regArr_reg[10][1]/CK (DFFRQX2M)
                                                          0.00      19.80 r
  library setup time                                     -0.31      19.49
  data required time                                                19.49
  --------------------------------------------------------------------------
  data required time                                                19.49
  data arrival time                                                 -2.35
  --------------------------------------------------------------------------
  slack (MET)                                                       17.14


  Startpoint: Domain_1_TOP_U0/SYS_CTRL_U3/cur_state_reg[4]
              (rising edge-triggered flip-flop clocked by REF_CLK)
  Endpoint: Domain_1_TOP_U0/RegFile_U2/regArr_reg[10][0]
            (rising edge-triggered flip-flop clocked by REF_CLK)
  Path Group: REF_CLK
  Path Type: max

  Point                                                   Incr       Path
  --------------------------------------------------------------------------
  clock REF_CLK (rise edge)                               0.00       0.00
  clock network delay (ideal)                             0.00       0.00
  Domain_1_TOP_U0/SYS_CTRL_U3/cur_state_reg[4]/CK (DFFRQX2M)
                                                          0.00       0.00 r
  Domain_1_TOP_U0/SYS_CTRL_U3/cur_state_reg[4]/Q (DFFRQX2M)
                                                          0.52       0.52 f
  Domain_1_TOP_U0/SYS_CTRL_U3/U4/Y (NOR3X2M)              0.35       0.88 r
  Domain_1_TOP_U0/SYS_CTRL_U3/U33/Y (NAND2X2M)            0.24       1.11 f
  Domain_1_TOP_U0/SYS_CTRL_U3/U11/Y (AND3X2M)             0.26       1.38 f
  Domain_1_TOP_U0/SYS_CTRL_U3/U59/Y (OAI21X2M)            0.25       1.63 r
  Domain_1_TOP_U0/SYS_CTRL_U3/Address[0] (SYS_CTRL)       0.00       1.63 r
  Domain_1_TOP_U0/RegFile_U2/Address[0] (RegFile)         0.00       1.63 r
  Domain_1_TOP_U0/RegFile_U2/U51/Y (INVX2M)               0.11       1.73 f
  Domain_1_TOP_U0/RegFile_U2/U41/Y (AND2X2M)              0.22       1.95 f
  Domain_1_TOP_U0/RegFile_U2/U33/Y (NAND2X2M)             0.21       2.16 r
  Domain_1_TOP_U0/RegFile_U2/U123/Y (OAI2BB2X1M)          0.19       2.35 r
  Domain_1_TOP_U0/RegFile_U2/regArr_reg[10][0]/D (DFFRQX2M)
                                                          0.00       2.35 r
  data arrival time                                                  2.35

  clock REF_CLK (rise edge)                              20.00      20.00
  clock network delay (ideal)                             0.00      20.00
  clock uncertainty                                      -0.20      19.80
  Domain_1_TOP_U0/RegFile_U2/regArr_reg[10][0]/CK (DFFRQX2M)
                                                          0.00      19.80 r
  library setup time                                     -0.31      19.49
  data required time                                                19.49
  --------------------------------------------------------------------------
  data required time                                                19.49
  data arrival time                                                 -2.35
  --------------------------------------------------------------------------
  slack (MET)                                                       17.14


  Startpoint: Domain_1_TOP_U0/SYS_CTRL_U3/cur_state_reg[4]
              (rising edge-triggered flip-flop clocked by REF_CLK)
  Endpoint: Domain_1_TOP_U0/RegFile_U2/regArr_reg[8][2]
            (rising edge-triggered flip-flop clocked by REF_CLK)
  Path Group: REF_CLK
  Path Type: max

  Point                                                   Incr       Path
  --------------------------------------------------------------------------
  clock REF_CLK (rise edge)                               0.00       0.00
  clock network delay (ideal)                             0.00       0.00
  Domain_1_TOP_U0/SYS_CTRL_U3/cur_state_reg[4]/CK (DFFRQX2M)
                                                          0.00       0.00 r
  Domain_1_TOP_U0/SYS_CTRL_U3/cur_state_reg[4]/Q (DFFRQX2M)
                                                          0.52       0.52 f
  Domain_1_TOP_U0/SYS_CTRL_U3/U4/Y (NOR3X2M)              0.35       0.88 r
  Domain_1_TOP_U0/SYS_CTRL_U3/U33/Y (NAND2X2M)            0.24       1.11 f
  Domain_1_TOP_U0/SYS_CTRL_U3/U11/Y (AND3X2M)             0.26       1.38 f
  Domain_1_TOP_U0/SYS_CTRL_U3/U59/Y (OAI21X2M)            0.25       1.63 r
  Domain_1_TOP_U0/SYS_CTRL_U3/Address[0] (SYS_CTRL)       0.00       1.63 r
  Domain_1_TOP_U0/RegFile_U2/Address[0] (RegFile)         0.00       1.63 r
  Domain_1_TOP_U0/RegFile_U2/U51/Y (INVX2M)               0.11       1.73 f
  Domain_1_TOP_U0/RegFile_U2/U41/Y (AND2X2M)              0.22       1.95 f
  Domain_1_TOP_U0/RegFile_U2/U31/Y (NAND2X2M)             0.21       2.16 r
  Domain_1_TOP_U0/RegFile_U2/U109/Y (OAI2BB2X1M)          0.19       2.35 r
  Domain_1_TOP_U0/RegFile_U2/regArr_reg[8][2]/D (DFFRQX2M)
                                                          0.00       2.35 r
  data arrival time                                                  2.35

  clock REF_CLK (rise edge)                              20.00      20.00
  clock network delay (ideal)                             0.00      20.00
  clock uncertainty                                      -0.20      19.80
  Domain_1_TOP_U0/RegFile_U2/regArr_reg[8][2]/CK (DFFRQX2M)
                                                          0.00      19.80 r
  library setup time                                     -0.31      19.49
  data required time                                                19.49
  --------------------------------------------------------------------------
  data required time                                                19.49
  data arrival time                                                 -2.35
  --------------------------------------------------------------------------
  slack (MET)                                                       17.14


  Startpoint: Domain_1_TOP_U0/SYS_CTRL_U3/cur_state_reg[4]
              (rising edge-triggered flip-flop clocked by REF_CLK)
  Endpoint: Domain_1_TOP_U0/RegFile_U2/regArr_reg[8][1]
            (rising edge-triggered flip-flop clocked by REF_CLK)
  Path Group: REF_CLK
  Path Type: max

  Point                                                   Incr       Path
  --------------------------------------------------------------------------
  clock REF_CLK (rise edge)                               0.00       0.00
  clock network delay (ideal)                             0.00       0.00
  Domain_1_TOP_U0/SYS_CTRL_U3/cur_state_reg[4]/CK (DFFRQX2M)
                                                          0.00       0.00 r
  Domain_1_TOP_U0/SYS_CTRL_U3/cur_state_reg[4]/Q (DFFRQX2M)
                                                          0.52       0.52 f
  Domain_1_TOP_U0/SYS_CTRL_U3/U4/Y (NOR3X2M)              0.35       0.88 r
  Domain_1_TOP_U0/SYS_CTRL_U3/U33/Y (NAND2X2M)            0.24       1.11 f
  Domain_1_TOP_U0/SYS_CTRL_U3/U11/Y (AND3X2M)             0.26       1.38 f
  Domain_1_TOP_U0/SYS_CTRL_U3/U59/Y (OAI21X2M)            0.25       1.63 r
  Domain_1_TOP_U0/SYS_CTRL_U3/Address[0] (SYS_CTRL)       0.00       1.63 r
  Domain_1_TOP_U0/RegFile_U2/Address[0] (RegFile)         0.00       1.63 r
  Domain_1_TOP_U0/RegFile_U2/U51/Y (INVX2M)               0.11       1.73 f
  Domain_1_TOP_U0/RegFile_U2/U41/Y (AND2X2M)              0.22       1.95 f
  Domain_1_TOP_U0/RegFile_U2/U31/Y (NAND2X2M)             0.21       2.16 r
  Domain_1_TOP_U0/RegFile_U2/U108/Y (OAI2BB2X1M)          0.19       2.35 r
  Domain_1_TOP_U0/RegFile_U2/regArr_reg[8][1]/D (DFFRQX2M)
                                                          0.00       2.35 r
  data arrival time                                                  2.35

  clock REF_CLK (rise edge)                              20.00      20.00
  clock network delay (ideal)                             0.00      20.00
  clock uncertainty                                      -0.20      19.80
  Domain_1_TOP_U0/RegFile_U2/regArr_reg[8][1]/CK (DFFRQX2M)
                                                          0.00      19.80 r
  library setup time                                     -0.31      19.49
  data required time                                                19.49
  --------------------------------------------------------------------------
  data required time                                                19.49
  data arrival time                                                 -2.35
  --------------------------------------------------------------------------
  slack (MET)                                                       17.14


  Startpoint: Domain_1_TOP_U0/SYS_CTRL_U3/cur_state_reg[4]
              (rising edge-triggered flip-flop clocked by REF_CLK)
  Endpoint: Domain_1_TOP_U0/RegFile_U2/regArr_reg[8][0]
            (rising edge-triggered flip-flop clocked by REF_CLK)
  Path Group: REF_CLK
  Path Type: max

  Point                                                   Incr       Path
  --------------------------------------------------------------------------
  clock REF_CLK (rise edge)                               0.00       0.00
  clock network delay (ideal)                             0.00       0.00
  Domain_1_TOP_U0/SYS_CTRL_U3/cur_state_reg[4]/CK (DFFRQX2M)
                                                          0.00       0.00 r
  Domain_1_TOP_U0/SYS_CTRL_U3/cur_state_reg[4]/Q (DFFRQX2M)
                                                          0.52       0.52 f
  Domain_1_TOP_U0/SYS_CTRL_U3/U4/Y (NOR3X2M)              0.35       0.88 r
  Domain_1_TOP_U0/SYS_CTRL_U3/U33/Y (NAND2X2M)            0.24       1.11 f
  Domain_1_TOP_U0/SYS_CTRL_U3/U11/Y (AND3X2M)             0.26       1.38 f
  Domain_1_TOP_U0/SYS_CTRL_U3/U59/Y (OAI21X2M)            0.25       1.63 r
  Domain_1_TOP_U0/SYS_CTRL_U3/Address[0] (SYS_CTRL)       0.00       1.63 r
  Domain_1_TOP_U0/RegFile_U2/Address[0] (RegFile)         0.00       1.63 r
  Domain_1_TOP_U0/RegFile_U2/U51/Y (INVX2M)               0.11       1.73 f
  Domain_1_TOP_U0/RegFile_U2/U41/Y (AND2X2M)              0.22       1.95 f
  Domain_1_TOP_U0/RegFile_U2/U31/Y (NAND2X2M)             0.21       2.16 r
  Domain_1_TOP_U0/RegFile_U2/U107/Y (OAI2BB2X1M)          0.19       2.35 r
  Domain_1_TOP_U0/RegFile_U2/regArr_reg[8][0]/D (DFFRQX2M)
                                                          0.00       2.35 r
  data arrival time                                                  2.35

  clock REF_CLK (rise edge)                              20.00      20.00
  clock network delay (ideal)                             0.00      20.00
  clock uncertainty                                      -0.20      19.80
  Domain_1_TOP_U0/RegFile_U2/regArr_reg[8][0]/CK (DFFRQX2M)
                                                          0.00      19.80 r
  library setup time                                     -0.31      19.49
  data required time                                                19.49
  --------------------------------------------------------------------------
  data required time                                                19.49
  data arrival time                                                 -2.35
  --------------------------------------------------------------------------
  slack (MET)                                                       17.14


  Startpoint: Domain_2_TOP_U1/UART_U0/U1/U3/P_DATA_reg[5]
              (rising edge-triggered flip-flop clocked by RX_CLK)
  Endpoint: parity_error
            (output port clocked by UART_CLK)
  Path Group: REGOUT
  Path Type: max

  Point                                                   Incr       Path
  --------------------------------------------------------------------------
  clock RX_CLK (rise edge)                                0.00       0.00
  clock network delay (ideal)                             0.00       0.00
  Domain_2_TOP_U1/UART_U0/U1/U3/P_DATA_reg[5]/CK (DFFRQX2M)
                                                          0.00       0.00 r
  Domain_2_TOP_U1/UART_U0/U1/U3/P_DATA_reg[5]/Q (DFFRQX2M)
                                                          0.47       0.47 f
  Domain_2_TOP_U1/UART_U0/U1/U3/P_DATA[5] (desrializer)
                                                          0.00       0.47 f
  Domain_2_TOP_U1/UART_U0/U1/U6/P_DATA[5] (Parity_Checker)
                                                          0.00       0.47 f
  Domain_2_TOP_U1/UART_U0/U1/U6/U6/Y (XOR3XLM)            0.50       0.97 f
  Domain_2_TOP_U1/UART_U0/U1/U6/U4/Y (XOR3XLM)            0.57       1.53 f
  Domain_2_TOP_U1/UART_U0/U1/U6/U3/Y (NOR2BX4M)           0.69       2.22 r
  Domain_2_TOP_U1/UART_U0/U1/U6/par_err (Parity_Checker)
                                                          0.00       2.22 r
  Domain_2_TOP_U1/UART_U0/U1/par_err (TOP_RX)             0.00       2.22 r
  Domain_2_TOP_U1/UART_U0/par_err (UART_TOP)              0.00       2.22 r
  Domain_2_TOP_U1/par_err (Domain_2_TOP)                  0.00       2.22 r
  parity_error (out)                                      0.00       2.22 r
  data arrival time                                                  2.22

  clock UART_CLK (rise edge)                            271.27     271.27
  clock network delay (ideal)                             0.00     271.27
  clock uncertainty                                      -0.20     271.07
  output external delay                                 -54.25     216.81
  data required time                                               216.81
  --------------------------------------------------------------------------
  data required time                                               216.81
  data arrival time                                                 -2.22
  --------------------------------------------------------------------------
  slack (MET)                                                      214.59


  Startpoint: Domain_2_TOP_U1/UART_U0/U1/U1/cur_state_reg[2]
              (rising edge-triggered flip-flop clocked by RX_CLK)
  Endpoint: framing_error
            (output port clocked by UART_CLK)
  Path Group: REGOUT
  Path Type: max

  Point                                                   Incr       Path
  --------------------------------------------------------------------------
  clock RX_CLK (rise edge)                                0.00       0.00
  clock network delay (ideal)                             0.00       0.00
  Domain_2_TOP_U1/UART_U0/U1/U1/cur_state_reg[2]/CK (DFFRQX2M)
                                                          0.00       0.00 r
  Domain_2_TOP_U1/UART_U0/U1/U1/cur_state_reg[2]/Q (DFFRQX2M)
                                                          0.49       0.49 f
  Domain_2_TOP_U1/UART_U0/U1/U1/U8/Y (NOR3X2M)            0.30       0.79 r
  Domain_2_TOP_U1/UART_U0/U1/U1/stp_en (FSM_RX)           0.00       0.79 r
  Domain_2_TOP_U1/UART_U0/U1/U5/stp_en (Stop_Checker_RX)
                                                          0.00       0.79 r
  Domain_2_TOP_U1/UART_U0/U1/U5/U2/Y (NOR2BX2M)           0.26       1.05 r
  Domain_2_TOP_U1/UART_U0/U1/U5/stp_err (Stop_Checker_RX)
                                                          0.00       1.05 r
  Domain_2_TOP_U1/UART_U0/U1/stp_err (TOP_RX)             0.00       1.05 r
  Domain_2_TOP_U1/UART_U0/stp_err (UART_TOP)              0.00       1.05 r
  Domain_2_TOP_U1/stp_err (Domain_2_TOP)                  0.00       1.05 r
  U2/Y (OR2X2M)                                           0.65       1.70 r
  framing_error (out)                                     0.00       1.70 r
  data arrival time                                                  1.70

  clock UART_CLK (rise edge)                            271.27     271.27
  clock network delay (ideal)                             0.00     271.27
  clock uncertainty                                      -0.20     271.07
  output external delay                                 -54.25     216.81
  data required time                                               216.81
  --------------------------------------------------------------------------
  data required time                                               216.81
  data arrival time                                                 -1.70
  --------------------------------------------------------------------------
  slack (MET)                                                      215.11


  Startpoint: Domain_2_TOP_U1/UART_U0/U0/U3/TX_OUT_reg
              (rising edge-triggered flip-flop clocked by TX_CLK)
  Endpoint: UART_TX_O (output port clocked by UART_CLK)
  Path Group: REGOUT
  Path Type: max

  Point                                                   Incr       Path
  --------------------------------------------------------------------------
  clock TX_CLK (rise edge)                                0.00       0.00
  clock network delay (ideal)                             0.00       0.00
  Domain_2_TOP_U1/UART_U0/U0/U3/TX_OUT_reg/CK (DFFSQX2M)
                                                          0.00       0.00 r
  Domain_2_TOP_U1/UART_U0/U0/U3/TX_OUT_reg/Q (DFFSQX2M)
                                                          0.89       0.89 r
  Domain_2_TOP_U1/UART_U0/U0/U3/TX_OUT (MUX_TX)           0.00       0.89 r
  Domain_2_TOP_U1/UART_U0/U0/TX_OUT (Top_TX)              0.00       0.89 r
  Domain_2_TOP_U1/UART_U0/TX_OUT_S (UART_TOP)             0.00       0.89 r
  Domain_2_TOP_U1/TX_OUT_S (Domain_2_TOP)                 0.00       0.89 r
  UART_TX_O (out)                                         0.00       0.89 r
  data arrival time                                                  0.89

  clock UART_CLK (rise edge)                            271.27     271.27
  clock network delay (ideal)                             0.00     271.27
  clock uncertainty                                      -0.20     271.07
  output external delay                                 -54.25     216.81
  data required time                                               216.81
  --------------------------------------------------------------------------
  data required time                                               216.81
  data arrival time                                                 -0.89
  --------------------------------------------------------------------------
  slack (MET)                                                      215.93


  Startpoint: Domain_2_TOP_U1/UART_U0/U1/U3/P_DATA_reg[5]
              (rising edge-triggered flip-flop clocked by RX_CLK)
  Endpoint: Domain_2_TOP_U1/UART_U0/U1/U1/cur_state_reg[0]
            (rising edge-triggered flip-flop clocked by RX_CLK)
  Path Group: RX_CLK
  Path Type: max

  Point                                                   Incr       Path
  --------------------------------------------------------------------------
  clock RX_CLK (rise edge)                                0.00       0.00
  clock network delay (ideal)                             0.00       0.00
  Domain_2_TOP_U1/UART_U0/U1/U3/P_DATA_reg[5]/CK (DFFRQX2M)
                                                          0.00       0.00 r
  Domain_2_TOP_U1/UART_U0/U1/U3/P_DATA_reg[5]/Q (DFFRQX2M)
                                                          0.47       0.47 f
  Domain_2_TOP_U1/UART_U0/U1/U3/P_DATA[5] (desrializer)
                                                          0.00       0.47 f
  Domain_2_TOP_U1/UART_U0/U1/U6/P_DATA[5] (Parity_Checker)
                                                          0.00       0.47 f
  Domain_2_TOP_U1/UART_U0/U1/U6/U6/Y (XOR3XLM)            0.50       0.97 f
  Domain_2_TOP_U1/UART_U0/U1/U6/U4/Y (XOR3XLM)            0.57       1.53 f
  Domain_2_TOP_U1/UART_U0/U1/U6/U3/Y (NOR2BX4M)           0.69       2.22 r
  Domain_2_TOP_U1/UART_U0/U1/U6/par_err (Parity_Checker)
                                                          0.00       2.22 r
  Domain_2_TOP_U1/UART_U0/U1/U1/par_err (FSM_RX)          0.00       2.22 r
  Domain_2_TOP_U1/UART_U0/U1/U1/U3/Y (INVX2M)             0.13       2.35 f
  Domain_2_TOP_U1/UART_U0/U1/U1/U23/Y (AOI32X1M)          0.23       2.58 r
  Domain_2_TOP_U1/UART_U0/U1/U1/U20/Y (OAI31X1M)          0.11       2.69 f
  Domain_2_TOP_U1/UART_U0/U1/U1/cur_state_reg[0]/D (DFFRQX2M)
                                                          0.00       2.69 f
  data arrival time                                                  2.69

  clock RX_CLK (rise edge)                              271.27     271.27
  clock network delay (ideal)                             0.00     271.27
  Domain_2_TOP_U1/UART_U0/U1/U1/cur_state_reg[0]/CK (DFFRQX2M)
                                                          0.00     271.27 r
  library setup time                                     -0.16     271.10
  data required time                                               271.10
  --------------------------------------------------------------------------
  data required time                                               271.10
  data arrival time                                                 -2.69
  --------------------------------------------------------------------------
  slack (MET)                                                      268.41


  Startpoint: Domain_2_TOP_U1/UART_U0/U1/U3/P_DATA_reg[5]
              (rising edge-triggered flip-flop clocked by RX_CLK)
  Endpoint: Domain_2_TOP_U1/UART_U0/U1/U1/cur_state_reg[1]
            (rising edge-triggered flip-flop clocked by RX_CLK)
  Path Group: RX_CLK
  Path Type: max

  Point                                                   Incr       Path
  --------------------------------------------------------------------------
  clock RX_CLK (rise edge)                                0.00       0.00
  clock network delay (ideal)                             0.00       0.00
  Domain_2_TOP_U1/UART_U0/U1/U3/P_DATA_reg[5]/CK (DFFRQX2M)
                                                          0.00       0.00 r
  Domain_2_TOP_U1/UART_U0/U1/U3/P_DATA_reg[5]/Q (DFFRQX2M)
                                                          0.47       0.47 f
  Domain_2_TOP_U1/UART_U0/U1/U3/P_DATA[5] (desrializer)
                                                          0.00       0.47 f
  Domain_2_TOP_U1/UART_U0/U1/U6/P_DATA[5] (Parity_Checker)
                                                          0.00       0.47 f
  Domain_2_TOP_U1/UART_U0/U1/U6/U6/Y (XOR3XLM)            0.50       0.97 f
  Domain_2_TOP_U1/UART_U0/U1/U6/U4/Y (XOR3XLM)            0.57       1.53 f
  Domain_2_TOP_U1/UART_U0/U1/U6/U3/Y (NOR2BX4M)           0.69       2.22 r
  Domain_2_TOP_U1/UART_U0/U1/U6/par_err (Parity_Checker)
                                                          0.00       2.22 r
  Domain_2_TOP_U1/UART_U0/U1/U1/par_err (FSM_RX)          0.00       2.22 r
  Domain_2_TOP_U1/UART_U0/U1/U1/U3/Y (INVX2M)             0.13       2.35 f
  Domain_2_TOP_U1/UART_U0/U1/U1/U29/Y (OAI21X2M)          0.18       2.54 r
  Domain_2_TOP_U1/UART_U0/U1/U1/U27/Y (OAI2B11X2M)        0.11       2.64 f
  Domain_2_TOP_U1/UART_U0/U1/U1/cur_state_reg[1]/D (DFFRQX2M)
                                                          0.00       2.64 f
  data arrival time                                                  2.64

  clock RX_CLK (rise edge)                              271.27     271.27
  clock network delay (ideal)                             0.00     271.27
  Domain_2_TOP_U1/UART_U0/U1/U1/cur_state_reg[1]/CK (DFFRQX2M)
                                                          0.00     271.27 r
  library setup time                                     -0.16     271.10
  data required time                                               271.10
  --------------------------------------------------------------------------
  data required time                                               271.10
  data arrival time                                                 -2.64
  --------------------------------------------------------------------------
  slack (MET)                                                      268.46


  Startpoint: Domain_2_TOP_U1/UART_U0/U1/U1/cur_state_reg[2]
              (rising edge-triggered flip-flop clocked by RX_CLK)
  Endpoint: Domain_2_TOP_U1/UART_U0/U1/U4/bit_cnt_reg[2]
            (rising edge-triggered flip-flop clocked by RX_CLK)
  Path Group: RX_CLK
  Path Type: max

  Point                                                   Incr       Path
  --------------------------------------------------------------------------
  clock RX_CLK (rise edge)                                0.00       0.00
  clock network delay (ideal)                             0.00       0.00
  Domain_2_TOP_U1/UART_U0/U1/U1/cur_state_reg[2]/CK (DFFRQX2M)
                                                          0.00       0.00 r
  Domain_2_TOP_U1/UART_U0/U1/U1/cur_state_reg[2]/Q (DFFRQX2M)
                                                          0.49       0.49 f
  Domain_2_TOP_U1/UART_U0/U1/U1/U12/Y (INVX2M)            0.11       0.60 r
  Domain_2_TOP_U1/UART_U0/U1/U1/U10/Y (NOR3X2M)           0.09       0.69 f
  Domain_2_TOP_U1/UART_U0/U1/U1/U33/Y (OR4X1M)            0.53       1.22 f
  Domain_2_TOP_U1/UART_U0/U1/U1/U32/Y (BUFX2M)            0.23       1.44 f
  Domain_2_TOP_U1/UART_U0/U1/U1/enable (FSM_RX)           0.00       1.44 f
  Domain_2_TOP_U1/UART_U0/U1/U4/enable (edge_bit_counter)
                                                          0.00       1.44 f
  Domain_2_TOP_U1/UART_U0/U1/U4/U23/Y (NAND2BX2M)         0.13       1.57 r
  Domain_2_TOP_U1/UART_U0/U1/U4/U17/Y (AOI32X1M)          0.15       1.73 f
  Domain_2_TOP_U1/UART_U0/U1/U4/U15/Y (OAI32X1M)          0.30       2.03 r
  Domain_2_TOP_U1/UART_U0/U1/U4/bit_cnt_reg[2]/D (DFFRQX2M)
                                                          0.00       2.03 r
  data arrival time                                                  2.03

  clock RX_CLK (rise edge)                              271.27     271.27
  clock network delay (ideal)                             0.00     271.27
  Domain_2_TOP_U1/UART_U0/U1/U4/bit_cnt_reg[2]/CK (DFFRQX2M)
                                                          0.00     271.27 r
  library setup time                                     -0.35     270.92
  data required time                                               270.92
  --------------------------------------------------------------------------
  data required time                                               270.92
  data arrival time                                                 -2.03
  --------------------------------------------------------------------------
  slack (MET)                                                      268.89


  Startpoint: Domain_2_TOP_U1/UART_U0/U1/U1/cur_state_reg[2]
              (rising edge-triggered flip-flop clocked by RX_CLK)
  Endpoint: Domain_2_TOP_U1/UART_U0/U1/U4/bit_cnt_reg[3]
            (rising edge-triggered flip-flop clocked by RX_CLK)
  Path Group: RX_CLK
  Path Type: max

  Point                                                   Incr       Path
  --------------------------------------------------------------------------
  clock RX_CLK (rise edge)                                0.00       0.00
  clock network delay (ideal)                             0.00       0.00
  Domain_2_TOP_U1/UART_U0/U1/U1/cur_state_reg[2]/CK (DFFRQX2M)
                                                          0.00       0.00 r
  Domain_2_TOP_U1/UART_U0/U1/U1/cur_state_reg[2]/Q (DFFRQX2M)
                                                          0.49       0.49 f
  Domain_2_TOP_U1/UART_U0/U1/U1/U12/Y (INVX2M)            0.11       0.60 r
  Domain_2_TOP_U1/UART_U0/U1/U1/U10/Y (NOR3X2M)           0.09       0.69 f
  Domain_2_TOP_U1/UART_U0/U1/U1/U33/Y (OR4X1M)            0.53       1.22 f
  Domain_2_TOP_U1/UART_U0/U1/U1/U32/Y (BUFX2M)            0.23       1.44 f
  Domain_2_TOP_U1/UART_U0/U1/U1/enable (FSM_RX)           0.00       1.44 f
  Domain_2_TOP_U1/UART_U0/U1/U4/enable (edge_bit_counter)
                                                          0.00       1.44 f
  Domain_2_TOP_U1/UART_U0/U1/U4/U23/Y (NAND2BX2M)         0.13       1.57 r
  Domain_2_TOP_U1/UART_U0/U1/U4/U6/Y (NAND4X2M)           0.13       1.70 f
  Domain_2_TOP_U1/UART_U0/U1/U4/U5/Y (OAI21X2M)           0.07       1.77 r
  Domain_2_TOP_U1/UART_U0/U1/U4/bit_cnt_reg[3]/D (DFFRQX2M)
                                                          0.00       1.77 r
  data arrival time                                                  1.77

  clock RX_CLK (rise edge)                              271.27     271.27
  clock network delay (ideal)                             0.00     271.27
  Domain_2_TOP_U1/UART_U0/U1/U4/bit_cnt_reg[3]/CK (DFFRQX2M)
                                                          0.00     271.27 r
  library setup time                                     -0.31     270.96
  data required time                                               270.96
  --------------------------------------------------------------------------
  data required time                                               270.96
  data arrival time                                                 -1.77
  --------------------------------------------------------------------------
  slack (MET)                                                      269.18


  Startpoint: Domain_2_TOP_U1/UART_U0/U1/U1/cur_state_reg[0]
              (rising edge-triggered flip-flop clocked by RX_CLK)
  Endpoint: Domain_2_TOP_U1/UART_U0/U1/U4/bit_cnt_reg[1]
            (rising edge-triggered flip-flop clocked by RX_CLK)
  Path Group: RX_CLK
  Path Type: max

  Point                                                   Incr       Path
  --------------------------------------------------------------------------
  clock RX_CLK (rise edge)                                0.00       0.00
  clock network delay (ideal)                             0.00       0.00
  Domain_2_TOP_U1/UART_U0/U1/U1/cur_state_reg[0]/CK (DFFRQX2M)
                                                          0.00       0.00 r
  Domain_2_TOP_U1/UART_U0/U1/U1/cur_state_reg[0]/Q (DFFRQX2M)
                                                          0.52       0.52 f
  Domain_2_TOP_U1/UART_U0/U1/U1/U19/Y (NOR3X2M)           0.35       0.87 r
  Domain_2_TOP_U1/UART_U0/U1/U1/U33/Y (OR4X1M)            0.26       1.12 r
  Domain_2_TOP_U1/UART_U0/U1/U1/U32/Y (BUFX2M)            0.21       1.33 r
  Domain_2_TOP_U1/UART_U0/U1/U1/enable (FSM_RX)           0.00       1.33 r
  Domain_2_TOP_U1/UART_U0/U1/U4/enable (edge_bit_counter)
                                                          0.00       1.33 r
  Domain_2_TOP_U1/UART_U0/U1/U4/U3/Y (INVX2M)             0.09       1.42 f
  Domain_2_TOP_U1/UART_U0/U1/U4/U12/Y (OAI32X1M)          0.28       1.70 r
  Domain_2_TOP_U1/UART_U0/U1/U4/bit_cnt_reg[1]/D (DFFRQX2M)
                                                          0.00       1.70 r
  data arrival time                                                  1.70

  clock RX_CLK (rise edge)                              271.27     271.27
  clock network delay (ideal)                             0.00     271.27
  Domain_2_TOP_U1/UART_U0/U1/U4/bit_cnt_reg[1]/CK (DFFRQX2M)
                                                          0.00     271.27 r
  library setup time                                     -0.35     270.92
  data required time                                               270.92
  --------------------------------------------------------------------------
  data required time                                               270.92
  data arrival time                                                 -1.70
  --------------------------------------------------------------------------
  slack (MET)                                                      269.22


  Startpoint: Domain_2_TOP_U1/UART_U0/U1/U1/cur_state_reg[2]
              (rising edge-triggered flip-flop clocked by RX_CLK)
  Endpoint: Domain_2_TOP_U1/UART_U0/U1/U2/sample_2_reg
            (rising edge-triggered flip-flop clocked by RX_CLK)
  Path Group: RX_CLK
  Path Type: max

  Point                                                   Incr       Path
  --------------------------------------------------------------------------
  clock RX_CLK (rise edge)                                0.00       0.00
  clock network delay (ideal)                             0.00       0.00
  Domain_2_TOP_U1/UART_U0/U1/U1/cur_state_reg[2]/CK (DFFRQX2M)
                                                          0.00       0.00 r
  Domain_2_TOP_U1/UART_U0/U1/U1/cur_state_reg[2]/Q (DFFRQX2M)
                                                          0.49       0.49 f
  Domain_2_TOP_U1/UART_U0/U1/U1/U12/Y (INVX2M)            0.11       0.60 r
  Domain_2_TOP_U1/UART_U0/U1/U1/U10/Y (NOR3X2M)           0.09       0.69 f
  Domain_2_TOP_U1/UART_U0/U1/U1/U33/Y (OR4X1M)            0.53       1.22 f
  Domain_2_TOP_U1/UART_U0/U1/U1/data_sample_en (FSM_RX)
                                                          0.00       1.22 f
  Domain_2_TOP_U1/UART_U0/U1/U2/data_sample_en (data_sampling)
                                                          0.00       1.22 f
  Domain_2_TOP_U1/UART_U0/U1/U2/U12/Y (OAI211X2M)         0.14       1.36 r
  Domain_2_TOP_U1/UART_U0/U1/U2/U9/Y (OR3X2M)             0.21       1.57 r
  Domain_2_TOP_U1/UART_U0/U1/U2/U8/Y (OAI2BB2X1M)         0.15       1.72 r
  Domain_2_TOP_U1/UART_U0/U1/U2/sample_2_reg/D (DFFRQX2M)
                                                          0.00       1.72 r
  data arrival time                                                  1.72

  clock RX_CLK (rise edge)                              271.27     271.27
  clock network delay (ideal)                             0.00     271.27
  Domain_2_TOP_U1/UART_U0/U1/U2/sample_2_reg/CK (DFFRQX2M)
                                                          0.00     271.27 r
  library setup time                                     -0.31     270.95
  data required time                                               270.95
  --------------------------------------------------------------------------
  data required time                                               270.95
  data arrival time                                                 -1.72
  --------------------------------------------------------------------------
  slack (MET)                                                      269.24


  Startpoint: Domain_2_TOP_U1/UART_U0/U1/U1/cur_state_reg[0]
              (rising edge-triggered flip-flop clocked by RX_CLK)
  Endpoint: Domain_2_TOP_U1/UART_U0/U1/U4/bit_cnt_reg[0]
            (rising edge-triggered flip-flop clocked by RX_CLK)
  Path Group: RX_CLK
  Path Type: max

  Point                                                   Incr       Path
  --------------------------------------------------------------------------
  clock RX_CLK (rise edge)                                0.00       0.00
  clock network delay (ideal)                             0.00       0.00
  Domain_2_TOP_U1/UART_U0/U1/U1/cur_state_reg[0]/CK (DFFRQX2M)
                                                          0.00       0.00 r
  Domain_2_TOP_U1/UART_U0/U1/U1/cur_state_reg[0]/Q (DFFRQX2M)
                                                          0.52       0.52 f
  Domain_2_TOP_U1/UART_U0/U1/U1/U19/Y (NOR3X2M)           0.35       0.87 r
  Domain_2_TOP_U1/UART_U0/U1/U1/U33/Y (OR4X1M)            0.26       1.12 r
  Domain_2_TOP_U1/UART_U0/U1/U1/U32/Y (BUFX2M)            0.21       1.33 r
  Domain_2_TOP_U1/UART_U0/U1/U1/enable (FSM_RX)           0.00       1.33 r
  Domain_2_TOP_U1/UART_U0/U1/U4/enable (edge_bit_counter)
                                                          0.00       1.33 r
  Domain_2_TOP_U1/UART_U0/U1/U4/U24/Y (NAND3X2M)          0.13       1.46 f
  Domain_2_TOP_U1/UART_U0/U1/U4/U19/Y (OAI31X1M)          0.24       1.70 r
  Domain_2_TOP_U1/UART_U0/U1/U4/bit_cnt_reg[0]/D (DFFRQX2M)
                                                          0.00       1.70 r
  data arrival time                                                  1.70

  clock RX_CLK (rise edge)                              271.27     271.27
  clock network delay (ideal)                             0.00     271.27
  Domain_2_TOP_U1/UART_U0/U1/U4/bit_cnt_reg[0]/CK (DFFRQX2M)
                                                          0.00     271.27 r
  library setup time                                     -0.33     270.94
  data required time                                               270.94
  --------------------------------------------------------------------------
  data required time                                               270.94
  data arrival time                                                 -1.70
  --------------------------------------------------------------------------
  slack (MET)                                                      269.24


  Startpoint: Domain_2_TOP_U1/UART_U0/U1/U1/cur_state_reg[2]
              (rising edge-triggered flip-flop clocked by RX_CLK)
  Endpoint: Domain_2_TOP_U1/UART_U0/U1/U2/sample_1_reg
            (rising edge-triggered flip-flop clocked by RX_CLK)
  Path Group: RX_CLK
  Path Type: max

  Point                                                   Incr       Path
  --------------------------------------------------------------------------
  clock RX_CLK (rise edge)                                0.00       0.00
  clock network delay (ideal)                             0.00       0.00
  Domain_2_TOP_U1/UART_U0/U1/U1/cur_state_reg[2]/CK (DFFRQX2M)
                                                          0.00       0.00 r
  Domain_2_TOP_U1/UART_U0/U1/U1/cur_state_reg[2]/Q (DFFRQX2M)
                                                          0.49       0.49 f
  Domain_2_TOP_U1/UART_U0/U1/U1/U12/Y (INVX2M)            0.11       0.60 r
  Domain_2_TOP_U1/UART_U0/U1/U1/U10/Y (NOR3X2M)           0.09       0.69 f
  Domain_2_TOP_U1/UART_U0/U1/U1/U33/Y (OR4X1M)            0.53       1.22 f
  Domain_2_TOP_U1/UART_U0/U1/U1/data_sample_en (FSM_RX)
                                                          0.00       1.22 f
  Domain_2_TOP_U1/UART_U0/U1/U2/data_sample_en (data_sampling)
                                                          0.00       1.22 f
  Domain_2_TOP_U1/UART_U0/U1/U2/U7/Y (AND3X2M)            0.23       1.44 f
  Domain_2_TOP_U1/UART_U0/U1/U2/U5/Y (NAND4X2M)           0.10       1.54 r
  Domain_2_TOP_U1/UART_U0/U1/U2/U4/Y (OAI2BB2X1M)         0.15       1.70 r
  Domain_2_TOP_U1/UART_U0/U1/U2/sample_1_reg/D (DFFRQX2M)
                                                          0.00       1.70 r
  data arrival time                                                  1.70

  clock RX_CLK (rise edge)                              271.27     271.27
  clock network delay (ideal)                             0.00     271.27
  Domain_2_TOP_U1/UART_U0/U1/U2/sample_1_reg/CK (DFFRQX2M)
                                                          0.00     271.27 r
  library setup time                                     -0.31     270.95
  data required time                                               270.95
  --------------------------------------------------------------------------
  data required time                                               270.95
  data arrival time                                                 -1.70
  --------------------------------------------------------------------------
  slack (MET)                                                      269.25


  Startpoint: Domain_2_TOP_U1/UART_U0/U1/U1/cur_state_reg[2]
              (rising edge-triggered flip-flop clocked by RX_CLK)
  Endpoint: Domain_2_TOP_U1/UART_U0/U1/U2/sampled_data_reg
            (rising edge-triggered flip-flop clocked by RX_CLK)
  Path Group: RX_CLK
  Path Type: max

  Point                                                   Incr       Path
  --------------------------------------------------------------------------
  clock RX_CLK (rise edge)                                0.00       0.00
  clock network delay (ideal)                             0.00       0.00
  Domain_2_TOP_U1/UART_U0/U1/U1/cur_state_reg[2]/CK (DFFRQX2M)
                                                          0.00       0.00 r
  Domain_2_TOP_U1/UART_U0/U1/U1/cur_state_reg[2]/Q (DFFRQX2M)
                                                          0.49       0.49 f
  Domain_2_TOP_U1/UART_U0/U1/U1/U12/Y (INVX2M)            0.11       0.60 r
  Domain_2_TOP_U1/UART_U0/U1/U1/U10/Y (NOR3X2M)           0.09       0.69 f
  Domain_2_TOP_U1/UART_U0/U1/U1/U33/Y (OR4X1M)            0.53       1.22 f
  Domain_2_TOP_U1/UART_U0/U1/U1/data_sample_en (FSM_RX)
                                                          0.00       1.22 f
  Domain_2_TOP_U1/UART_U0/U1/U2/data_sample_en (data_sampling)
                                                          0.00       1.22 f
  Domain_2_TOP_U1/UART_U0/U1/U2/U12/Y (OAI211X2M)         0.14       1.36 r
  Domain_2_TOP_U1/UART_U0/U1/U2/U19/Y (NAND3BX2M)         0.17       1.53 r
  Domain_2_TOP_U1/UART_U0/U1/U2/U17/Y (OAI2BB2X1M)        0.15       1.69 r
  Domain_2_TOP_U1/UART_U0/U1/U2/sampled_data_reg/D (DFFRQX2M)
                                                          0.00       1.69 r
  data arrival time                                                  1.69

  clock RX_CLK (rise edge)                              271.27     271.27
  clock network delay (ideal)                             0.00     271.27
  Domain_2_TOP_U1/UART_U0/U1/U2/sampled_data_reg/CK (DFFRQX2M)
                                                          0.00     271.27 r
  library setup time                                     -0.31     270.95
  data required time                                               270.95
  --------------------------------------------------------------------------
  data required time                                               270.95
  data arrival time                                                 -1.69
  --------------------------------------------------------------------------
  slack (MET)                                                      269.27


  Startpoint: Domain_2_TOP_U1/UART_U0/U1/U1/cur_state_reg[0]
              (rising edge-triggered flip-flop clocked by RX_CLK)
  Endpoint: Domain_2_TOP_U1/UART_U0/U1/U3/Counter_reg[2]
            (rising edge-triggered flip-flop clocked by RX_CLK)
  Path Group: RX_CLK
  Path Type: max

  Point                                                   Incr       Path
  --------------------------------------------------------------------------
  clock RX_CLK (rise edge)                                0.00       0.00
  clock network delay (ideal)                             0.00       0.00
  Domain_2_TOP_U1/UART_U0/U1/U1/cur_state_reg[0]/CK (DFFRQX2M)
                                                          0.00       0.00 r
  Domain_2_TOP_U1/UART_U0/U1/U1/cur_state_reg[0]/Q (DFFRQX2M)
                                                          0.52       0.52 f
  Domain_2_TOP_U1/UART_U0/U1/U1/U19/Y (NOR3X2M)           0.35       0.87 r
  Domain_2_TOP_U1/UART_U0/U1/U1/deser_en (FSM_RX)         0.00       0.87 r
  Domain_2_TOP_U1/UART_U0/U1/U3/deser_en (desrializer)
                                                          0.00       0.87 r
  Domain_2_TOP_U1/UART_U0/U1/U3/U11/Y (NAND2X2M)          0.23       1.09 f
  Domain_2_TOP_U1/UART_U0/U1/U3/U10/Y (INVX2M)            0.21       1.30 r
  Domain_2_TOP_U1/UART_U0/U1/U3/U16/Y (AND2X2M)           0.19       1.49 r
  Domain_2_TOP_U1/UART_U0/U1/U3/U17/Y (CLKXOR2X2M)        0.21       1.70 r
  Domain_2_TOP_U1/UART_U0/U1/U3/Counter_reg[2]/D (DFFRQX2M)
                                                          0.00       1.70 r
  data arrival time                                                  1.70

  clock RX_CLK (rise edge)                              271.27     271.27
  clock network delay (ideal)                             0.00     271.27
  Domain_2_TOP_U1/UART_U0/U1/U3/Counter_reg[2]/CK (DFFRQX2M)
                                                          0.00     271.27 r
  library setup time                                     -0.30     270.97
  data required time                                               270.97
  --------------------------------------------------------------------------
  data required time                                               270.97
  data arrival time                                                 -1.70
  --------------------------------------------------------------------------
  slack (MET)                                                      269.27


  Startpoint: Domain_2_TOP_U1/UART_U0/U1/U1/cur_state_reg[0]
              (rising edge-triggered flip-flop clocked by RX_CLK)
  Endpoint: Domain_2_TOP_U1/UART_U0/U1/U3/Counter_reg[1]
            (rising edge-triggered flip-flop clocked by RX_CLK)
  Path Group: RX_CLK
  Path Type: max

  Point                                                   Incr       Path
  --------------------------------------------------------------------------
  clock RX_CLK (rise edge)                                0.00       0.00
  clock network delay (ideal)                             0.00       0.00
  Domain_2_TOP_U1/UART_U0/U1/U1/cur_state_reg[0]/CK (DFFRQX2M)
                                                          0.00       0.00 r
  Domain_2_TOP_U1/UART_U0/U1/U1/cur_state_reg[0]/Q (DFFRQX2M)
                                                          0.52       0.52 f
  Domain_2_TOP_U1/UART_U0/U1/U1/U19/Y (NOR3X2M)           0.35       0.87 r
  Domain_2_TOP_U1/UART_U0/U1/U1/deser_en (FSM_RX)         0.00       0.87 r
  Domain_2_TOP_U1/UART_U0/U1/U3/deser_en (desrializer)
                                                          0.00       0.87 r
  Domain_2_TOP_U1/UART_U0/U1/U3/U11/Y (NAND2X2M)          0.23       1.09 f
  Domain_2_TOP_U1/UART_U0/U1/U3/U10/Y (INVX2M)            0.21       1.30 r
  Domain_2_TOP_U1/UART_U0/U1/U3/U16/Y (AND2X2M)           0.19       1.49 r
  Domain_2_TOP_U1/UART_U0/U1/U3/U14/Y (NAND2X2M)          0.07       1.56 f
  Domain_2_TOP_U1/UART_U0/U1/U3/U13/Y (XNOR2X2M)          0.12       1.68 r
  Domain_2_TOP_U1/UART_U0/U1/U3/Counter_reg[1]/D (DFFRQX2M)
                                                          0.00       1.68 r
  data arrival time                                                  1.68

  clock RX_CLK (rise edge)                              271.27     271.27
  clock network delay (ideal)                             0.00     271.27
  Domain_2_TOP_U1/UART_U0/U1/U3/Counter_reg[1]/CK (DFFRQX2M)
                                                          0.00     271.27 r
  library setup time                                     -0.32     270.95
  data required time                                               270.95
  --------------------------------------------------------------------------
  data required time                                               270.95
  data arrival time                                                 -1.68
  --------------------------------------------------------------------------
  slack (MET)                                                      269.27


  Startpoint: Domain_2_TOP_U1/UART_U0/U1/U1/cur_state_reg[0]
              (rising edge-triggered flip-flop clocked by RX_CLK)
  Endpoint: Domain_2_TOP_U1/UART_U0/U1/U3/Counter_done_reg
            (rising edge-triggered flip-flop clocked by RX_CLK)
  Path Group: RX_CLK
  Path Type: max

  Point                                                   Incr       Path
  --------------------------------------------------------------------------
  clock RX_CLK (rise edge)                                0.00       0.00
  clock network delay (ideal)                             0.00       0.00
  Domain_2_TOP_U1/UART_U0/U1/U1/cur_state_reg[0]/CK (DFFRQX2M)
                                                          0.00       0.00 r
  Domain_2_TOP_U1/UART_U0/U1/U1/cur_state_reg[0]/Q (DFFRQX2M)
                                                          0.52       0.52 f
  Domain_2_TOP_U1/UART_U0/U1/U1/U19/Y (NOR3X2M)           0.35       0.87 r
  Domain_2_TOP_U1/UART_U0/U1/U1/deser_en (FSM_RX)         0.00       0.87 r
  Domain_2_TOP_U1/UART_U0/U1/U3/deser_en (desrializer)
                                                          0.00       0.87 r
  Domain_2_TOP_U1/UART_U0/U1/U3/U11/Y (NAND2X2M)          0.23       1.09 f
  Domain_2_TOP_U1/UART_U0/U1/U3/U10/Y (INVX2M)            0.21       1.30 r
  Domain_2_TOP_U1/UART_U0/U1/U3/U16/Y (AND2X2M)           0.19       1.49 r
  Domain_2_TOP_U1/UART_U0/U1/U3/U18/Y (AND3X2M)           0.16       1.65 r
  Domain_2_TOP_U1/UART_U0/U1/U3/Counter_done_reg/D (DFFRQX2M)
                                                          0.00       1.65 r
  data arrival time                                                  1.65

  clock RX_CLK (rise edge)                              271.27     271.27
  clock network delay (ideal)                             0.00     271.27
  Domain_2_TOP_U1/UART_U0/U1/U3/Counter_done_reg/CK (DFFRQX2M)
                                                          0.00     271.27 r
  library setup time                                     -0.30     270.97
  data required time                                               270.97
  --------------------------------------------------------------------------
  data required time                                               270.97
  data arrival time                                                 -1.65
  --------------------------------------------------------------------------
  slack (MET)                                                      269.32


  Startpoint: Domain_2_TOP_U1/UART_U0/U1/U1/cur_state_reg[0]
              (rising edge-triggered flip-flop clocked by RX_CLK)
  Endpoint: Domain_2_TOP_U1/UART_U0/U1/U4/edge_cnt_reg[2]
            (rising edge-triggered flip-flop clocked by RX_CLK)
  Path Group: RX_CLK
  Path Type: max

  Point                                                   Incr       Path
  --------------------------------------------------------------------------
  clock RX_CLK (rise edge)                                0.00       0.00
  clock network delay (ideal)                             0.00       0.00
  Domain_2_TOP_U1/UART_U0/U1/U1/cur_state_reg[0]/CK (DFFRQX2M)
                                                          0.00       0.00 r
  Domain_2_TOP_U1/UART_U0/U1/U1/cur_state_reg[0]/Q (DFFRQX2M)
                                                          0.52       0.52 f
  Domain_2_TOP_U1/UART_U0/U1/U1/U19/Y (NOR3X2M)           0.35       0.87 r
  Domain_2_TOP_U1/UART_U0/U1/U1/U33/Y (OR4X1M)            0.26       1.12 r
  Domain_2_TOP_U1/UART_U0/U1/U1/U32/Y (BUFX2M)            0.21       1.33 r
  Domain_2_TOP_U1/UART_U0/U1/U1/enable (FSM_RX)           0.00       1.33 r
  Domain_2_TOP_U1/UART_U0/U1/U4/enable (edge_bit_counter)
                                                          0.00       1.33 r
  Domain_2_TOP_U1/UART_U0/U1/U4/U4/Y (NAND2X2M)           0.15       1.49 f
  Domain_2_TOP_U1/UART_U0/U1/U4/U8/Y (NOR2BX2M)           0.11       1.60 r
  Domain_2_TOP_U1/UART_U0/U1/U4/edge_cnt_reg[2]/D (DFFRQX2M)
                                                          0.00       1.60 r
  data arrival time                                                  1.60

  clock RX_CLK (rise edge)                              271.27     271.27
  clock network delay (ideal)                             0.00     271.27
  Domain_2_TOP_U1/UART_U0/U1/U4/edge_cnt_reg[2]/CK (DFFRQX2M)
                                                          0.00     271.27 r
  library setup time                                     -0.31     270.96
  data required time                                               270.96
  --------------------------------------------------------------------------
  data required time                                               270.96
  data arrival time                                                 -1.60
  --------------------------------------------------------------------------
  slack (MET)                                                      269.36


  Startpoint: Domain_2_TOP_U1/UART_U0/U1/U1/cur_state_reg[0]
              (rising edge-triggered flip-flop clocked by RX_CLK)
  Endpoint: Domain_2_TOP_U1/UART_U0/U1/U4/edge_cnt_reg[3]
            (rising edge-triggered flip-flop clocked by RX_CLK)
  Path Group: RX_CLK
  Path Type: max

  Point                                                   Incr       Path
  --------------------------------------------------------------------------
  clock RX_CLK (rise edge)                                0.00       0.00
  clock network delay (ideal)                             0.00       0.00
  Domain_2_TOP_U1/UART_U0/U1/U1/cur_state_reg[0]/CK (DFFRQX2M)
                                                          0.00       0.00 r
  Domain_2_TOP_U1/UART_U0/U1/U1/cur_state_reg[0]/Q (DFFRQX2M)
                                                          0.52       0.52 f
  Domain_2_TOP_U1/UART_U0/U1/U1/U19/Y (NOR3X2M)           0.35       0.87 r
  Domain_2_TOP_U1/UART_U0/U1/U1/U33/Y (OR4X1M)            0.26       1.12 r
  Domain_2_TOP_U1/UART_U0/U1/U1/U32/Y (BUFX2M)            0.21       1.33 r
  Domain_2_TOP_U1/UART_U0/U1/U1/enable (FSM_RX)           0.00       1.33 r
  Domain_2_TOP_U1/UART_U0/U1/U4/enable (edge_bit_counter)
                                                          0.00       1.33 r
  Domain_2_TOP_U1/UART_U0/U1/U4/U4/Y (NAND2X2M)           0.15       1.49 f
  Domain_2_TOP_U1/UART_U0/U1/U4/U7/Y (NOR2BX2M)           0.11       1.60 r
  Domain_2_TOP_U1/UART_U0/U1/U4/edge_cnt_reg[3]/D (DFFRQX2M)
                                                          0.00       1.60 r
  data arrival time                                                  1.60

  clock RX_CLK (rise edge)                              271.27     271.27
  clock network delay (ideal)                             0.00     271.27
  Domain_2_TOP_U1/UART_U0/U1/U4/edge_cnt_reg[3]/CK (DFFRQX2M)
                                                          0.00     271.27 r
  library setup time                                     -0.31     270.96
  data required time                                               270.96
  --------------------------------------------------------------------------
  data required time                                               270.96
  data arrival time                                                 -1.60
  --------------------------------------------------------------------------
  slack (MET)                                                      269.36


  Startpoint: Domain_2_TOP_U1/UART_U0/U1/U1/cur_state_reg[0]
              (rising edge-triggered flip-flop clocked by RX_CLK)
  Endpoint: Domain_2_TOP_U1/UART_U0/U1/U4/edge_cnt_reg[1]
            (rising edge-triggered flip-flop clocked by RX_CLK)
  Path Group: RX_CLK
  Path Type: max

  Point                                                   Incr       Path
  --------------------------------------------------------------------------
  clock RX_CLK (rise edge)                                0.00       0.00
  clock network delay (ideal)                             0.00       0.00
  Domain_2_TOP_U1/UART_U0/U1/U1/cur_state_reg[0]/CK (DFFRQX2M)
                                                          0.00       0.00 r
  Domain_2_TOP_U1/UART_U0/U1/U1/cur_state_reg[0]/Q (DFFRQX2M)
                                                          0.52       0.52 f
  Domain_2_TOP_U1/UART_U0/U1/U1/U19/Y (NOR3X2M)           0.35       0.87 r
  Domain_2_TOP_U1/UART_U0/U1/U1/U33/Y (OR4X1M)            0.26       1.12 r
  Domain_2_TOP_U1/UART_U0/U1/U1/U32/Y (BUFX2M)            0.21       1.33 r
  Domain_2_TOP_U1/UART_U0/U1/U1/enable (FSM_RX)           0.00       1.33 r
  Domain_2_TOP_U1/UART_U0/U1/U4/enable (edge_bit_counter)
                                                          0.00       1.33 r
  Domain_2_TOP_U1/UART_U0/U1/U4/U4/Y (NAND2X2M)           0.15       1.49 f
  Domain_2_TOP_U1/UART_U0/U1/U4/U9/Y (NOR2BX2M)           0.11       1.60 r
  Domain_2_TOP_U1/UART_U0/U1/U4/edge_cnt_reg[1]/D (DFFRQX2M)
                                                          0.00       1.60 r
  data arrival time                                                  1.60

  clock RX_CLK (rise edge)                              271.27     271.27
  clock network delay (ideal)                             0.00     271.27
  Domain_2_TOP_U1/UART_U0/U1/U4/edge_cnt_reg[1]/CK (DFFRQX2M)
                                                          0.00     271.27 r
  library setup time                                     -0.31     270.96
  data required time                                               270.96
  --------------------------------------------------------------------------
  data required time                                               270.96
  data arrival time                                                 -1.60
  --------------------------------------------------------------------------
  slack (MET)                                                      269.36


  Startpoint: Domain_2_TOP_U1/UART_U0/U1/U1/cur_state_reg[0]
              (rising edge-triggered flip-flop clocked by RX_CLK)
  Endpoint: Domain_2_TOP_U1/UART_U0/U1/U4/edge_cnt_reg[4]
            (rising edge-triggered flip-flop clocked by RX_CLK)
  Path Group: RX_CLK
  Path Type: max

  Point                                                   Incr       Path
  --------------------------------------------------------------------------
  clock RX_CLK (rise edge)                                0.00       0.00
  clock network delay (ideal)                             0.00       0.00
  Domain_2_TOP_U1/UART_U0/U1/U1/cur_state_reg[0]/CK (DFFRQX2M)
                                                          0.00       0.00 r
  Domain_2_TOP_U1/UART_U0/U1/U1/cur_state_reg[0]/Q (DFFRQX2M)
                                                          0.52       0.52 f
  Domain_2_TOP_U1/UART_U0/U1/U1/U19/Y (NOR3X2M)           0.35       0.87 r
  Domain_2_TOP_U1/UART_U0/U1/U1/U33/Y (OR4X1M)            0.26       1.12 r
  Domain_2_TOP_U1/UART_U0/U1/U1/U32/Y (BUFX2M)            0.21       1.33 r
  Domain_2_TOP_U1/UART_U0/U1/U1/enable (FSM_RX)           0.00       1.33 r
  Domain_2_TOP_U1/UART_U0/U1/U4/enable (edge_bit_counter)
                                                          0.00       1.33 r
  Domain_2_TOP_U1/UART_U0/U1/U4/U4/Y (NAND2X2M)           0.15       1.49 f
  Domain_2_TOP_U1/UART_U0/U1/U4/U27/Y (NOR2X2M)           0.11       1.60 r
  Domain_2_TOP_U1/UART_U0/U1/U4/edge_cnt_reg[4]/D (DFFRQX2M)
                                                          0.00       1.60 r
  data arrival time                                                  1.60

  clock RX_CLK (rise edge)                              271.27     271.27
  clock network delay (ideal)                             0.00     271.27
  Domain_2_TOP_U1/UART_U0/U1/U4/edge_cnt_reg[4]/CK (DFFRQX2M)
                                                          0.00     271.27 r
  library setup time                                     -0.31     270.96
  data required time                                               270.96
  --------------------------------------------------------------------------
  data required time                                               270.96
  data arrival time                                                 -1.60
  --------------------------------------------------------------------------
  slack (MET)                                                      269.36


  Startpoint: Domain_2_TOP_U1/UART_U0/U1/U1/cur_state_reg[0]
              (rising edge-triggered flip-flop clocked by RX_CLK)
  Endpoint: Domain_2_TOP_U1/UART_U0/U1/U4/edge_cnt_reg[0]
            (rising edge-triggered flip-flop clocked by RX_CLK)
  Path Group: RX_CLK
  Path Type: max

  Point                                                   Incr       Path
  --------------------------------------------------------------------------
  clock RX_CLK (rise edge)                                0.00       0.00
  clock network delay (ideal)                             0.00       0.00
  Domain_2_TOP_U1/UART_U0/U1/U1/cur_state_reg[0]/CK (DFFRQX2M)
                                                          0.00       0.00 r
  Domain_2_TOP_U1/UART_U0/U1/U1/cur_state_reg[0]/Q (DFFRQX2M)
                                                          0.52       0.52 f
  Domain_2_TOP_U1/UART_U0/U1/U1/U19/Y (NOR3X2M)           0.35       0.87 r
  Domain_2_TOP_U1/UART_U0/U1/U1/U33/Y (OR4X1M)            0.26       1.12 r
  Domain_2_TOP_U1/UART_U0/U1/U1/U32/Y (BUFX2M)            0.21       1.33 r
  Domain_2_TOP_U1/UART_U0/U1/U1/enable (FSM_RX)           0.00       1.33 r
  Domain_2_TOP_U1/UART_U0/U1/U4/enable (edge_bit_counter)
                                                          0.00       1.33 r
  Domain_2_TOP_U1/UART_U0/U1/U4/U4/Y (NAND2X2M)           0.15       1.49 f
  Domain_2_TOP_U1/UART_U0/U1/U4/U25/Y (NOR2X2M)           0.11       1.60 r
  Domain_2_TOP_U1/UART_U0/U1/U4/edge_cnt_reg[0]/D (DFFRQX2M)
                                                          0.00       1.60 r
  data arrival time                                                  1.60

  clock RX_CLK (rise edge)                              271.27     271.27
  clock network delay (ideal)                             0.00     271.27
  Domain_2_TOP_U1/UART_U0/U1/U4/edge_cnt_reg[0]/CK (DFFRQX2M)
                                                          0.00     271.27 r
  library setup time                                     -0.31     270.96
  data required time                                               270.96
  --------------------------------------------------------------------------
  data required time                                               270.96
  data arrival time                                                 -1.60
  --------------------------------------------------------------------------
  slack (MET)                                                      269.36


  Startpoint: Domain_2_TOP_U1/UART_U0/U1/U1/cur_state_reg[0]
              (rising edge-triggered flip-flop clocked by RX_CLK)
  Endpoint: Domain_2_TOP_U1/UART_U0/U1/U2/sample_3_reg
            (rising edge-triggered flip-flop clocked by RX_CLK)
  Path Group: RX_CLK
  Path Type: max

  Point                                                   Incr       Path
  --------------------------------------------------------------------------
  clock RX_CLK (rise edge)                                0.00       0.00
  clock network delay (ideal)                             0.00       0.00
  Domain_2_TOP_U1/UART_U0/U1/U1/cur_state_reg[0]/CK (DFFRQX2M)
                                                          0.00       0.00 r
  Domain_2_TOP_U1/UART_U0/U1/U1/cur_state_reg[0]/Q (DFFRQX2M)
                                                          0.52       0.52 f
  Domain_2_TOP_U1/UART_U0/U1/U1/U19/Y (NOR3X2M)           0.35       0.87 r
  Domain_2_TOP_U1/UART_U0/U1/U1/U33/Y (OR4X1M)            0.26       1.12 r
  Domain_2_TOP_U1/UART_U0/U1/U1/data_sample_en (FSM_RX)
                                                          0.00       1.12 r
  Domain_2_TOP_U1/UART_U0/U1/U2/data_sample_en (data_sampling)
                                                          0.00       1.12 r
  Domain_2_TOP_U1/UART_U0/U1/U2/U12/Y (OAI211X2M)         0.14       1.27 f
  Domain_2_TOP_U1/UART_U0/U1/U2/U11/Y (NOR3X2M)           0.19       1.46 r
  Domain_2_TOP_U1/UART_U0/U1/U2/U10/Y (OAI2BB2X1M)        0.17       1.64 r
  Domain_2_TOP_U1/UART_U0/U1/U2/sample_3_reg/D (DFFRX1M)
                                                          0.00       1.64 r
  data arrival time                                                  1.64

  clock RX_CLK (rise edge)                              271.27     271.27
  clock network delay (ideal)                             0.00     271.27
  Domain_2_TOP_U1/UART_U0/U1/U2/sample_3_reg/CK (DFFRX1M)
                                                          0.00     271.27 r
  library setup time                                     -0.26     271.01
  data required time                                               271.01
  --------------------------------------------------------------------------
  data required time                                               271.01
  data arrival time                                                 -1.64
  --------------------------------------------------------------------------
  slack (MET)                                                      269.37


  Startpoint: Domain_2_TOP_U1/UART_U0/U1/U4/edge_cnt_reg[4]
              (rising edge-triggered flip-flop clocked by RX_CLK)
  Endpoint: Domain_2_TOP_U1/UART_U0/U1/U4/edge_cnt_done_reg
            (rising edge-triggered flip-flop clocked by RX_CLK)
  Path Group: RX_CLK
  Path Type: max

  Point                                                   Incr       Path
  --------------------------------------------------------------------------
  clock RX_CLK (rise edge)                                0.00       0.00
  clock network delay (ideal)                             0.00       0.00
  Domain_2_TOP_U1/UART_U0/U1/U4/edge_cnt_reg[4]/CK (DFFRQX2M)
                                                          0.00       0.00 r
  Domain_2_TOP_U1/UART_U0/U1/U4/edge_cnt_reg[4]/Q (DFFRQX2M)
                                                          0.52       0.52 f
  Domain_2_TOP_U1/UART_U0/U1/U4/U50/Y (NOR2BX1M)          0.20       0.72 f
  Domain_2_TOP_U1/UART_U0/U1/U4/U51/Y (OAI2B2X1M)         0.21       0.93 r
  Domain_2_TOP_U1/UART_U0/U1/U4/U52/Y (NAND3BX1M)         0.13       1.06 f
  Domain_2_TOP_U1/UART_U0/U1/U4/U28/Y (OR4X1M)            0.40       1.46 f
  Domain_2_TOP_U1/UART_U0/U1/U4/U10/Y (NOR2X2M)           0.11       1.58 r
  Domain_2_TOP_U1/UART_U0/U1/U4/edge_cnt_done_reg/D (DFFRQX2M)
                                                          0.00       1.58 r
  data arrival time                                                  1.58

  clock RX_CLK (rise edge)                              271.27     271.27
  clock network delay (ideal)                             0.00     271.27
  Domain_2_TOP_U1/UART_U0/U1/U4/edge_cnt_done_reg/CK (DFFRQX2M)
                                                          0.00     271.27 r
  library setup time                                     -0.31     270.96
  data required time                                               270.96
  --------------------------------------------------------------------------
  data required time                                               270.96
  data arrival time                                                 -1.58
  --------------------------------------------------------------------------
  slack (MET)                                                      269.39


  Startpoint: Domain_2_TOP_U1/UART_U0/U1/U1/cur_state_reg[0]
              (rising edge-triggered flip-flop clocked by RX_CLK)
  Endpoint: Domain_2_TOP_U1/UART_U0/U1/U3/DATA_reg[0]
            (rising edge-triggered flip-flop clocked by RX_CLK)
  Path Group: RX_CLK
  Path Type: max

  Point                                                   Incr       Path
  --------------------------------------------------------------------------
  clock RX_CLK (rise edge)                                0.00       0.00
  clock network delay (ideal)                             0.00       0.00
  Domain_2_TOP_U1/UART_U0/U1/U1/cur_state_reg[0]/CK (DFFRQX2M)
                                                          0.00       0.00 r
  Domain_2_TOP_U1/UART_U0/U1/U1/cur_state_reg[0]/Q (DFFRQX2M)
                                                          0.52       0.52 f
  Domain_2_TOP_U1/UART_U0/U1/U1/U19/Y (NOR3X2M)           0.35       0.87 r
  Domain_2_TOP_U1/UART_U0/U1/U1/deser_en (FSM_RX)         0.00       0.87 r
  Domain_2_TOP_U1/UART_U0/U1/U3/deser_en (desrializer)
                                                          0.00       0.87 r
  Domain_2_TOP_U1/UART_U0/U1/U3/U11/Y (NAND2X2M)          0.23       1.09 f
  Domain_2_TOP_U1/UART_U0/U1/U3/U10/Y (INVX2M)            0.21       1.30 r
  Domain_2_TOP_U1/UART_U0/U1/U3/U15/Y (OAI2BB2X1M)        0.18       1.48 r
  Domain_2_TOP_U1/UART_U0/U1/U3/DATA_reg[0]/D (DFFRQX2M)
                                                          0.00       1.48 r
  data arrival time                                                  1.48

  clock RX_CLK (rise edge)                              271.27     271.27
  clock network delay (ideal)                             0.00     271.27
  Domain_2_TOP_U1/UART_U0/U1/U3/DATA_reg[0]/CK (DFFRQX2M)
                                                          0.00     271.27 r
  library setup time                                     -0.31     270.95
  data required time                                               270.95
  --------------------------------------------------------------------------
  data required time                                               270.95
  data arrival time                                                 -1.48
  --------------------------------------------------------------------------
  slack (MET)                                                      269.48


  Startpoint: Domain_2_TOP_U1/UART_U0/U1/U1/cur_state_reg[2]
              (rising edge-triggered flip-flop clocked by RX_CLK)
  Endpoint: Domain_2_TOP_U1/UART_U0/U1/U1/cur_state_reg[2]
            (rising edge-triggered flip-flop clocked by RX_CLK)
  Path Group: RX_CLK
  Path Type: max

  Point                                                   Incr       Path
  --------------------------------------------------------------------------
  clock RX_CLK (rise edge)                                0.00       0.00
  clock network delay (ideal)                             0.00       0.00
  Domain_2_TOP_U1/UART_U0/U1/U1/cur_state_reg[2]/CK (DFFRQX2M)
                                                          0.00       0.00 r
  Domain_2_TOP_U1/UART_U0/U1/U1/cur_state_reg[2]/Q (DFFRQX2M)
                                                          0.49       0.49 f
  Domain_2_TOP_U1/UART_U0/U1/U1/U8/Y (NOR3X2M)            0.30       0.79 r
  Domain_2_TOP_U1/UART_U0/U1/U1/U5/Y (INVX2M)             0.10       0.89 f
  Domain_2_TOP_U1/UART_U0/U1/U1/U26/Y (NOR4BX1M)          0.27       1.16 r
  Domain_2_TOP_U1/UART_U0/U1/U1/U17/Y (AOI32X1M)          0.12       1.28 f
  Domain_2_TOP_U1/UART_U0/U1/U1/U14/Y (OAI211X2M)         0.12       1.39 r
  Domain_2_TOP_U1/UART_U0/U1/U1/cur_state_reg[2]/D (DFFRQX2M)
                                                          0.00       1.39 r
  data arrival time                                                  1.39

  clock RX_CLK (rise edge)                              271.27     271.27
  clock network delay (ideal)                             0.00     271.27
  Domain_2_TOP_U1/UART_U0/U1/U1/cur_state_reg[2]/CK (DFFRQX2M)
                                                          0.00     271.27 r
  library setup time                                     -0.32     270.95
  data required time                                               270.95
  --------------------------------------------------------------------------
  data required time                                               270.95
  data arrival time                                                 -1.39
  --------------------------------------------------------------------------
  slack (MET)                                                      269.55


  Startpoint: Domain_2_TOP_U1/UART_U0/U1/U1/cur_state_reg[0]
              (rising edge-triggered flip-flop clocked by RX_CLK)
  Endpoint: Domain_2_TOP_U1/UART_U0/U1/U3/DATA_reg[1]
            (rising edge-triggered flip-flop clocked by RX_CLK)
  Path Group: RX_CLK
  Path Type: max

  Point                                                   Incr       Path
  --------------------------------------------------------------------------
  clock RX_CLK (rise edge)                                0.00       0.00
  clock network delay (ideal)                             0.00       0.00
  Domain_2_TOP_U1/UART_U0/U1/U1/cur_state_reg[0]/CK (DFFRQX2M)
                                                          0.00       0.00 r
  Domain_2_TOP_U1/UART_U0/U1/U1/cur_state_reg[0]/Q (DFFRQX2M)
                                                          0.52       0.52 f
  Domain_2_TOP_U1/UART_U0/U1/U1/U19/Y (NOR3X2M)           0.35       0.87 r
  Domain_2_TOP_U1/UART_U0/U1/U1/deser_en (FSM_RX)         0.00       0.87 r
  Domain_2_TOP_U1/UART_U0/U1/U3/deser_en (desrializer)
                                                          0.00       0.87 r
  Domain_2_TOP_U1/UART_U0/U1/U3/U11/Y (NAND2X2M)          0.23       1.09 f
  Domain_2_TOP_U1/UART_U0/U1/U3/U9/Y (OAI22X1M)           0.22       1.31 r
  Domain_2_TOP_U1/UART_U0/U1/U3/DATA_reg[1]/D (DFFRQX2M)
                                                          0.00       1.31 r
  data arrival time                                                  1.31

  clock RX_CLK (rise edge)                              271.27     271.27
  clock network delay (ideal)                             0.00     271.27
  Domain_2_TOP_U1/UART_U0/U1/U3/DATA_reg[1]/CK (DFFRQX2M)
                                                          0.00     271.27 r
  library setup time                                     -0.33     270.94
  data required time                                               270.94
  --------------------------------------------------------------------------
  data required time                                               270.94
  data arrival time                                                 -1.31
  --------------------------------------------------------------------------
  slack (MET)                                                      269.63


  Startpoint: Domain_2_TOP_U1/UART_U0/U1/U1/cur_state_reg[0]
              (rising edge-triggered flip-flop clocked by RX_CLK)
  Endpoint: Domain_2_TOP_U1/UART_U0/U1/U3/DATA_reg[2]
            (rising edge-triggered flip-flop clocked by RX_CLK)
  Path Group: RX_CLK
  Path Type: max

  Point                                                   Incr       Path
  --------------------------------------------------------------------------
  clock RX_CLK (rise edge)                                0.00       0.00
  clock network delay (ideal)                             0.00       0.00
  Domain_2_TOP_U1/UART_U0/U1/U1/cur_state_reg[0]/CK (DFFRQX2M)
                                                          0.00       0.00 r
  Domain_2_TOP_U1/UART_U0/U1/U1/cur_state_reg[0]/Q (DFFRQX2M)
                                                          0.52       0.52 f
  Domain_2_TOP_U1/UART_U0/U1/U1/U19/Y (NOR3X2M)           0.35       0.87 r
  Domain_2_TOP_U1/UART_U0/U1/U1/deser_en (FSM_RX)         0.00       0.87 r
  Domain_2_TOP_U1/UART_U0/U1/U3/deser_en (desrializer)
                                                          0.00       0.87 r
  Domain_2_TOP_U1/UART_U0/U1/U3/U11/Y (NAND2X2M)          0.23       1.09 f
  Domain_2_TOP_U1/UART_U0/U1/U3/U8/Y (OAI22X1M)           0.22       1.31 r
  Domain_2_TOP_U1/UART_U0/U1/U3/DATA_reg[2]/D (DFFRQX2M)
                                                          0.00       1.31 r
  data arrival time                                                  1.31

  clock RX_CLK (rise edge)                              271.27     271.27
  clock network delay (ideal)                             0.00     271.27
  Domain_2_TOP_U1/UART_U0/U1/U3/DATA_reg[2]/CK (DFFRQX2M)
                                                          0.00     271.27 r
  library setup time                                     -0.33     270.94
  data required time                                               270.94
  --------------------------------------------------------------------------
  data required time                                               270.94
  data arrival time                                                 -1.31
  --------------------------------------------------------------------------
  slack (MET)                                                      269.63


  Startpoint: Domain_2_TOP_U1/UART_U0/U1/U1/cur_state_reg[0]
              (rising edge-triggered flip-flop clocked by RX_CLK)
  Endpoint: Domain_2_TOP_U1/UART_U0/U1/U3/DATA_reg[3]
            (rising edge-triggered flip-flop clocked by RX_CLK)
  Path Group: RX_CLK
  Path Type: max

  Point                                                   Incr       Path
  --------------------------------------------------------------------------
  clock RX_CLK (rise edge)                                0.00       0.00
  clock network delay (ideal)                             0.00       0.00
  Domain_2_TOP_U1/UART_U0/U1/U1/cur_state_reg[0]/CK (DFFRQX2M)
                                                          0.00       0.00 r
  Domain_2_TOP_U1/UART_U0/U1/U1/cur_state_reg[0]/Q (DFFRQX2M)
                                                          0.52       0.52 f
  Domain_2_TOP_U1/UART_U0/U1/U1/U19/Y (NOR3X2M)           0.35       0.87 r
  Domain_2_TOP_U1/UART_U0/U1/U1/deser_en (FSM_RX)         0.00       0.87 r
  Domain_2_TOP_U1/UART_U0/U1/U3/deser_en (desrializer)
                                                          0.00       0.87 r
  Domain_2_TOP_U1/UART_U0/U1/U3/U11/Y (NAND2X2M)          0.23       1.09 f
  Domain_2_TOP_U1/UART_U0/U1/U3/U7/Y (OAI22X1M)           0.22       1.31 r
  Domain_2_TOP_U1/UART_U0/U1/U3/DATA_reg[3]/D (DFFRQX2M)
                                                          0.00       1.31 r
  data arrival time                                                  1.31

  clock RX_CLK (rise edge)                              271.27     271.27
  clock network delay (ideal)                             0.00     271.27
  Domain_2_TOP_U1/UART_U0/U1/U3/DATA_reg[3]/CK (DFFRQX2M)
                                                          0.00     271.27 r
  library setup time                                     -0.33     270.94
  data required time                                               270.94
  --------------------------------------------------------------------------
  data required time                                               270.94
  data arrival time                                                 -1.31
  --------------------------------------------------------------------------
  slack (MET)                                                      269.63


  Startpoint: Domain_2_TOP_U1/UART_U0/U1/U1/cur_state_reg[0]
              (rising edge-triggered flip-flop clocked by RX_CLK)
  Endpoint: Domain_2_TOP_U1/UART_U0/U1/U3/DATA_reg[4]
            (rising edge-triggered flip-flop clocked by RX_CLK)
  Path Group: RX_CLK
  Path Type: max

  Point                                                   Incr       Path
  --------------------------------------------------------------------------
  clock RX_CLK (rise edge)                                0.00       0.00
  clock network delay (ideal)                             0.00       0.00
  Domain_2_TOP_U1/UART_U0/U1/U1/cur_state_reg[0]/CK (DFFRQX2M)
                                                          0.00       0.00 r
  Domain_2_TOP_U1/UART_U0/U1/U1/cur_state_reg[0]/Q (DFFRQX2M)
                                                          0.52       0.52 f
  Domain_2_TOP_U1/UART_U0/U1/U1/U19/Y (NOR3X2M)           0.35       0.87 r
  Domain_2_TOP_U1/UART_U0/U1/U1/deser_en (FSM_RX)         0.00       0.87 r
  Domain_2_TOP_U1/UART_U0/U1/U3/deser_en (desrializer)
                                                          0.00       0.87 r
  Domain_2_TOP_U1/UART_U0/U1/U3/U11/Y (NAND2X2M)          0.23       1.09 f
  Domain_2_TOP_U1/UART_U0/U1/U3/U6/Y (OAI22X1M)           0.22       1.31 r
  Domain_2_TOP_U1/UART_U0/U1/U3/DATA_reg[4]/D (DFFRQX2M)
                                                          0.00       1.31 r
  data arrival time                                                  1.31

  clock RX_CLK (rise edge)                              271.27     271.27
  clock network delay (ideal)                             0.00     271.27
  Domain_2_TOP_U1/UART_U0/U1/U3/DATA_reg[4]/CK (DFFRQX2M)
                                                          0.00     271.27 r
  library setup time                                     -0.33     270.94
  data required time                                               270.94
  --------------------------------------------------------------------------
  data required time                                               270.94
  data arrival time                                                 -1.31
  --------------------------------------------------------------------------
  slack (MET)                                                      269.63


  Startpoint: Domain_2_TOP_U1/UART_U0/U1/U1/cur_state_reg[0]
              (rising edge-triggered flip-flop clocked by RX_CLK)
  Endpoint: Domain_2_TOP_U1/UART_U0/U1/U3/DATA_reg[5]
            (rising edge-triggered flip-flop clocked by RX_CLK)
  Path Group: RX_CLK
  Path Type: max

  Point                                                   Incr       Path
  --------------------------------------------------------------------------
  clock RX_CLK (rise edge)                                0.00       0.00
  clock network delay (ideal)                             0.00       0.00
  Domain_2_TOP_U1/UART_U0/U1/U1/cur_state_reg[0]/CK (DFFRQX2M)
                                                          0.00       0.00 r
  Domain_2_TOP_U1/UART_U0/U1/U1/cur_state_reg[0]/Q (DFFRQX2M)
                                                          0.52       0.52 f
  Domain_2_TOP_U1/UART_U0/U1/U1/U19/Y (NOR3X2M)           0.35       0.87 r
  Domain_2_TOP_U1/UART_U0/U1/U1/deser_en (FSM_RX)         0.00       0.87 r
  Domain_2_TOP_U1/UART_U0/U1/U3/deser_en (desrializer)
                                                          0.00       0.87 r
  Domain_2_TOP_U1/UART_U0/U1/U3/U11/Y (NAND2X2M)          0.23       1.09 f
  Domain_2_TOP_U1/UART_U0/U1/U3/U5/Y (OAI22X1M)           0.22       1.31 r
  Domain_2_TOP_U1/UART_U0/U1/U3/DATA_reg[5]/D (DFFRQX2M)
                                                          0.00       1.31 r
  data arrival time                                                  1.31

  clock RX_CLK (rise edge)                              271.27     271.27
  clock network delay (ideal)                             0.00     271.27
  Domain_2_TOP_U1/UART_U0/U1/U3/DATA_reg[5]/CK (DFFRQX2M)
                                                          0.00     271.27 r
  library setup time                                     -0.33     270.94
  data required time                                               270.94
  --------------------------------------------------------------------------
  data required time                                               270.94
  data arrival time                                                 -1.31
  --------------------------------------------------------------------------
  slack (MET)                                                      269.63


  Startpoint: Domain_2_TOP_U1/UART_U0/U1/U1/cur_state_reg[0]
              (rising edge-triggered flip-flop clocked by RX_CLK)
  Endpoint: Domain_2_TOP_U1/UART_U0/U1/U3/DATA_reg[6]
            (rising edge-triggered flip-flop clocked by RX_CLK)
  Path Group: RX_CLK
  Path Type: max

  Point                                                   Incr       Path
  --------------------------------------------------------------------------
  clock RX_CLK (rise edge)                                0.00       0.00
  clock network delay (ideal)                             0.00       0.00
  Domain_2_TOP_U1/UART_U0/U1/U1/cur_state_reg[0]/CK (DFFRQX2M)
                                                          0.00       0.00 r
  Domain_2_TOP_U1/UART_U0/U1/U1/cur_state_reg[0]/Q (DFFRQX2M)
                                                          0.52       0.52 f
  Domain_2_TOP_U1/UART_U0/U1/U1/U19/Y (NOR3X2M)           0.35       0.87 r
  Domain_2_TOP_U1/UART_U0/U1/U1/deser_en (FSM_RX)         0.00       0.87 r
  Domain_2_TOP_U1/UART_U0/U1/U3/deser_en (desrializer)
                                                          0.00       0.87 r
  Domain_2_TOP_U1/UART_U0/U1/U3/U11/Y (NAND2X2M)          0.23       1.09 f
  Domain_2_TOP_U1/UART_U0/U1/U3/U4/Y (OAI22X1M)           0.22       1.31 r
  Domain_2_TOP_U1/UART_U0/U1/U3/DATA_reg[6]/D (DFFRQX2M)
                                                          0.00       1.31 r
  data arrival time                                                  1.31

  clock RX_CLK (rise edge)                              271.27     271.27
  clock network delay (ideal)                             0.00     271.27
  Domain_2_TOP_U1/UART_U0/U1/U3/DATA_reg[6]/CK (DFFRQX2M)
                                                          0.00     271.27 r
  library setup time                                     -0.33     270.94
  data required time                                               270.94
  --------------------------------------------------------------------------
  data required time                                               270.94
  data arrival time                                                 -1.31
  --------------------------------------------------------------------------
  slack (MET)                                                      269.63


  Startpoint: Domain_2_TOP_U1/UART_U0/U1/U1/cur_state_reg[0]
              (rising edge-triggered flip-flop clocked by RX_CLK)
  Endpoint: Domain_2_TOP_U1/UART_U0/U1/U3/DATA_reg[7]
            (rising edge-triggered flip-flop clocked by RX_CLK)
  Path Group: RX_CLK
  Path Type: max

  Point                                                   Incr       Path
  --------------------------------------------------------------------------
  clock RX_CLK (rise edge)                                0.00       0.00
  clock network delay (ideal)                             0.00       0.00
  Domain_2_TOP_U1/UART_U0/U1/U1/cur_state_reg[0]/CK (DFFRQX2M)
                                                          0.00       0.00 r
  Domain_2_TOP_U1/UART_U0/U1/U1/cur_state_reg[0]/Q (DFFRQX2M)
                                                          0.52       0.52 f
  Domain_2_TOP_U1/UART_U0/U1/U1/U19/Y (NOR3X2M)           0.35       0.87 r
  Domain_2_TOP_U1/UART_U0/U1/U1/deser_en (FSM_RX)         0.00       0.87 r
  Domain_2_TOP_U1/UART_U0/U1/U3/deser_en (desrializer)
                                                          0.00       0.87 r
  Domain_2_TOP_U1/UART_U0/U1/U3/U11/Y (NAND2X2M)          0.23       1.09 f
  Domain_2_TOP_U1/UART_U0/U1/U3/U3/Y (OAI22X1M)           0.22       1.31 r
  Domain_2_TOP_U1/UART_U0/U1/U3/DATA_reg[7]/D (DFFRQX2M)
                                                          0.00       1.31 r
  data arrival time                                                  1.31

  clock RX_CLK (rise edge)                              271.27     271.27
  clock network delay (ideal)                             0.00     271.27
  Domain_2_TOP_U1/UART_U0/U1/U3/DATA_reg[7]/CK (DFFRQX2M)
                                                          0.00     271.27 r
  library setup time                                     -0.33     270.94
  data required time                                               270.94
  --------------------------------------------------------------------------
  data required time                                               270.94
  data arrival time                                                 -1.31
  --------------------------------------------------------------------------
  slack (MET)                                                      269.63


  Startpoint: Domain_2_TOP_U1/UART_U0/U1/U1/cur_state_reg[0]
              (rising edge-triggered flip-flop clocked by RX_CLK)
  Endpoint: Domain_2_TOP_U1/UART_U0/U1/U3/Counter_reg[3]
            (rising edge-triggered flip-flop clocked by RX_CLK)
  Path Group: RX_CLK
  Path Type: max

  Point                                                   Incr       Path
  --------------------------------------------------------------------------
  clock RX_CLK (rise edge)                                0.00       0.00
  clock network delay (ideal)                             0.00       0.00
  Domain_2_TOP_U1/UART_U0/U1/U1/cur_state_reg[0]/CK (DFFRQX2M)
                                                          0.00       0.00 r
  Domain_2_TOP_U1/UART_U0/U1/U1/cur_state_reg[0]/Q (DFFRQX2M)
                                                          0.52       0.52 f
  Domain_2_TOP_U1/UART_U0/U1/U1/U19/Y (NOR3X2M)           0.35       0.87 r
  Domain_2_TOP_U1/UART_U0/U1/U1/deser_en (FSM_RX)         0.00       0.87 r
  Domain_2_TOP_U1/UART_U0/U1/U3/deser_en (desrializer)
                                                          0.00       0.87 r
  Domain_2_TOP_U1/UART_U0/U1/U3/U11/Y (NAND2X2M)          0.23       1.09 f
  Domain_2_TOP_U1/UART_U0/U1/U3/U12/Y (XNOR2X2M)          0.17       1.26 r
  Domain_2_TOP_U1/UART_U0/U1/U3/Counter_reg[3]/D (DFFRQX2M)
                                                          0.00       1.26 r
  data arrival time                                                  1.26

  clock RX_CLK (rise edge)                              271.27     271.27
  clock network delay (ideal)                             0.00     271.27
  Domain_2_TOP_U1/UART_U0/U1/U3/Counter_reg[3]/CK (DFFRQX2M)
                                                          0.00     271.27 r
  library setup time                                     -0.32     270.95
  data required time                                               270.95
  --------------------------------------------------------------------------
  data required time                                               270.95
  data arrival time                                                 -1.26
  --------------------------------------------------------------------------
  slack (MET)                                                      269.68


  Startpoint: Domain_2_TOP_U1/UART_U0/U1/U3/Counter_done_reg
              (rising edge-triggered flip-flop clocked by RX_CLK)
  Endpoint: Domain_2_TOP_U1/UART_U0/U1/U3/P_DATA_reg[1]
            (rising edge-triggered flip-flop clocked by RX_CLK)
  Path Group: RX_CLK
  Path Type: max

  Point                                                   Incr       Path
  --------------------------------------------------------------------------
  clock RX_CLK (rise edge)                                0.00       0.00
  clock network delay (ideal)                             0.00       0.00
  Domain_2_TOP_U1/UART_U0/U1/U3/Counter_done_reg/CK (DFFRQX2M)
                                                          0.00       0.00 r
  Domain_2_TOP_U1/UART_U0/U1/U3/Counter_done_reg/Q (DFFRQX2M)
                                                          0.46       0.46 f
  Domain_2_TOP_U1/UART_U0/U1/U3/U19/Y (INVX2M)            0.20       0.65 r
  Domain_2_TOP_U1/UART_U0/U1/U3/U26/Y (OAI2BB2X1M)        0.19       0.84 r
  Domain_2_TOP_U1/UART_U0/U1/U3/P_DATA_reg[1]/D (DFFRQX2M)
                                                          0.00       0.84 r
  data arrival time                                                  0.84

  clock RX_CLK (rise edge)                              271.27     271.27
  clock network delay (ideal)                             0.00     271.27
  Domain_2_TOP_U1/UART_U0/U1/U3/P_DATA_reg[1]/CK (DFFRQX2M)
                                                          0.00     271.27 r
  library setup time                                     -0.31     270.95
  data required time                                               270.95
  --------------------------------------------------------------------------
  data required time                                               270.95
  data arrival time                                                 -0.84
  --------------------------------------------------------------------------
  slack (MET)                                                      270.11


  Startpoint: Domain_2_TOP_U1/UART_U0/U1/U3/Counter_done_reg
              (rising edge-triggered flip-flop clocked by RX_CLK)
  Endpoint: Domain_2_TOP_U1/UART_U0/U1/U3/P_DATA_reg[5]
            (rising edge-triggered flip-flop clocked by RX_CLK)
  Path Group: RX_CLK
  Path Type: max

  Point                                                   Incr       Path
  --------------------------------------------------------------------------
  clock RX_CLK (rise edge)                                0.00       0.00
  clock network delay (ideal)                             0.00       0.00
  Domain_2_TOP_U1/UART_U0/U1/U3/Counter_done_reg/CK (DFFRQX2M)
                                                          0.00       0.00 r
  Domain_2_TOP_U1/UART_U0/U1/U3/Counter_done_reg/Q (DFFRQX2M)
                                                          0.46       0.46 f
  Domain_2_TOP_U1/UART_U0/U1/U3/U19/Y (INVX2M)            0.20       0.65 r
  Domain_2_TOP_U1/UART_U0/U1/U3/U22/Y (OAI2BB2X1M)        0.19       0.84 r
  Domain_2_TOP_U1/UART_U0/U1/U3/P_DATA_reg[5]/D (DFFRQX2M)
                                                          0.00       0.84 r
  data arrival time                                                  0.84

  clock RX_CLK (rise edge)                              271.27     271.27
  clock network delay (ideal)                             0.00     271.27
  Domain_2_TOP_U1/UART_U0/U1/U3/P_DATA_reg[5]/CK (DFFRQX2M)
                                                          0.00     271.27 r
  library setup time                                     -0.31     270.95
  data required time                                               270.95
  --------------------------------------------------------------------------
  data required time                                               270.95
  data arrival time                                                 -0.84
  --------------------------------------------------------------------------
  slack (MET)                                                      270.11


  Startpoint: Domain_2_TOP_U1/UART_U0/U1/U3/Counter_done_reg
              (rising edge-triggered flip-flop clocked by RX_CLK)
  Endpoint: Domain_2_TOP_U1/UART_U0/U1/U3/P_DATA_reg[0]
            (rising edge-triggered flip-flop clocked by RX_CLK)
  Path Group: RX_CLK
  Path Type: max

  Point                                                   Incr       Path
  --------------------------------------------------------------------------
  clock RX_CLK (rise edge)                                0.00       0.00
  clock network delay (ideal)                             0.00       0.00
  Domain_2_TOP_U1/UART_U0/U1/U3/Counter_done_reg/CK (DFFRQX2M)
                                                          0.00       0.00 r
  Domain_2_TOP_U1/UART_U0/U1/U3/Counter_done_reg/Q (DFFRQX2M)
                                                          0.46       0.46 f
  Domain_2_TOP_U1/UART_U0/U1/U3/U19/Y (INVX2M)            0.20       0.65 r
  Domain_2_TOP_U1/UART_U0/U1/U3/U27/Y (OAI2BB2X1M)        0.19       0.84 r
  Domain_2_TOP_U1/UART_U0/U1/U3/P_DATA_reg[0]/D (DFFRQX2M)
                                                          0.00       0.84 r
  data arrival time                                                  0.84

  clock RX_CLK (rise edge)                              271.27     271.27
  clock network delay (ideal)                             0.00     271.27
  Domain_2_TOP_U1/UART_U0/U1/U3/P_DATA_reg[0]/CK (DFFRQX2M)
                                                          0.00     271.27 r
  library setup time                                     -0.31     270.95
  data required time                                               270.95
  --------------------------------------------------------------------------
  data required time                                               270.95
  data arrival time                                                 -0.84
  --------------------------------------------------------------------------
  slack (MET)                                                      270.11


  Startpoint: Domain_2_TOP_U1/UART_U0/U1/U3/Counter_done_reg
              (rising edge-triggered flip-flop clocked by RX_CLK)
  Endpoint: Domain_2_TOP_U1/UART_U0/U1/U3/P_DATA_reg[4]
            (rising edge-triggered flip-flop clocked by RX_CLK)
  Path Group: RX_CLK
  Path Type: max

  Point                                                   Incr       Path
  --------------------------------------------------------------------------
  clock RX_CLK (rise edge)                                0.00       0.00
  clock network delay (ideal)                             0.00       0.00
  Domain_2_TOP_U1/UART_U0/U1/U3/Counter_done_reg/CK (DFFRQX2M)
                                                          0.00       0.00 r
  Domain_2_TOP_U1/UART_U0/U1/U3/Counter_done_reg/Q (DFFRQX2M)
                                                          0.46       0.46 f
  Domain_2_TOP_U1/UART_U0/U1/U3/U19/Y (INVX2M)            0.20       0.65 r
  Domain_2_TOP_U1/UART_U0/U1/U3/U23/Y (OAI2BB2X1M)        0.19       0.84 r
  Domain_2_TOP_U1/UART_U0/U1/U3/P_DATA_reg[4]/D (DFFRQX2M)
                                                          0.00       0.84 r
  data arrival time                                                  0.84

  clock RX_CLK (rise edge)                              271.27     271.27
  clock network delay (ideal)                             0.00     271.27
  Domain_2_TOP_U1/UART_U0/U1/U3/P_DATA_reg[4]/CK (DFFRQX2M)
                                                          0.00     271.27 r
  library setup time                                     -0.31     270.95
  data required time                                               270.95
  --------------------------------------------------------------------------
  data required time                                               270.95
  data arrival time                                                 -0.84
  --------------------------------------------------------------------------
  slack (MET)                                                      270.11


  Startpoint: Domain_2_TOP_U1/UART_U0/U1/U3/Counter_done_reg
              (rising edge-triggered flip-flop clocked by RX_CLK)
  Endpoint: Domain_2_TOP_U1/UART_U0/U1/U3/P_DATA_reg[3]
            (rising edge-triggered flip-flop clocked by RX_CLK)
  Path Group: RX_CLK
  Path Type: max

  Point                                                   Incr       Path
  --------------------------------------------------------------------------
  clock RX_CLK (rise edge)                                0.00       0.00
  clock network delay (ideal)                             0.00       0.00
  Domain_2_TOP_U1/UART_U0/U1/U3/Counter_done_reg/CK (DFFRQX2M)
                                                          0.00       0.00 r
  Domain_2_TOP_U1/UART_U0/U1/U3/Counter_done_reg/Q (DFFRQX2M)
                                                          0.46       0.46 f
  Domain_2_TOP_U1/UART_U0/U1/U3/U19/Y (INVX2M)            0.20       0.65 r
  Domain_2_TOP_U1/UART_U0/U1/U3/U24/Y (OAI2BB2X1M)        0.19       0.84 r
  Domain_2_TOP_U1/UART_U0/U1/U3/P_DATA_reg[3]/D (DFFRQX2M)
                                                          0.00       0.84 r
  data arrival time                                                  0.84

  clock RX_CLK (rise edge)                              271.27     271.27
  clock network delay (ideal)                             0.00     271.27
  Domain_2_TOP_U1/UART_U0/U1/U3/P_DATA_reg[3]/CK (DFFRQX2M)
                                                          0.00     271.27 r
  library setup time                                     -0.31     270.95
  data required time                                               270.95
  --------------------------------------------------------------------------
  data required time                                               270.95
  data arrival time                                                 -0.84
  --------------------------------------------------------------------------
  slack (MET)                                                      270.11


  Startpoint: Domain_2_TOP_U1/UART_U0/U1/U3/Counter_done_reg
              (rising edge-triggered flip-flop clocked by RX_CLK)
  Endpoint: Domain_2_TOP_U1/UART_U0/U1/U3/P_DATA_reg[7]
            (rising edge-triggered flip-flop clocked by RX_CLK)
  Path Group: RX_CLK
  Path Type: max

  Point                                                   Incr       Path
  --------------------------------------------------------------------------
  clock RX_CLK (rise edge)                                0.00       0.00
  clock network delay (ideal)                             0.00       0.00
  Domain_2_TOP_U1/UART_U0/U1/U3/Counter_done_reg/CK (DFFRQX2M)
                                                          0.00       0.00 r
  Domain_2_TOP_U1/UART_U0/U1/U3/Counter_done_reg/Q (DFFRQX2M)
                                                          0.46       0.46 f
  Domain_2_TOP_U1/UART_U0/U1/U3/U19/Y (INVX2M)            0.20       0.65 r
  Domain_2_TOP_U1/UART_U0/U1/U3/U20/Y (OAI2BB2X1M)        0.19       0.84 r
  Domain_2_TOP_U1/UART_U0/U1/U3/P_DATA_reg[7]/D (DFFRQX2M)
                                                          0.00       0.84 r
  data arrival time                                                  0.84

  clock RX_CLK (rise edge)                              271.27     271.27
  clock network delay (ideal)                             0.00     271.27
  Domain_2_TOP_U1/UART_U0/U1/U3/P_DATA_reg[7]/CK (DFFRQX2M)
                                                          0.00     271.27 r
  library setup time                                     -0.31     270.95
  data required time                                               270.95
  --------------------------------------------------------------------------
  data required time                                               270.95
  data arrival time                                                 -0.84
  --------------------------------------------------------------------------
  slack (MET)                                                      270.11


  Startpoint: Domain_2_TOP_U1/UART_U0/U1/U3/Counter_done_reg
              (rising edge-triggered flip-flop clocked by RX_CLK)
  Endpoint: Domain_2_TOP_U1/UART_U0/U1/U3/P_DATA_reg[2]
            (rising edge-triggered flip-flop clocked by RX_CLK)
  Path Group: RX_CLK
  Path Type: max

  Point                                                   Incr       Path
  --------------------------------------------------------------------------
  clock RX_CLK (rise edge)                                0.00       0.00
  clock network delay (ideal)                             0.00       0.00
  Domain_2_TOP_U1/UART_U0/U1/U3/Counter_done_reg/CK (DFFRQX2M)
                                                          0.00       0.00 r
  Domain_2_TOP_U1/UART_U0/U1/U3/Counter_done_reg/Q (DFFRQX2M)
                                                          0.46       0.46 f
  Domain_2_TOP_U1/UART_U0/U1/U3/U19/Y (INVX2M)            0.20       0.65 r
  Domain_2_TOP_U1/UART_U0/U1/U3/U25/Y (OAI2BB2X1M)        0.19       0.84 r
  Domain_2_TOP_U1/UART_U0/U1/U3/P_DATA_reg[2]/D (DFFRQX2M)
                                                          0.00       0.84 r
  data arrival time                                                  0.84

  clock RX_CLK (rise edge)                              271.27     271.27
  clock network delay (ideal)                             0.00     271.27
  Domain_2_TOP_U1/UART_U0/U1/U3/P_DATA_reg[2]/CK (DFFRQX2M)
                                                          0.00     271.27 r
  library setup time                                     -0.31     270.95
  data required time                                               270.95
  --------------------------------------------------------------------------
  data required time                                               270.95
  data arrival time                                                 -0.84
  --------------------------------------------------------------------------
  slack (MET)                                                      270.11


  Startpoint: Domain_2_TOP_U1/UART_U0/U1/U3/Counter_done_reg
              (rising edge-triggered flip-flop clocked by RX_CLK)
  Endpoint: Domain_2_TOP_U1/UART_U0/U1/U3/P_DATA_reg[6]
            (rising edge-triggered flip-flop clocked by RX_CLK)
  Path Group: RX_CLK
  Path Type: max

  Point                                                   Incr       Path
  --------------------------------------------------------------------------
  clock RX_CLK (rise edge)                                0.00       0.00
  clock network delay (ideal)                             0.00       0.00
  Domain_2_TOP_U1/UART_U0/U1/U3/Counter_done_reg/CK (DFFRQX2M)
                                                          0.00       0.00 r
  Domain_2_TOP_U1/UART_U0/U1/U3/Counter_done_reg/Q (DFFRQX2M)
                                                          0.46       0.46 f
  Domain_2_TOP_U1/UART_U0/U1/U3/U19/Y (INVX2M)            0.20       0.65 r
  Domain_2_TOP_U1/UART_U0/U1/U3/U21/Y (OAI2BB2X1M)        0.19       0.84 r
  Domain_2_TOP_U1/UART_U0/U1/U3/P_DATA_reg[6]/D (DFFRQX2M)
                                                          0.00       0.84 r
  data arrival time                                                  0.84

  clock RX_CLK (rise edge)                              271.27     271.27
  clock network delay (ideal)                             0.00     271.27
  Domain_2_TOP_U1/UART_U0/U1/U3/P_DATA_reg[6]/CK (DFFRQX2M)
                                                          0.00     271.27 r
  library setup time                                     -0.31     270.95
  data required time                                               270.95
  --------------------------------------------------------------------------
  data required time                                               270.95
  data arrival time                                                 -0.84
  --------------------------------------------------------------------------
  slack (MET)                                                      270.11


  Startpoint: Domain_2_TOP_U1/UART_U0/U0/U1/cur_state_reg[2]
              (rising edge-triggered flip-flop clocked by TX_CLK)
  Endpoint: Domain_2_TOP_U1/UART_U0/U0/U2/P_DATA_Hold_reg[5]
            (rising edge-triggered flip-flop clocked by TX_CLK)
  Path Group: TX_CLK
  Path Type: max

  Point                                                   Incr       Path
  --------------------------------------------------------------------------
  clock TX_CLK (rise edge)                                0.00       0.00
  clock network delay (ideal)                             0.00       0.00
  Domain_2_TOP_U1/UART_U0/U0/U1/cur_state_reg[2]/CK (DFFRQX2M)
                                                          0.00       0.00 r
  Domain_2_TOP_U1/UART_U0/U0/U1/cur_state_reg[2]/Q (DFFRQX2M)
                                                          0.47       0.47 f
  Domain_2_TOP_U1/UART_U0/U0/U1/U10/Y (INVX2M)            0.13       0.60 r
  Domain_2_TOP_U1/UART_U0/U0/U1/U8/Y (NAND3X2M)           0.15       0.75 f
  Domain_2_TOP_U1/UART_U0/U0/U1/U4/Y (NAND2X2M)           0.14       0.89 r
  Domain_2_TOP_U1/UART_U0/U0/U1/ser_en (FSM_TX)           0.00       0.89 r
  Domain_2_TOP_U1/UART_U0/U0/U2/ser_en (serializer_TX)
                                                          0.00       0.89 r
  Domain_2_TOP_U1/UART_U0/U0/U2/U5/Y (INVX2M)             0.10       1.00 f
  Domain_2_TOP_U1/UART_U0/U0/U2/U3/Y (AO21XLM)            0.46       1.45 f
  Domain_2_TOP_U1/UART_U0/U0/U2/U6/Y (NOR2X2M)            0.33       1.78 r
  Domain_2_TOP_U1/UART_U0/U0/U2/U26/Y (AOI22X1M)          0.17       1.96 f
  Domain_2_TOP_U1/UART_U0/U0/U2/U25/Y (OAI2BB1X2M)        0.09       2.05 r
  Domain_2_TOP_U1/UART_U0/U0/U2/P_DATA_Hold_reg[5]/D (DFFRQX2M)
                                                          0.00       2.05 r
  data arrival time                                                  2.05

  clock TX_CLK (rise edge)                             8680.54    8680.54
  clock network delay (ideal)                             0.00    8680.54
  Domain_2_TOP_U1/UART_U0/U0/U2/P_DATA_Hold_reg[5]/CK (DFFRQX2M)
                                                          0.00    8680.54 r
  library setup time                                     -0.30    8680.24
  data required time                                              8680.24
  --------------------------------------------------------------------------
  data required time                                              8680.24
  data arrival time                                                 -2.05
  --------------------------------------------------------------------------
  slack (MET)                                                     8678.20


  Startpoint: Domain_2_TOP_U1/UART_U0/U0/U1/cur_state_reg[2]
              (rising edge-triggered flip-flop clocked by TX_CLK)
  Endpoint: Domain_2_TOP_U1/UART_U0/U0/U2/P_DATA_Hold_reg[4]
            (rising edge-triggered flip-flop clocked by TX_CLK)
  Path Group: TX_CLK
  Path Type: max

  Point                                                   Incr       Path
  --------------------------------------------------------------------------
  clock TX_CLK (rise edge)                                0.00       0.00
  clock network delay (ideal)                             0.00       0.00
  Domain_2_TOP_U1/UART_U0/U0/U1/cur_state_reg[2]/CK (DFFRQX2M)
                                                          0.00       0.00 r
  Domain_2_TOP_U1/UART_U0/U0/U1/cur_state_reg[2]/Q (DFFRQX2M)
                                                          0.47       0.47 f
  Domain_2_TOP_U1/UART_U0/U0/U1/U10/Y (INVX2M)            0.13       0.60 r
  Domain_2_TOP_U1/UART_U0/U0/U1/U8/Y (NAND3X2M)           0.15       0.75 f
  Domain_2_TOP_U1/UART_U0/U0/U1/U4/Y (NAND2X2M)           0.14       0.89 r
  Domain_2_TOP_U1/UART_U0/U0/U1/ser_en (FSM_TX)           0.00       0.89 r
  Domain_2_TOP_U1/UART_U0/U0/U2/ser_en (serializer_TX)
                                                          0.00       0.89 r
  Domain_2_TOP_U1/UART_U0/U0/U2/U5/Y (INVX2M)             0.10       1.00 f
  Domain_2_TOP_U1/UART_U0/U0/U2/U3/Y (AO21XLM)            0.46       1.45 f
  Domain_2_TOP_U1/UART_U0/U0/U2/U6/Y (NOR2X2M)            0.33       1.78 r
  Domain_2_TOP_U1/UART_U0/U0/U2/U24/Y (AOI22X1M)          0.17       1.96 f
  Domain_2_TOP_U1/UART_U0/U0/U2/U23/Y (OAI2BB1X2M)        0.09       2.05 r
  Domain_2_TOP_U1/UART_U0/U0/U2/P_DATA_Hold_reg[4]/D (DFFRQX2M)
                                                          0.00       2.05 r
  data arrival time                                                  2.05

  clock TX_CLK (rise edge)                             8680.54    8680.54
  clock network delay (ideal)                             0.00    8680.54
  Domain_2_TOP_U1/UART_U0/U0/U2/P_DATA_Hold_reg[4]/CK (DFFRQX2M)
                                                          0.00    8680.54 r
  library setup time                                     -0.30    8680.24
  data required time                                              8680.24
  --------------------------------------------------------------------------
  data required time                                              8680.24
  data arrival time                                                 -2.05
  --------------------------------------------------------------------------
  slack (MET)                                                     8678.20


  Startpoint: Domain_2_TOP_U1/UART_U0/U0/U1/cur_state_reg[2]
              (rising edge-triggered flip-flop clocked by TX_CLK)
  Endpoint: Domain_2_TOP_U1/UART_U0/U0/U2/P_DATA_Hold_reg[3]
            (rising edge-triggered flip-flop clocked by TX_CLK)
  Path Group: TX_CLK
  Path Type: max

  Point                                                   Incr       Path
  --------------------------------------------------------------------------
  clock TX_CLK (rise edge)                                0.00       0.00
  clock network delay (ideal)                             0.00       0.00
  Domain_2_TOP_U1/UART_U0/U0/U1/cur_state_reg[2]/CK (DFFRQX2M)
                                                          0.00       0.00 r
  Domain_2_TOP_U1/UART_U0/U0/U1/cur_state_reg[2]/Q (DFFRQX2M)
                                                          0.47       0.47 f
  Domain_2_TOP_U1/UART_U0/U0/U1/U10/Y (INVX2M)            0.13       0.60 r
  Domain_2_TOP_U1/UART_U0/U0/U1/U8/Y (NAND3X2M)           0.15       0.75 f
  Domain_2_TOP_U1/UART_U0/U0/U1/U4/Y (NAND2X2M)           0.14       0.89 r
  Domain_2_TOP_U1/UART_U0/U0/U1/ser_en (FSM_TX)           0.00       0.89 r
  Domain_2_TOP_U1/UART_U0/U0/U2/ser_en (serializer_TX)
                                                          0.00       0.89 r
  Domain_2_TOP_U1/UART_U0/U0/U2/U5/Y (INVX2M)             0.10       1.00 f
  Domain_2_TOP_U1/UART_U0/U0/U2/U3/Y (AO21XLM)            0.46       1.45 f
  Domain_2_TOP_U1/UART_U0/U0/U2/U6/Y (NOR2X2M)            0.33       1.78 r
  Domain_2_TOP_U1/UART_U0/U0/U2/U22/Y (AOI22X1M)          0.17       1.96 f
  Domain_2_TOP_U1/UART_U0/U0/U2/U21/Y (OAI2BB1X2M)        0.09       2.05 r
  Domain_2_TOP_U1/UART_U0/U0/U2/P_DATA_Hold_reg[3]/D (DFFRQX2M)
                                                          0.00       2.05 r
  data arrival time                                                  2.05

  clock TX_CLK (rise edge)                             8680.54    8680.54
  clock network delay (ideal)                             0.00    8680.54
  Domain_2_TOP_U1/UART_U0/U0/U2/P_DATA_Hold_reg[3]/CK (DFFRQX2M)
                                                          0.00    8680.54 r
  library setup time                                     -0.30    8680.24
  data required time                                              8680.24
  --------------------------------------------------------------------------
  data required time                                              8680.24
  data arrival time                                                 -2.05
  --------------------------------------------------------------------------
  slack (MET)                                                     8678.20


  Startpoint: Domain_2_TOP_U1/UART_U0/U0/U1/cur_state_reg[2]
              (rising edge-triggered flip-flop clocked by TX_CLK)
  Endpoint: Domain_2_TOP_U1/UART_U0/U0/U2/P_DATA_Hold_reg[2]
            (rising edge-triggered flip-flop clocked by TX_CLK)
  Path Group: TX_CLK
  Path Type: max

  Point                                                   Incr       Path
  --------------------------------------------------------------------------
  clock TX_CLK (rise edge)                                0.00       0.00
  clock network delay (ideal)                             0.00       0.00
  Domain_2_TOP_U1/UART_U0/U0/U1/cur_state_reg[2]/CK (DFFRQX2M)
                                                          0.00       0.00 r
  Domain_2_TOP_U1/UART_U0/U0/U1/cur_state_reg[2]/Q (DFFRQX2M)
                                                          0.47       0.47 f
  Domain_2_TOP_U1/UART_U0/U0/U1/U10/Y (INVX2M)            0.13       0.60 r
  Domain_2_TOP_U1/UART_U0/U0/U1/U8/Y (NAND3X2M)           0.15       0.75 f
  Domain_2_TOP_U1/UART_U0/U0/U1/U4/Y (NAND2X2M)           0.14       0.89 r
  Domain_2_TOP_U1/UART_U0/U0/U1/ser_en (FSM_TX)           0.00       0.89 r
  Domain_2_TOP_U1/UART_U0/U0/U2/ser_en (serializer_TX)
                                                          0.00       0.89 r
  Domain_2_TOP_U1/UART_U0/U0/U2/U5/Y (INVX2M)             0.10       1.00 f
  Domain_2_TOP_U1/UART_U0/U0/U2/U3/Y (AO21XLM)            0.46       1.45 f
  Domain_2_TOP_U1/UART_U0/U0/U2/U6/Y (NOR2X2M)            0.33       1.78 r
  Domain_2_TOP_U1/UART_U0/U0/U2/U20/Y (AOI22X1M)          0.17       1.96 f
  Domain_2_TOP_U1/UART_U0/U0/U2/U19/Y (OAI2BB1X2M)        0.09       2.05 r
  Domain_2_TOP_U1/UART_U0/U0/U2/P_DATA_Hold_reg[2]/D (DFFRQX2M)
                                                          0.00       2.05 r
  data arrival time                                                  2.05

  clock TX_CLK (rise edge)                             8680.54    8680.54
  clock network delay (ideal)                             0.00    8680.54
  Domain_2_TOP_U1/UART_U0/U0/U2/P_DATA_Hold_reg[2]/CK (DFFRQX2M)
                                                          0.00    8680.54 r
  library setup time                                     -0.30    8680.24
  data required time                                              8680.24
  --------------------------------------------------------------------------
  data required time                                              8680.24
  data arrival time                                                 -2.05
  --------------------------------------------------------------------------
  slack (MET)                                                     8678.20


  Startpoint: Domain_2_TOP_U1/UART_U0/U0/U1/cur_state_reg[2]
              (rising edge-triggered flip-flop clocked by TX_CLK)
  Endpoint: Domain_2_TOP_U1/UART_U0/U0/U2/P_DATA_Hold_reg[1]
            (rising edge-triggered flip-flop clocked by TX_CLK)
  Path Group: TX_CLK
  Path Type: max

  Point                                                   Incr       Path
  --------------------------------------------------------------------------
  clock TX_CLK (rise edge)                                0.00       0.00
  clock network delay (ideal)                             0.00       0.00
  Domain_2_TOP_U1/UART_U0/U0/U1/cur_state_reg[2]/CK (DFFRQX2M)
                                                          0.00       0.00 r
  Domain_2_TOP_U1/UART_U0/U0/U1/cur_state_reg[2]/Q (DFFRQX2M)
                                                          0.47       0.47 f
  Domain_2_TOP_U1/UART_U0/U0/U1/U10/Y (INVX2M)            0.13       0.60 r
  Domain_2_TOP_U1/UART_U0/U0/U1/U8/Y (NAND3X2M)           0.15       0.75 f
  Domain_2_TOP_U1/UART_U0/U0/U1/U4/Y (NAND2X2M)           0.14       0.89 r
  Domain_2_TOP_U1/UART_U0/U0/U1/ser_en (FSM_TX)           0.00       0.89 r
  Domain_2_TOP_U1/UART_U0/U0/U2/ser_en (serializer_TX)
                                                          0.00       0.89 r
  Domain_2_TOP_U1/UART_U0/U0/U2/U5/Y (INVX2M)             0.10       1.00 f
  Domain_2_TOP_U1/UART_U0/U0/U2/U3/Y (AO21XLM)            0.46       1.45 f
  Domain_2_TOP_U1/UART_U0/U0/U2/U6/Y (NOR2X2M)            0.33       1.78 r
  Domain_2_TOP_U1/UART_U0/U0/U2/U18/Y (AOI22X1M)          0.17       1.96 f
  Domain_2_TOP_U1/UART_U0/U0/U2/U17/Y (OAI2BB1X2M)        0.09       2.05 r
  Domain_2_TOP_U1/UART_U0/U0/U2/P_DATA_Hold_reg[1]/D (DFFRQX2M)
                                                          0.00       2.05 r
  data arrival time                                                  2.05

  clock TX_CLK (rise edge)                             8680.54    8680.54
  clock network delay (ideal)                             0.00    8680.54
  Domain_2_TOP_U1/UART_U0/U0/U2/P_DATA_Hold_reg[1]/CK (DFFRQX2M)
                                                          0.00    8680.54 r
  library setup time                                     -0.30    8680.24
  data required time                                              8680.24
  --------------------------------------------------------------------------
  data required time                                              8680.24
  data arrival time                                                 -2.05
  --------------------------------------------------------------------------
  slack (MET)                                                     8678.20


  Startpoint: Domain_2_TOP_U1/UART_U0/U0/U1/cur_state_reg[2]
              (rising edge-triggered flip-flop clocked by TX_CLK)
  Endpoint: Domain_2_TOP_U1/UART_U0/U0/U2/P_DATA_Hold_reg[0]
            (rising edge-triggered flip-flop clocked by TX_CLK)
  Path Group: TX_CLK
  Path Type: max

  Point                                                   Incr       Path
  --------------------------------------------------------------------------
  clock TX_CLK (rise edge)                                0.00       0.00
  clock network delay (ideal)                             0.00       0.00
  Domain_2_TOP_U1/UART_U0/U0/U1/cur_state_reg[2]/CK (DFFRQX2M)
                                                          0.00       0.00 r
  Domain_2_TOP_U1/UART_U0/U0/U1/cur_state_reg[2]/Q (DFFRQX2M)
                                                          0.47       0.47 f
  Domain_2_TOP_U1/UART_U0/U0/U1/U10/Y (INVX2M)            0.13       0.60 r
  Domain_2_TOP_U1/UART_U0/U0/U1/U8/Y (NAND3X2M)           0.15       0.75 f
  Domain_2_TOP_U1/UART_U0/U0/U1/U4/Y (NAND2X2M)           0.14       0.89 r
  Domain_2_TOP_U1/UART_U0/U0/U1/ser_en (FSM_TX)           0.00       0.89 r
  Domain_2_TOP_U1/UART_U0/U0/U2/ser_en (serializer_TX)
                                                          0.00       0.89 r
  Domain_2_TOP_U1/UART_U0/U0/U2/U5/Y (INVX2M)             0.10       1.00 f
  Domain_2_TOP_U1/UART_U0/U0/U2/U3/Y (AO21XLM)            0.46       1.45 f
  Domain_2_TOP_U1/UART_U0/U0/U2/U6/Y (NOR2X2M)            0.33       1.78 r
  Domain_2_TOP_U1/UART_U0/U0/U2/U16/Y (AOI22X1M)          0.17       1.96 f
  Domain_2_TOP_U1/UART_U0/U0/U2/U15/Y (OAI2BB1X2M)        0.09       2.05 r
  Domain_2_TOP_U1/UART_U0/U0/U2/P_DATA_Hold_reg[0]/D (DFFRQX2M)
                                                          0.00       2.05 r
  data arrival time                                                  2.05

  clock TX_CLK (rise edge)                             8680.54    8680.54
  clock network delay (ideal)                             0.00    8680.54
  Domain_2_TOP_U1/UART_U0/U0/U2/P_DATA_Hold_reg[0]/CK (DFFRQX2M)
                                                          0.00    8680.54 r
  library setup time                                     -0.30    8680.24
  data required time                                              8680.24
  --------------------------------------------------------------------------
  data required time                                              8680.24
  data arrival time                                                 -2.05
  --------------------------------------------------------------------------
  slack (MET)                                                     8678.20


  Startpoint: Domain_2_TOP_U1/UART_U0/U0/U1/cur_state_reg[2]
              (rising edge-triggered flip-flop clocked by TX_CLK)
  Endpoint: Domain_2_TOP_U1/UART_U0/U0/U2/ser_data_reg
            (rising edge-triggered flip-flop clocked by TX_CLK)
  Path Group: TX_CLK
  Path Type: max

  Point                                                   Incr       Path
  --------------------------------------------------------------------------
  clock TX_CLK (rise edge)                                0.00       0.00
  clock network delay (ideal)                             0.00       0.00
  Domain_2_TOP_U1/UART_U0/U0/U1/cur_state_reg[2]/CK (DFFRQX2M)
                                                          0.00       0.00 r
  Domain_2_TOP_U1/UART_U0/U0/U1/cur_state_reg[2]/Q (DFFRQX2M)
                                                          0.47       0.47 f
  Domain_2_TOP_U1/UART_U0/U0/U1/U10/Y (INVX2M)            0.13       0.60 r
  Domain_2_TOP_U1/UART_U0/U0/U1/U8/Y (NAND3X2M)           0.15       0.75 f
  Domain_2_TOP_U1/UART_U0/U0/U1/U4/Y (NAND2X2M)           0.14       0.89 r
  Domain_2_TOP_U1/UART_U0/U0/U1/ser_en (FSM_TX)           0.00       0.89 r
  Domain_2_TOP_U1/UART_U0/U0/U2/ser_en (serializer_TX)
                                                          0.00       0.89 r
  Domain_2_TOP_U1/UART_U0/U0/U2/U5/Y (INVX2M)             0.10       1.00 f
  Domain_2_TOP_U1/UART_U0/U0/U2/U3/Y (AO21XLM)            0.46       1.45 f
  Domain_2_TOP_U1/UART_U0/U0/U2/U6/Y (NOR2X2M)            0.33       1.78 r
  Domain_2_TOP_U1/UART_U0/U0/U2/U14/Y (AOI22X1M)          0.17       1.96 f
  Domain_2_TOP_U1/UART_U0/U0/U2/U13/Y (OAI2BB1X2M)        0.09       2.05 r
  Domain_2_TOP_U1/UART_U0/U0/U2/ser_data_reg/D (DFFRQX2M)
                                                          0.00       2.05 r
  data arrival time                                                  2.05

  clock TX_CLK (rise edge)                             8680.54    8680.54
  clock network delay (ideal)                             0.00    8680.54
  Domain_2_TOP_U1/UART_U0/U0/U2/ser_data_reg/CK (DFFRQX2M)
                                                          0.00    8680.54 r
  library setup time                                     -0.30    8680.24
  data required time                                              8680.24
  --------------------------------------------------------------------------
  data required time                                              8680.24
  data arrival time                                                 -2.05
  --------------------------------------------------------------------------
  slack (MET)                                                     8678.20


  Startpoint: Domain_2_TOP_U1/UART_U0/U0/U1/cur_state_reg[2]
              (rising edge-triggered flip-flop clocked by TX_CLK)
  Endpoint: Domain_2_TOP_U1/UART_U0/U0/U2/P_DATA_Hold_reg[6]
            (rising edge-triggered flip-flop clocked by TX_CLK)
  Path Group: TX_CLK
  Path Type: max

  Point                                                   Incr       Path
  --------------------------------------------------------------------------
  clock TX_CLK (rise edge)                                0.00       0.00
  clock network delay (ideal)                             0.00       0.00
  Domain_2_TOP_U1/UART_U0/U0/U1/cur_state_reg[2]/CK (DFFRQX2M)
                                                          0.00       0.00 r
  Domain_2_TOP_U1/UART_U0/U0/U1/cur_state_reg[2]/Q (DFFRQX2M)
                                                          0.47       0.47 f
  Domain_2_TOP_U1/UART_U0/U0/U1/U10/Y (INVX2M)            0.13       0.60 r
  Domain_2_TOP_U1/UART_U0/U0/U1/U8/Y (NAND3X2M)           0.15       0.75 f
  Domain_2_TOP_U1/UART_U0/U0/U1/U4/Y (NAND2X2M)           0.14       0.89 r
  Domain_2_TOP_U1/UART_U0/U0/U1/ser_en (FSM_TX)           0.00       0.89 r
  Domain_2_TOP_U1/UART_U0/U0/U2/ser_en (serializer_TX)
                                                          0.00       0.89 r
  Domain_2_TOP_U1/UART_U0/U0/U2/U5/Y (INVX2M)             0.10       1.00 f
  Domain_2_TOP_U1/UART_U0/U0/U2/U3/Y (AO21XLM)            0.46       1.45 f
  Domain_2_TOP_U1/UART_U0/U0/U2/U6/Y (NOR2X2M)            0.33       1.78 r
  Domain_2_TOP_U1/UART_U0/U0/U2/U28/Y (NAND2X2M)          0.10       1.88 f
  Domain_2_TOP_U1/UART_U0/U0/U2/U27/Y (OAI2BB1X2M)        0.07       1.95 r
  Domain_2_TOP_U1/UART_U0/U0/U2/P_DATA_Hold_reg[6]/D (DFFRQX2M)
                                                          0.00       1.95 r
  data arrival time                                                  1.95

  clock TX_CLK (rise edge)                             8680.54    8680.54
  clock network delay (ideal)                             0.00    8680.54
  Domain_2_TOP_U1/UART_U0/U0/U2/P_DATA_Hold_reg[6]/CK (DFFRQX2M)
                                                          0.00    8680.54 r
  library setup time                                     -0.30    8680.24
  data required time                                              8680.24
  --------------------------------------------------------------------------
  data required time                                              8680.24
  data arrival time                                                 -1.95
  --------------------------------------------------------------------------
  slack (MET)                                                     8678.29


  Startpoint: ASYNC_FIFO_U5/U3/rptr_bi_reg[1]
              (rising edge-triggered flip-flop clocked by TX_CLK)
  Endpoint: ASYNC_FIFO_U5/U1/RD_DATA_reg[6]
            (rising edge-triggered flip-flop clocked by TX_CLK)
  Path Group: TX_CLK
  Path Type: max

  Point                                                   Incr       Path
  --------------------------------------------------------------------------
  clock TX_CLK (rise edge)                                0.00       0.00
  clock network delay (ideal)                             0.00       0.00
  ASYNC_FIFO_U5/U3/rptr_bi_reg[1]/CK (DFFRQX2M)           0.00       0.00 r
  ASYNC_FIFO_U5/U3/rptr_bi_reg[1]/Q (DFFRQX2M)            0.54       0.54 f
  ASYNC_FIFO_U5/U3/raddr[1] (FIFO_RD)                     0.00       0.54 f
  ASYNC_FIFO_U5/U1/raddr[1] (FIFO_MEM_CNTRL)              0.00       0.54 f
  ASYNC_FIFO_U5/U1/U101/Y (INVX2M)                        0.10       0.64 r
  ASYNC_FIFO_U5/U1/U100/Y (NOR2X2M)                       0.10       0.75 f
  ASYNC_FIFO_U5/U1/U137/Y (AO22X1M)                       0.36       1.10 f
  ASYNC_FIFO_U5/U1/U138/Y (AOI221XLM)                     0.28       1.39 r
  ASYNC_FIFO_U5/U1/U139/Y (OAI22X1M)                      0.17       1.56 f
  ASYNC_FIFO_U5/U1/RD_DATA_reg[6]/D (DFFRQX2M)            0.00       1.56 f
  data arrival time                                                  1.56

  clock TX_CLK (rise edge)                             8680.54    8680.54
  clock network delay (ideal)                             0.00    8680.54
  ASYNC_FIFO_U5/U1/RD_DATA_reg[6]/CK (DFFRQX2M)           0.00    8680.54 r
  library setup time                                     -0.17    8680.37
  data required time                                              8680.37
  --------------------------------------------------------------------------
  data required time                                              8680.37
  data arrival time                                                 -1.56
  --------------------------------------------------------------------------
  slack (MET)                                                     8678.81


  Startpoint: ASYNC_FIFO_U5/U3/rptr_bi_reg[1]
              (rising edge-triggered flip-flop clocked by TX_CLK)
  Endpoint: ASYNC_FIFO_U5/U1/RD_DATA_reg[5]
            (rising edge-triggered flip-flop clocked by TX_CLK)
  Path Group: TX_CLK
  Path Type: max

  Point                                                   Incr       Path
  --------------------------------------------------------------------------
  clock TX_CLK (rise edge)                                0.00       0.00
  clock network delay (ideal)                             0.00       0.00
  ASYNC_FIFO_U5/U3/rptr_bi_reg[1]/CK (DFFRQX2M)           0.00       0.00 r
  ASYNC_FIFO_U5/U3/rptr_bi_reg[1]/Q (DFFRQX2M)            0.54       0.54 f
  ASYNC_FIFO_U5/U3/raddr[1] (FIFO_RD)                     0.00       0.54 f
  ASYNC_FIFO_U5/U1/raddr[1] (FIFO_MEM_CNTRL)              0.00       0.54 f
  ASYNC_FIFO_U5/U1/U101/Y (INVX2M)                        0.10       0.64 r
  ASYNC_FIFO_U5/U1/U100/Y (NOR2X2M)                       0.10       0.75 f
  ASYNC_FIFO_U5/U1/U132/Y (AO22X1M)                       0.36       1.10 f
  ASYNC_FIFO_U5/U1/U133/Y (AOI221XLM)                     0.28       1.39 r
  ASYNC_FIFO_U5/U1/U134/Y (OAI22X1M)                      0.17       1.56 f
  ASYNC_FIFO_U5/U1/RD_DATA_reg[5]/D (DFFRQX2M)            0.00       1.56 f
  data arrival time                                                  1.56

  clock TX_CLK (rise edge)                             8680.54    8680.54
  clock network delay (ideal)                             0.00    8680.54
  ASYNC_FIFO_U5/U1/RD_DATA_reg[5]/CK (DFFRQX2M)           0.00    8680.54 r
  library setup time                                     -0.17    8680.37
  data required time                                              8680.37
  --------------------------------------------------------------------------
  data required time                                              8680.37
  data arrival time                                                 -1.56
  --------------------------------------------------------------------------
  slack (MET)                                                     8678.81


  Startpoint: ASYNC_FIFO_U5/U3/rptr_bi_reg[1]
              (rising edge-triggered flip-flop clocked by TX_CLK)
  Endpoint: ASYNC_FIFO_U5/U1/RD_DATA_reg[4]
            (rising edge-triggered flip-flop clocked by TX_CLK)
  Path Group: TX_CLK
  Path Type: max

  Point                                                   Incr       Path
  --------------------------------------------------------------------------
  clock TX_CLK (rise edge)                                0.00       0.00
  clock network delay (ideal)                             0.00       0.00
  ASYNC_FIFO_U5/U3/rptr_bi_reg[1]/CK (DFFRQX2M)           0.00       0.00 r
  ASYNC_FIFO_U5/U3/rptr_bi_reg[1]/Q (DFFRQX2M)            0.54       0.54 f
  ASYNC_FIFO_U5/U3/raddr[1] (FIFO_RD)                     0.00       0.54 f
  ASYNC_FIFO_U5/U1/raddr[1] (FIFO_MEM_CNTRL)              0.00       0.54 f
  ASYNC_FIFO_U5/U1/U101/Y (INVX2M)                        0.10       0.64 r
  ASYNC_FIFO_U5/U1/U100/Y (NOR2X2M)                       0.10       0.75 f
  ASYNC_FIFO_U5/U1/U127/Y (AO22X1M)                       0.36       1.10 f
  ASYNC_FIFO_U5/U1/U128/Y (AOI221XLM)                     0.28       1.39 r
  ASYNC_FIFO_U5/U1/U129/Y (OAI22X1M)                      0.17       1.56 f
  ASYNC_FIFO_U5/U1/RD_DATA_reg[4]/D (DFFRQX2M)            0.00       1.56 f
  data arrival time                                                  1.56

  clock TX_CLK (rise edge)                             8680.54    8680.54
  clock network delay (ideal)                             0.00    8680.54
  ASYNC_FIFO_U5/U1/RD_DATA_reg[4]/CK (DFFRQX2M)           0.00    8680.54 r
  library setup time                                     -0.17    8680.37
  data required time                                              8680.37
  --------------------------------------------------------------------------
  data required time                                              8680.37
  data arrival time                                                 -1.56
  --------------------------------------------------------------------------
  slack (MET)                                                     8678.81


  Startpoint: ASYNC_FIFO_U5/U3/rptr_bi_reg[1]
              (rising edge-triggered flip-flop clocked by TX_CLK)
  Endpoint: ASYNC_FIFO_U5/U1/RD_DATA_reg[3]
            (rising edge-triggered flip-flop clocked by TX_CLK)
  Path Group: TX_CLK
  Path Type: max

  Point                                                   Incr       Path
  --------------------------------------------------------------------------
  clock TX_CLK (rise edge)                                0.00       0.00
  clock network delay (ideal)                             0.00       0.00
  ASYNC_FIFO_U5/U3/rptr_bi_reg[1]/CK (DFFRQX2M)           0.00       0.00 r
  ASYNC_FIFO_U5/U3/rptr_bi_reg[1]/Q (DFFRQX2M)            0.54       0.54 f
  ASYNC_FIFO_U5/U3/raddr[1] (FIFO_RD)                     0.00       0.54 f
  ASYNC_FIFO_U5/U1/raddr[1] (FIFO_MEM_CNTRL)              0.00       0.54 f
  ASYNC_FIFO_U5/U1/U101/Y (INVX2M)                        0.10       0.64 r
  ASYNC_FIFO_U5/U1/U100/Y (NOR2X2M)                       0.10       0.75 f
  ASYNC_FIFO_U5/U1/U122/Y (AO22X1M)                       0.36       1.10 f
  ASYNC_FIFO_U5/U1/U123/Y (AOI221XLM)                     0.28       1.39 r
  ASYNC_FIFO_U5/U1/U124/Y (OAI22X1M)                      0.17       1.56 f
  ASYNC_FIFO_U5/U1/RD_DATA_reg[3]/D (DFFRQX2M)            0.00       1.56 f
  data arrival time                                                  1.56

  clock TX_CLK (rise edge)                             8680.54    8680.54
  clock network delay (ideal)                             0.00    8680.54
  ASYNC_FIFO_U5/U1/RD_DATA_reg[3]/CK (DFFRQX2M)           0.00    8680.54 r
  library setup time                                     -0.17    8680.37
  data required time                                              8680.37
  --------------------------------------------------------------------------
  data required time                                              8680.37
  data arrival time                                                 -1.56
  --------------------------------------------------------------------------
  slack (MET)                                                     8678.81


  Startpoint: ASYNC_FIFO_U5/U3/rptr_bi_reg[1]
              (rising edge-triggered flip-flop clocked by TX_CLK)
  Endpoint: ASYNC_FIFO_U5/U1/RD_DATA_reg[2]
            (rising edge-triggered flip-flop clocked by TX_CLK)
  Path Group: TX_CLK
  Path Type: max

  Point                                                   Incr       Path
  --------------------------------------------------------------------------
  clock TX_CLK (rise edge)                                0.00       0.00
  clock network delay (ideal)                             0.00       0.00
  ASYNC_FIFO_U5/U3/rptr_bi_reg[1]/CK (DFFRQX2M)           0.00       0.00 r
  ASYNC_FIFO_U5/U3/rptr_bi_reg[1]/Q (DFFRQX2M)            0.54       0.54 f
  ASYNC_FIFO_U5/U3/raddr[1] (FIFO_RD)                     0.00       0.54 f
  ASYNC_FIFO_U5/U1/raddr[1] (FIFO_MEM_CNTRL)              0.00       0.54 f
  ASYNC_FIFO_U5/U1/U101/Y (INVX2M)                        0.10       0.64 r
  ASYNC_FIFO_U5/U1/U100/Y (NOR2X2M)                       0.10       0.75 f
  ASYNC_FIFO_U5/U1/U117/Y (AO22X1M)                       0.36       1.10 f
  ASYNC_FIFO_U5/U1/U118/Y (AOI221XLM)                     0.28       1.39 r
  ASYNC_FIFO_U5/U1/U119/Y (OAI22X1M)                      0.17       1.56 f
  ASYNC_FIFO_U5/U1/RD_DATA_reg[2]/D (DFFRQX2M)            0.00       1.56 f
  data arrival time                                                  1.56

  clock TX_CLK (rise edge)                             8680.54    8680.54
  clock network delay (ideal)                             0.00    8680.54
  ASYNC_FIFO_U5/U1/RD_DATA_reg[2]/CK (DFFRQX2M)           0.00    8680.54 r
  library setup time                                     -0.17    8680.37
  data required time                                              8680.37
  --------------------------------------------------------------------------
  data required time                                              8680.37
  data arrival time                                                 -1.56
  --------------------------------------------------------------------------
  slack (MET)                                                     8678.81


  Startpoint: ASYNC_FIFO_U5/U3/rptr_bi_reg[1]
              (rising edge-triggered flip-flop clocked by TX_CLK)
  Endpoint: ASYNC_FIFO_U5/U1/RD_DATA_reg[1]
            (rising edge-triggered flip-flop clocked by TX_CLK)
  Path Group: TX_CLK
  Path Type: max

  Point                                                   Incr       Path
  --------------------------------------------------------------------------
  clock TX_CLK (rise edge)                                0.00       0.00
  clock network delay (ideal)                             0.00       0.00
  ASYNC_FIFO_U5/U3/rptr_bi_reg[1]/CK (DFFRQX2M)           0.00       0.00 r
  ASYNC_FIFO_U5/U3/rptr_bi_reg[1]/Q (DFFRQX2M)            0.54       0.54 f
  ASYNC_FIFO_U5/U3/raddr[1] (FIFO_RD)                     0.00       0.54 f
  ASYNC_FIFO_U5/U1/raddr[1] (FIFO_MEM_CNTRL)              0.00       0.54 f
  ASYNC_FIFO_U5/U1/U101/Y (INVX2M)                        0.10       0.64 r
  ASYNC_FIFO_U5/U1/U100/Y (NOR2X2M)                       0.10       0.75 f
  ASYNC_FIFO_U5/U1/U112/Y (AO22X1M)                       0.36       1.10 f
  ASYNC_FIFO_U5/U1/U113/Y (AOI221XLM)                     0.28       1.39 r
  ASYNC_FIFO_U5/U1/U114/Y (OAI22X1M)                      0.17       1.56 f
  ASYNC_FIFO_U5/U1/RD_DATA_reg[1]/D (DFFRQX2M)            0.00       1.56 f
  data arrival time                                                  1.56

  clock TX_CLK (rise edge)                             8680.54    8680.54
  clock network delay (ideal)                             0.00    8680.54
  ASYNC_FIFO_U5/U1/RD_DATA_reg[1]/CK (DFFRQX2M)           0.00    8680.54 r
  library setup time                                     -0.17    8680.37
  data required time                                              8680.37
  --------------------------------------------------------------------------
  data required time                                              8680.37
  data arrival time                                                 -1.56
  --------------------------------------------------------------------------
  slack (MET)                                                     8678.81


  Startpoint: ASYNC_FIFO_U5/U3/rptr_bi_reg[1]
              (rising edge-triggered flip-flop clocked by TX_CLK)
  Endpoint: ASYNC_FIFO_U5/U1/RD_DATA_reg[0]
            (rising edge-triggered flip-flop clocked by TX_CLK)
  Path Group: TX_CLK
  Path Type: max

  Point                                                   Incr       Path
  --------------------------------------------------------------------------
  clock TX_CLK (rise edge)                                0.00       0.00
  clock network delay (ideal)                             0.00       0.00
  ASYNC_FIFO_U5/U3/rptr_bi_reg[1]/CK (DFFRQX2M)           0.00       0.00 r
  ASYNC_FIFO_U5/U3/rptr_bi_reg[1]/Q (DFFRQX2M)            0.54       0.54 f
  ASYNC_FIFO_U5/U3/raddr[1] (FIFO_RD)                     0.00       0.54 f
  ASYNC_FIFO_U5/U1/raddr[1] (FIFO_MEM_CNTRL)              0.00       0.54 f
  ASYNC_FIFO_U5/U1/U101/Y (INVX2M)                        0.10       0.64 r
  ASYNC_FIFO_U5/U1/U100/Y (NOR2X2M)                       0.10       0.75 f
  ASYNC_FIFO_U5/U1/U107/Y (AO22X1M)                       0.36       1.10 f
  ASYNC_FIFO_U5/U1/U108/Y (AOI221XLM)                     0.28       1.39 r
  ASYNC_FIFO_U5/U1/U109/Y (OAI22X1M)                      0.17       1.56 f
  ASYNC_FIFO_U5/U1/RD_DATA_reg[0]/D (DFFRQX2M)            0.00       1.56 f
  data arrival time                                                  1.56

  clock TX_CLK (rise edge)                             8680.54    8680.54
  clock network delay (ideal)                             0.00    8680.54
  ASYNC_FIFO_U5/U1/RD_DATA_reg[0]/CK (DFFRQX2M)           0.00    8680.54 r
  library setup time                                     -0.17    8680.37
  data required time                                              8680.37
  --------------------------------------------------------------------------
  data required time                                              8680.37
  data arrival time                                                 -1.56
  --------------------------------------------------------------------------
  slack (MET)                                                     8678.81


  Startpoint: ASYNC_FIFO_U5/U3/rptr_bi_reg[1]
              (rising edge-triggered flip-flop clocked by TX_CLK)
  Endpoint: ASYNC_FIFO_U5/U1/RD_DATA_reg[7]
            (rising edge-triggered flip-flop clocked by TX_CLK)
  Path Group: TX_CLK
  Path Type: max

  Point                                                   Incr       Path
  --------------------------------------------------------------------------
  clock TX_CLK (rise edge)                                0.00       0.00
  clock network delay (ideal)                             0.00       0.00
  ASYNC_FIFO_U5/U3/rptr_bi_reg[1]/CK (DFFRQX2M)           0.00       0.00 r
  ASYNC_FIFO_U5/U3/rptr_bi_reg[1]/Q (DFFRQX2M)            0.54       0.54 f
  ASYNC_FIFO_U5/U3/raddr[1] (FIFO_RD)                     0.00       0.54 f
  ASYNC_FIFO_U5/U1/raddr[1] (FIFO_MEM_CNTRL)              0.00       0.54 f
  ASYNC_FIFO_U5/U1/U101/Y (INVX2M)                        0.10       0.64 r
  ASYNC_FIFO_U5/U1/U100/Y (NOR2X2M)                       0.10       0.75 f
  ASYNC_FIFO_U5/U1/U142/Y (AO22X1M)                       0.36       1.10 f
  ASYNC_FIFO_U5/U1/U143/Y (AOI221XLM)                     0.28       1.39 r
  ASYNC_FIFO_U5/U1/U144/Y (OAI22X1M)                      0.17       1.56 f
  ASYNC_FIFO_U5/U1/RD_DATA_reg[7]/D (DFFRQX2M)            0.00       1.56 f
  data arrival time                                                  1.56

  clock TX_CLK (rise edge)                             8680.54    8680.54
  clock network delay (ideal)                             0.00    8680.54
  ASYNC_FIFO_U5/U1/RD_DATA_reg[7]/CK (DFFRQX2M)           0.00    8680.54 r
  library setup time                                     -0.17    8680.37
  data required time                                              8680.37
  --------------------------------------------------------------------------
  data required time                                              8680.37
  data arrival time                                                 -1.56
  --------------------------------------------------------------------------
  slack (MET)                                                     8678.81


  Startpoint: Domain_2_TOP_U1/UART_U0/U0/U4/P_DATA_Hold_reg[5]
              (rising edge-triggered flip-flop clocked by TX_CLK)
  Endpoint: Domain_2_TOP_U1/UART_U0/U0/U4/par_bit_reg
            (rising edge-triggered flip-flop clocked by TX_CLK)
  Path Group: TX_CLK
  Path Type: max

  Point                                                   Incr       Path
  --------------------------------------------------------------------------
  clock TX_CLK (rise edge)                                0.00       0.00
  clock network delay (ideal)                             0.00       0.00
  Domain_2_TOP_U1/UART_U0/U0/U4/P_DATA_Hold_reg[5]/CK (DFFRQX2M)
                                                          0.00       0.00 r
  Domain_2_TOP_U1/UART_U0/U0/U4/P_DATA_Hold_reg[5]/Q (DFFRQX2M)
                                                          0.46       0.46 f
  Domain_2_TOP_U1/UART_U0/U0/U4/U4/Y (XOR3XLM)            0.49       0.95 f
  Domain_2_TOP_U1/UART_U0/U0/U4/U3/Y (XOR3XLM)            0.43       1.38 r
  Domain_2_TOP_U1/UART_U0/U0/U4/par_bit_reg/D (DFFRQX2M)
                                                          0.00       1.38 r
  data arrival time                                                  1.38

  clock TX_CLK (rise edge)                             8680.54    8680.54
  clock network delay (ideal)                             0.00    8680.54
  Domain_2_TOP_U1/UART_U0/U0/U4/par_bit_reg/CK (DFFRQX2M)
                                                          0.00    8680.54 r
  library setup time                                     -0.30    8680.24
  data required time                                              8680.24
  --------------------------------------------------------------------------
  data required time                                              8680.24
  data arrival time                                                 -1.38
  --------------------------------------------------------------------------
  slack (MET)                                                     8678.86


  Startpoint: ASYNC_FIFO_U5/U3/rptr_reg[3]
              (rising edge-triggered flip-flop clocked by TX_CLK)
  Endpoint: ASYNC_FIFO_U5/U3/rptr_bi_reg[3]
            (rising edge-triggered flip-flop clocked by TX_CLK)
  Path Group: TX_CLK
  Path Type: max

  Point                                                   Incr       Path
  --------------------------------------------------------------------------
  clock TX_CLK (rise edge)                                0.00       0.00
  clock network delay (ideal)                             0.00       0.00
  ASYNC_FIFO_U5/U3/rptr_reg[3]/CK (DFFRQX2M)              0.00       0.00 r
  ASYNC_FIFO_U5/U3/rptr_reg[3]/Q (DFFRQX2M)               0.47       0.47 f
  ASYNC_FIFO_U5/U3/U11/Y (XNOR2X2M)                       0.17       0.63 f
  ASYNC_FIFO_U5/U3/U10/Y (NAND4X2M)                       0.13       0.76 r
  ASYNC_FIFO_U5/U3/U21/Y (NAND2X2M)                       0.09       0.85 f
  ASYNC_FIFO_U5/U3/U3/Y (NOR2X2M)                         0.14       1.00 r
  ASYNC_FIFO_U5/U3/U18/Y (NAND2X2M)                       0.10       1.09 f
  ASYNC_FIFO_U5/U3/U17/Y (INVX2M)                         0.09       1.18 r
  ASYNC_FIFO_U5/U3/U15/Y (NAND3X2M)                       0.08       1.26 f
  ASYNC_FIFO_U5/U3/U14/Y (OAI211X2M)                      0.07       1.34 r
  ASYNC_FIFO_U5/U3/rptr_bi_reg[3]/D (DFFRQX2M)            0.00       1.34 r
  data arrival time                                                  1.34

  clock TX_CLK (rise edge)                             8680.54    8680.54
  clock network delay (ideal)                             0.00    8680.54
  ASYNC_FIFO_U5/U3/rptr_bi_reg[3]/CK (DFFRQX2M)           0.00    8680.54 r
  library setup time                                     -0.32    8680.22
  data required time                                              8680.22
  --------------------------------------------------------------------------
  data required time                                              8680.22
  data arrival time                                                 -1.34
  --------------------------------------------------------------------------
  slack (MET)                                                     8678.89


  Startpoint: Domain_2_TOP_U1/UART_U0/U0/U1/cur_state_reg[2]
              (rising edge-triggered flip-flop clocked by TX_CLK)
  Endpoint: Domain_2_TOP_U1/UART_U0/U0/U2/Counter_reg[2]
            (rising edge-triggered flip-flop clocked by TX_CLK)
  Path Group: TX_CLK
  Path Type: max

  Point                                                   Incr       Path
  --------------------------------------------------------------------------
  clock TX_CLK (rise edge)                                0.00       0.00
  clock network delay (ideal)                             0.00       0.00
  Domain_2_TOP_U1/UART_U0/U0/U1/cur_state_reg[2]/CK (DFFRQX2M)
                                                          0.00       0.00 r
  Domain_2_TOP_U1/UART_U0/U0/U1/cur_state_reg[2]/Q (DFFRQX2M)
                                                          0.47       0.47 f
  Domain_2_TOP_U1/UART_U0/U0/U1/U10/Y (INVX2M)            0.13       0.60 r
  Domain_2_TOP_U1/UART_U0/U0/U1/U8/Y (NAND3X2M)           0.15       0.75 f
  Domain_2_TOP_U1/UART_U0/U0/U1/U4/Y (NAND2X2M)           0.14       0.89 r
  Domain_2_TOP_U1/UART_U0/U0/U1/ser_en (FSM_TX)           0.00       0.89 r
  Domain_2_TOP_U1/UART_U0/U0/U2/ser_en (serializer_TX)
                                                          0.00       0.89 r
  Domain_2_TOP_U1/UART_U0/U0/U2/U5/Y (INVX2M)             0.10       1.00 f
  Domain_2_TOP_U1/UART_U0/U0/U2/U34/Y (NOR2X2M)           0.12       1.12 r
  Domain_2_TOP_U1/UART_U0/U0/U2/U12/Y (AOI21X2M)          0.06       1.18 f
  Domain_2_TOP_U1/UART_U0/U0/U2/U9/Y (OAI32X1M)           0.11       1.29 r
  Domain_2_TOP_U1/UART_U0/U0/U2/Counter_reg[2]/D (DFFRQX2M)
                                                          0.00       1.29 r
  data arrival time                                                  1.29

  clock TX_CLK (rise edge)                             8680.54    8680.54
  clock network delay (ideal)                             0.00    8680.54
  Domain_2_TOP_U1/UART_U0/U0/U2/Counter_reg[2]/CK (DFFRQX2M)
                                                          0.00    8680.54 r
  library setup time                                     -0.35    8680.20
  data required time                                              8680.20
  --------------------------------------------------------------------------
  data required time                                              8680.20
  data arrival time                                                 -1.29
  --------------------------------------------------------------------------
  slack (MET)                                                     8678.91


  Startpoint: Domain_2_TOP_U1/UART_U0/U0/U1/cur_state_reg[2]
              (rising edge-triggered flip-flop clocked by TX_CLK)
  Endpoint: Domain_2_TOP_U1/UART_U0/U0/U2/Counter_Done_reg
            (rising edge-triggered flip-flop clocked by TX_CLK)
  Path Group: TX_CLK
  Path Type: max

  Point                                                   Incr       Path
  --------------------------------------------------------------------------
  clock TX_CLK (rise edge)                                0.00       0.00
  clock network delay (ideal)                             0.00       0.00
  Domain_2_TOP_U1/UART_U0/U0/U1/cur_state_reg[2]/CK (DFFRQX2M)
                                                          0.00       0.00 r
  Domain_2_TOP_U1/UART_U0/U0/U1/cur_state_reg[2]/Q (DFFRQX2M)
                                                          0.47       0.47 f
  Domain_2_TOP_U1/UART_U0/U0/U1/U10/Y (INVX2M)            0.13       0.60 r
  Domain_2_TOP_U1/UART_U0/U0/U1/U8/Y (NAND3X2M)           0.15       0.75 f
  Domain_2_TOP_U1/UART_U0/U0/U1/U4/Y (NAND2X2M)           0.14       0.89 r
  Domain_2_TOP_U1/UART_U0/U0/U1/ser_en (FSM_TX)           0.00       0.89 r
  Domain_2_TOP_U1/UART_U0/U0/U2/ser_en (serializer_TX)
                                                          0.00       0.89 r
  Domain_2_TOP_U1/UART_U0/U0/U2/U5/Y (INVX2M)             0.10       1.00 f
  Domain_2_TOP_U1/UART_U0/U0/U2/U11/Y (NOR2X2M)           0.16       1.15 r
  Domain_2_TOP_U1/UART_U0/U0/U2/U32/Y (OAI2BB2X1M)        0.17       1.32 r
  Domain_2_TOP_U1/UART_U0/U0/U2/Counter_Done_reg/D (DFFRQX2M)
                                                          0.00       1.32 r
  data arrival time                                                  1.32

  clock TX_CLK (rise edge)                             8680.54    8680.54
  clock network delay (ideal)                             0.00    8680.54
  Domain_2_TOP_U1/UART_U0/U0/U2/Counter_Done_reg/CK (DFFRQX2M)
                                                          0.00    8680.54 r
  library setup time                                     -0.31    8680.23
  data required time                                              8680.23
  --------------------------------------------------------------------------
  data required time                                              8680.23
  data arrival time                                                 -1.32
  --------------------------------------------------------------------------
  slack (MET)                                                     8678.91


  Startpoint: Domain_2_TOP_U1/UART_U0/U0/U1/cur_state_reg[2]
              (rising edge-triggered flip-flop clocked by TX_CLK)
  Endpoint: Domain_2_TOP_U1/UART_U0/U0/U2/ser_done_reg
            (rising edge-triggered flip-flop clocked by TX_CLK)
  Path Group: TX_CLK
  Path Type: max

  Point                                                   Incr       Path
  --------------------------------------------------------------------------
  clock TX_CLK (rise edge)                                0.00       0.00
  clock network delay (ideal)                             0.00       0.00
  Domain_2_TOP_U1/UART_U0/U0/U1/cur_state_reg[2]/CK (DFFRQX2M)
                                                          0.00       0.00 r
  Domain_2_TOP_U1/UART_U0/U0/U1/cur_state_reg[2]/Q (DFFRQX2M)
                                                          0.47       0.47 f
  Domain_2_TOP_U1/UART_U0/U0/U1/U10/Y (INVX2M)            0.13       0.60 r
  Domain_2_TOP_U1/UART_U0/U0/U1/U8/Y (NAND3X2M)           0.15       0.75 f
  Domain_2_TOP_U1/UART_U0/U0/U1/U4/Y (NAND2X2M)           0.14       0.89 r
  Domain_2_TOP_U1/UART_U0/U0/U1/ser_en (FSM_TX)           0.00       0.89 r
  Domain_2_TOP_U1/UART_U0/U0/U2/ser_en (serializer_TX)
                                                          0.00       0.89 r
  Domain_2_TOP_U1/UART_U0/U0/U2/U5/Y (INVX2M)             0.10       1.00 f
  Domain_2_TOP_U1/UART_U0/U0/U2/U11/Y (NOR2X2M)           0.16       1.15 r
  Domain_2_TOP_U1/UART_U0/U0/U2/U33/Y (OAI2BB2X1M)        0.17       1.32 r
  Domain_2_TOP_U1/UART_U0/U0/U2/ser_done_reg/D (DFFRQX2M)
                                                          0.00       1.32 r
  data arrival time                                                  1.32

  clock TX_CLK (rise edge)                             8680.54    8680.54
  clock network delay (ideal)                             0.00    8680.54
  Domain_2_TOP_U1/UART_U0/U0/U2/ser_done_reg/CK (DFFRQX2M)
                                                          0.00    8680.54 r
  library setup time                                     -0.31    8680.23
  data required time                                              8680.23
  --------------------------------------------------------------------------
  data required time                                              8680.23
  data arrival time                                                 -1.32
  --------------------------------------------------------------------------
  slack (MET)                                                     8678.91


  Startpoint: Domain_2_TOP_U1/UART_U0/U0/U1/cur_state_reg[2]
              (rising edge-triggered flip-flop clocked by TX_CLK)
  Endpoint: Domain_2_TOP_U1/UART_U0/U0/U2/Counter_reg[3]
            (rising edge-triggered flip-flop clocked by TX_CLK)
  Path Group: TX_CLK
  Path Type: max

  Point                                                   Incr       Path
  --------------------------------------------------------------------------
  clock TX_CLK (rise edge)                                0.00       0.00
  clock network delay (ideal)                             0.00       0.00
  Domain_2_TOP_U1/UART_U0/U0/U1/cur_state_reg[2]/CK (DFFRQX2M)
                                                          0.00       0.00 r
  Domain_2_TOP_U1/UART_U0/U0/U1/cur_state_reg[2]/Q (DFFRQX2M)
                                                          0.47       0.47 f
  Domain_2_TOP_U1/UART_U0/U0/U1/U10/Y (INVX2M)            0.13       0.60 r
  Domain_2_TOP_U1/UART_U0/U0/U1/U8/Y (NAND3X2M)           0.15       0.75 f
  Domain_2_TOP_U1/UART_U0/U0/U1/U4/Y (NAND2X2M)           0.14       0.89 r
  Domain_2_TOP_U1/UART_U0/U0/U1/ser_en (FSM_TX)           0.00       0.89 r
  Domain_2_TOP_U1/UART_U0/U0/U2/ser_en (serializer_TX)
                                                          0.00       0.89 r
  Domain_2_TOP_U1/UART_U0/U0/U2/U5/Y (INVX2M)             0.10       1.00 f
  Domain_2_TOP_U1/UART_U0/U0/U2/U34/Y (NOR2X2M)           0.12       1.12 r
  Domain_2_TOP_U1/UART_U0/U0/U2/U12/Y (AOI21X2M)          0.06       1.18 f
  Domain_2_TOP_U1/UART_U0/U0/U2/U30/Y (OAI2B2X1M)         0.11       1.29 r
  Domain_2_TOP_U1/UART_U0/U0/U2/Counter_reg[3]/D (DFFRQX2M)
                                                          0.00       1.29 r
  data arrival time                                                  1.29

  clock TX_CLK (rise edge)                             8680.54    8680.54
  clock network delay (ideal)                             0.00    8680.54
  Domain_2_TOP_U1/UART_U0/U0/U2/Counter_reg[3]/CK (DFFRQX2M)
                                                          0.00    8680.54 r
  library setup time                                     -0.33    8680.21
  data required time                                              8680.21
  --------------------------------------------------------------------------
  data required time                                              8680.21
  data arrival time                                                 -1.29
  --------------------------------------------------------------------------
  slack (MET)                                                     8678.92


  Startpoint: ASYNC_FIFO_U5/U3/rptr_reg[3]
              (rising edge-triggered flip-flop clocked by TX_CLK)
  Endpoint: Domain_2_TOP_U1/UART_U0/U0/U1/cur_state_reg[0]
            (rising edge-triggered flip-flop clocked by TX_CLK)
  Path Group: TX_CLK
  Path Type: max

  Point                                                   Incr       Path
  --------------------------------------------------------------------------
  clock TX_CLK (rise edge)                                0.00       0.00
  clock network delay (ideal)                             0.00       0.00
  ASYNC_FIFO_U5/U3/rptr_reg[3]/CK (DFFRQX2M)              0.00       0.00 r
  ASYNC_FIFO_U5/U3/rptr_reg[3]/Q (DFFRQX2M)               0.47       0.47 f
  ASYNC_FIFO_U5/U3/U11/Y (XNOR2X2M)                       0.17       0.63 f
  ASYNC_FIFO_U5/U3/U10/Y (NAND4X2M)                       0.13       0.76 r
  ASYNC_FIFO_U5/U3/U4/Y (INVX2M)                          0.06       0.82 f
  ASYNC_FIFO_U5/U3/EMPTY (FIFO_RD)                        0.00       0.82 f
  ASYNC_FIFO_U5/EMPTY (ASYNC_FIFO)                        0.00       0.82 f
  Domain_2_TOP_U1/F_EMPTY (Domain_2_TOP)                  0.00       0.82 f
  Domain_2_TOP_U1/U2/Y (INVX2M)                           0.18       0.99 r
  Domain_2_TOP_U1/UART_U0/TX_IN_V (UART_TOP)              0.00       0.99 r
  Domain_2_TOP_U1/UART_U0/U0/Data_Valid (Top_TX)          0.00       0.99 r
  Domain_2_TOP_U1/UART_U0/U0/U1/Data_Valid (FSM_TX)       0.00       0.99 r
  Domain_2_TOP_U1/UART_U0/U0/U1/U16/Y (AOI32X1M)          0.20       1.19 f
  Domain_2_TOP_U1/UART_U0/U0/U1/U15/Y (NAND3X2M)          0.12       1.31 r
  Domain_2_TOP_U1/UART_U0/U0/U1/cur_state_reg[0]/D (DFFRQX2M)
                                                          0.00       1.31 r
  data arrival time                                                  1.31

  clock TX_CLK (rise edge)                             8680.54    8680.54
  clock network delay (ideal)                             0.00    8680.54
  Domain_2_TOP_U1/UART_U0/U0/U1/cur_state_reg[0]/CK (DFFRQX2M)
                                                          0.00    8680.54 r
  library setup time                                     -0.30    8680.24
  data required time                                              8680.24
  --------------------------------------------------------------------------
  data required time                                              8680.24
  data arrival time                                                 -1.31
  --------------------------------------------------------------------------
  slack (MET)                                                     8678.93


  Startpoint: Domain_2_TOP_U1/UART_U0/U0/U1/cur_state_reg[2]
              (rising edge-triggered flip-flop clocked by TX_CLK)
  Endpoint: Domain_2_TOP_U1/PULSE_GEN_U3/PULSE_SIG_reg
            (rising edge-triggered flip-flop clocked by TX_CLK)
  Path Group: TX_CLK
  Path Type: max

  Point                                                   Incr       Path
  --------------------------------------------------------------------------
  clock TX_CLK (rise edge)                                0.00       0.00
  clock network delay (ideal)                             0.00       0.00
  Domain_2_TOP_U1/UART_U0/U0/U1/cur_state_reg[2]/CK (DFFRQX2M)
                                                          0.00       0.00 r
  Domain_2_TOP_U1/UART_U0/U0/U1/cur_state_reg[2]/Q (DFFRQX2M)
                                                          0.47       0.47 f
  Domain_2_TOP_U1/UART_U0/U0/U1/U10/Y (INVX2M)            0.13       0.60 r
  Domain_2_TOP_U1/UART_U0/U0/U1/U8/Y (NAND3X2M)           0.15       0.75 f
  Domain_2_TOP_U1/UART_U0/U0/U1/U4/Y (NAND2X2M)           0.14       0.89 r
  Domain_2_TOP_U1/UART_U0/U0/U1/U7/Y (NAND2BX2M)          0.13       1.02 r
  Domain_2_TOP_U1/UART_U0/U0/U1/U3/Y (OR2X2M)             0.12       1.15 r
  Domain_2_TOP_U1/UART_U0/U0/U1/busy (FSM_TX)             0.00       1.15 r
  Domain_2_TOP_U1/UART_U0/U0/busy (Top_TX)                0.00       1.15 r
  Domain_2_TOP_U1/UART_U0/busy (UART_TOP)                 0.00       1.15 r
  Domain_2_TOP_U1/PULSE_GEN_U3/LVL_SIG (PULSE_GEN)        0.00       1.15 r
  Domain_2_TOP_U1/PULSE_GEN_U3/U3/Y (NOR2BX2M)            0.12       1.27 r
  Domain_2_TOP_U1/PULSE_GEN_U3/PULSE_SIG_reg/D (DFFRQX2M)
                                                          0.00       1.27 r
  data arrival time                                                  1.27

  clock TX_CLK (rise edge)                             8680.54    8680.54
  clock network delay (ideal)                             0.00    8680.54
  Domain_2_TOP_U1/PULSE_GEN_U3/PULSE_SIG_reg/CK (DFFRQX2M)
                                                          0.00    8680.54 r
  library setup time                                     -0.30    8680.24
  data required time                                              8680.24
  --------------------------------------------------------------------------
  data required time                                              8680.24
  data arrival time                                                 -1.27
  --------------------------------------------------------------------------
  slack (MET)                                                     8678.97


  Startpoint: ASYNC_FIFO_U5/U3/rptr_reg[2]
              (rising edge-triggered flip-flop clocked by TX_CLK)
  Endpoint: Domain_2_TOP_U1/UART_U0/U0/U4/P_DATA_Hold_reg[5]
            (rising edge-triggered flip-flop clocked by TX_CLK)
  Path Group: TX_CLK
  Path Type: max

  Point                                                   Incr       Path
  --------------------------------------------------------------------------
  clock TX_CLK (rise edge)                                0.00       0.00
  clock network delay (ideal)                             0.00       0.00
  ASYNC_FIFO_U5/U3/rptr_reg[2]/CK (DFFRQX2M)              0.00       0.00 r
  ASYNC_FIFO_U5/U3/rptr_reg[2]/Q (DFFRQX2M)               0.47       0.47 f
  ASYNC_FIFO_U5/U3/U12/Y (XNOR2X2M)                       0.14       0.61 r
  ASYNC_FIFO_U5/U3/U10/Y (NAND4X2M)                       0.18       0.79 f
  ASYNC_FIFO_U5/U3/U4/Y (INVX2M)                          0.09       0.88 r
  ASYNC_FIFO_U5/U3/EMPTY (FIFO_RD)                        0.00       0.88 r
  ASYNC_FIFO_U5/EMPTY (ASYNC_FIFO)                        0.00       0.88 r
  Domain_2_TOP_U1/F_EMPTY (Domain_2_TOP)                  0.00       0.88 r
  Domain_2_TOP_U1/U2/Y (INVX2M)                           0.11       0.98 f
  Domain_2_TOP_U1/UART_U0/TX_IN_V (UART_TOP)              0.00       0.98 f
  Domain_2_TOP_U1/UART_U0/U0/Data_Valid (Top_TX)          0.00       0.98 f
  Domain_2_TOP_U1/UART_U0/U0/U4/Data_Valid (Parity_Calc_TX)
                                                          0.00       0.98 f
  Domain_2_TOP_U1/UART_U0/U0/U4/U12/Y (AO2B2X2M)          0.27       1.25 r
  Domain_2_TOP_U1/UART_U0/U0/U4/P_DATA_Hold_reg[5]/D (DFFRQX2M)
                                                          0.00       1.25 r
  data arrival time                                                  1.25

  clock TX_CLK (rise edge)                             8680.54    8680.54
  clock network delay (ideal)                             0.00    8680.54
  Domain_2_TOP_U1/UART_U0/U0/U4/P_DATA_Hold_reg[5]/CK (DFFRQX2M)
                                                          0.00    8680.54 r
  library setup time                                     -0.30    8680.24
  data required time                                              8680.24
  --------------------------------------------------------------------------
  data required time                                              8680.24
  data arrival time                                                 -1.25
  --------------------------------------------------------------------------
  slack (MET)                                                     8678.99


  Startpoint: ASYNC_FIFO_U5/U3/rptr_reg[2]
              (rising edge-triggered flip-flop clocked by TX_CLK)
  Endpoint: Domain_2_TOP_U1/UART_U0/U0/U4/P_DATA_Hold_reg[1]
            (rising edge-triggered flip-flop clocked by TX_CLK)
  Path Group: TX_CLK
  Path Type: max

  Point                                                   Incr       Path
  --------------------------------------------------------------------------
  clock TX_CLK (rise edge)                                0.00       0.00
  clock network delay (ideal)                             0.00       0.00
  ASYNC_FIFO_U5/U3/rptr_reg[2]/CK (DFFRQX2M)              0.00       0.00 r
  ASYNC_FIFO_U5/U3/rptr_reg[2]/Q (DFFRQX2M)               0.47       0.47 f
  ASYNC_FIFO_U5/U3/U12/Y (XNOR2X2M)                       0.14       0.61 r
  ASYNC_FIFO_U5/U3/U10/Y (NAND4X2M)                       0.18       0.79 f
  ASYNC_FIFO_U5/U3/U4/Y (INVX2M)                          0.09       0.88 r
  ASYNC_FIFO_U5/U3/EMPTY (FIFO_RD)                        0.00       0.88 r
  ASYNC_FIFO_U5/EMPTY (ASYNC_FIFO)                        0.00       0.88 r
  Domain_2_TOP_U1/F_EMPTY (Domain_2_TOP)                  0.00       0.88 r
  Domain_2_TOP_U1/U2/Y (INVX2M)                           0.11       0.98 f
  Domain_2_TOP_U1/UART_U0/TX_IN_V (UART_TOP)              0.00       0.98 f
  Domain_2_TOP_U1/UART_U0/U0/Data_Valid (Top_TX)          0.00       0.98 f
  Domain_2_TOP_U1/UART_U0/U0/U4/Data_Valid (Parity_Calc_TX)
                                                          0.00       0.98 f
  Domain_2_TOP_U1/UART_U0/U0/U4/U8/Y (AO2B2X2M)           0.27       1.25 r
  Domain_2_TOP_U1/UART_U0/U0/U4/P_DATA_Hold_reg[1]/D (DFFRQX2M)
                                                          0.00       1.25 r
  data arrival time                                                  1.25

  clock TX_CLK (rise edge)                             8680.54    8680.54
  clock network delay (ideal)                             0.00    8680.54
  Domain_2_TOP_U1/UART_U0/U0/U4/P_DATA_Hold_reg[1]/CK (DFFRQX2M)
                                                          0.00    8680.54 r
  library setup time                                     -0.30    8680.24
  data required time                                              8680.24
  --------------------------------------------------------------------------
  data required time                                              8680.24
  data arrival time                                                 -1.25
  --------------------------------------------------------------------------
  slack (MET)                                                     8678.99


  Startpoint: ASYNC_FIFO_U5/U3/rptr_reg[2]
              (rising edge-triggered flip-flop clocked by TX_CLK)
  Endpoint: Domain_2_TOP_U1/UART_U0/U0/U4/P_DATA_Hold_reg[4]
            (rising edge-triggered flip-flop clocked by TX_CLK)
  Path Group: TX_CLK
  Path Type: max

  Point                                                   Incr       Path
  --------------------------------------------------------------------------
  clock TX_CLK (rise edge)                                0.00       0.00
  clock network delay (ideal)                             0.00       0.00
  ASYNC_FIFO_U5/U3/rptr_reg[2]/CK (DFFRQX2M)              0.00       0.00 r
  ASYNC_FIFO_U5/U3/rptr_reg[2]/Q (DFFRQX2M)               0.47       0.47 f
  ASYNC_FIFO_U5/U3/U12/Y (XNOR2X2M)                       0.14       0.61 r
  ASYNC_FIFO_U5/U3/U10/Y (NAND4X2M)                       0.18       0.79 f
  ASYNC_FIFO_U5/U3/U4/Y (INVX2M)                          0.09       0.88 r
  ASYNC_FIFO_U5/U3/EMPTY (FIFO_RD)                        0.00       0.88 r
  ASYNC_FIFO_U5/EMPTY (ASYNC_FIFO)                        0.00       0.88 r
  Domain_2_TOP_U1/F_EMPTY (Domain_2_TOP)                  0.00       0.88 r
  Domain_2_TOP_U1/U2/Y (INVX2M)                           0.11       0.98 f
  Domain_2_TOP_U1/UART_U0/TX_IN_V (UART_TOP)              0.00       0.98 f
  Domain_2_TOP_U1/UART_U0/U0/Data_Valid (Top_TX)          0.00       0.98 f
  Domain_2_TOP_U1/UART_U0/U0/U4/Data_Valid (Parity_Calc_TX)
                                                          0.00       0.98 f
  Domain_2_TOP_U1/UART_U0/U0/U4/U11/Y (AO2B2X2M)          0.27       1.25 r
  Domain_2_TOP_U1/UART_U0/U0/U4/P_DATA_Hold_reg[4]/D (DFFRQX2M)
                                                          0.00       1.25 r
  data arrival time                                                  1.25

  clock TX_CLK (rise edge)                             8680.54    8680.54
  clock network delay (ideal)                             0.00    8680.54
  Domain_2_TOP_U1/UART_U0/U0/U4/P_DATA_Hold_reg[4]/CK (DFFRQX2M)
                                                          0.00    8680.54 r
  library setup time                                     -0.30    8680.24
  data required time                                              8680.24
  --------------------------------------------------------------------------
  data required time                                              8680.24
  data arrival time                                                 -1.25
  --------------------------------------------------------------------------
  slack (MET)                                                     8678.99


  Startpoint: ASYNC_FIFO_U5/U3/rptr_reg[2]
              (rising edge-triggered flip-flop clocked by TX_CLK)
  Endpoint: Domain_2_TOP_U1/UART_U0/U0/U4/P_DATA_Hold_reg[0]
            (rising edge-triggered flip-flop clocked by TX_CLK)
  Path Group: TX_CLK
  Path Type: max

  Point                                                   Incr       Path
  --------------------------------------------------------------------------
  clock TX_CLK (rise edge)                                0.00       0.00
  clock network delay (ideal)                             0.00       0.00
  ASYNC_FIFO_U5/U3/rptr_reg[2]/CK (DFFRQX2M)              0.00       0.00 r
  ASYNC_FIFO_U5/U3/rptr_reg[2]/Q (DFFRQX2M)               0.47       0.47 f
  ASYNC_FIFO_U5/U3/U12/Y (XNOR2X2M)                       0.14       0.61 r
  ASYNC_FIFO_U5/U3/U10/Y (NAND4X2M)                       0.18       0.79 f
  ASYNC_FIFO_U5/U3/U4/Y (INVX2M)                          0.09       0.88 r
  ASYNC_FIFO_U5/U3/EMPTY (FIFO_RD)                        0.00       0.88 r
  ASYNC_FIFO_U5/EMPTY (ASYNC_FIFO)                        0.00       0.88 r
  Domain_2_TOP_U1/F_EMPTY (Domain_2_TOP)                  0.00       0.88 r
  Domain_2_TOP_U1/U2/Y (INVX2M)                           0.11       0.98 f
  Domain_2_TOP_U1/UART_U0/TX_IN_V (UART_TOP)              0.00       0.98 f
  Domain_2_TOP_U1/UART_U0/U0/Data_Valid (Top_TX)          0.00       0.98 f
  Domain_2_TOP_U1/UART_U0/U0/U4/Data_Valid (Parity_Calc_TX)
                                                          0.00       0.98 f
  Domain_2_TOP_U1/UART_U0/U0/U4/U7/Y (AO2B2X2M)           0.27       1.25 r
  Domain_2_TOP_U1/UART_U0/U0/U4/P_DATA_Hold_reg[0]/D (DFFRQX2M)
                                                          0.00       1.25 r
  data arrival time                                                  1.25

  clock TX_CLK (rise edge)                             8680.54    8680.54
  clock network delay (ideal)                             0.00    8680.54
  Domain_2_TOP_U1/UART_U0/U0/U4/P_DATA_Hold_reg[0]/CK (DFFRQX2M)
                                                          0.00    8680.54 r
  library setup time                                     -0.30    8680.24
  data required time                                              8680.24
  --------------------------------------------------------------------------
  data required time                                              8680.24
  data arrival time                                                 -1.25
  --------------------------------------------------------------------------
  slack (MET)                                                     8678.99


  Startpoint: ASYNC_FIFO_U5/U3/rptr_reg[2]
              (rising edge-triggered flip-flop clocked by TX_CLK)
  Endpoint: Domain_2_TOP_U1/UART_U0/U0/U4/P_DATA_Hold_reg[6]
            (rising edge-triggered flip-flop clocked by TX_CLK)
  Path Group: TX_CLK
  Path Type: max

  Point                                                   Incr       Path
  --------------------------------------------------------------------------
  clock TX_CLK (rise edge)                                0.00       0.00
  clock network delay (ideal)                             0.00       0.00
  ASYNC_FIFO_U5/U3/rptr_reg[2]/CK (DFFRQX2M)              0.00       0.00 r
  ASYNC_FIFO_U5/U3/rptr_reg[2]/Q (DFFRQX2M)               0.47       0.47 f
  ASYNC_FIFO_U5/U3/U12/Y (XNOR2X2M)                       0.14       0.61 r
  ASYNC_FIFO_U5/U3/U10/Y (NAND4X2M)                       0.18       0.79 f
  ASYNC_FIFO_U5/U3/U4/Y (INVX2M)                          0.09       0.88 r
  ASYNC_FIFO_U5/U3/EMPTY (FIFO_RD)                        0.00       0.88 r
  ASYNC_FIFO_U5/EMPTY (ASYNC_FIFO)                        0.00       0.88 r
  Domain_2_TOP_U1/F_EMPTY (Domain_2_TOP)                  0.00       0.88 r
  Domain_2_TOP_U1/U2/Y (INVX2M)                           0.11       0.98 f
  Domain_2_TOP_U1/UART_U0/TX_IN_V (UART_TOP)              0.00       0.98 f
  Domain_2_TOP_U1/UART_U0/U0/Data_Valid (Top_TX)          0.00       0.98 f
  Domain_2_TOP_U1/UART_U0/U0/U4/Data_Valid (Parity_Calc_TX)
                                                          0.00       0.98 f
  Domain_2_TOP_U1/UART_U0/U0/U4/U13/Y (AO2B2X2M)          0.27       1.25 r
  Domain_2_TOP_U1/UART_U0/U0/U4/P_DATA_Hold_reg[6]/D (DFFRQX2M)
                                                          0.00       1.25 r
  data arrival time                                                  1.25

  clock TX_CLK (rise edge)                             8680.54    8680.54
  clock network delay (ideal)                             0.00    8680.54
  Domain_2_TOP_U1/UART_U0/U0/U4/P_DATA_Hold_reg[6]/CK (DFFRQX2M)
                                                          0.00    8680.54 r
  library setup time                                     -0.30    8680.24
  data required time                                              8680.24
  --------------------------------------------------------------------------
  data required time                                              8680.24
  data arrival time                                                 -1.25
  --------------------------------------------------------------------------
  slack (MET)                                                     8678.99


  Startpoint: ASYNC_FIFO_U5/U3/rptr_reg[2]
              (rising edge-triggered flip-flop clocked by TX_CLK)
  Endpoint: Domain_2_TOP_U1/UART_U0/U0/U4/P_DATA_Hold_reg[2]
            (rising edge-triggered flip-flop clocked by TX_CLK)
  Path Group: TX_CLK
  Path Type: max

  Point                                                   Incr       Path
  --------------------------------------------------------------------------
  clock TX_CLK (rise edge)                                0.00       0.00
  clock network delay (ideal)                             0.00       0.00
  ASYNC_FIFO_U5/U3/rptr_reg[2]/CK (DFFRQX2M)              0.00       0.00 r
  ASYNC_FIFO_U5/U3/rptr_reg[2]/Q (DFFRQX2M)               0.47       0.47 f
  ASYNC_FIFO_U5/U3/U12/Y (XNOR2X2M)                       0.14       0.61 r
  ASYNC_FIFO_U5/U3/U10/Y (NAND4X2M)                       0.18       0.79 f
  ASYNC_FIFO_U5/U3/U4/Y (INVX2M)                          0.09       0.88 r
  ASYNC_FIFO_U5/U3/EMPTY (FIFO_RD)                        0.00       0.88 r
  ASYNC_FIFO_U5/EMPTY (ASYNC_FIFO)                        0.00       0.88 r
  Domain_2_TOP_U1/F_EMPTY (Domain_2_TOP)                  0.00       0.88 r
  Domain_2_TOP_U1/U2/Y (INVX2M)                           0.11       0.98 f
  Domain_2_TOP_U1/UART_U0/TX_IN_V (UART_TOP)              0.00       0.98 f
  Domain_2_TOP_U1/UART_U0/U0/Data_Valid (Top_TX)          0.00       0.98 f
  Domain_2_TOP_U1/UART_U0/U0/U4/Data_Valid (Parity_Calc_TX)
                                                          0.00       0.98 f
  Domain_2_TOP_U1/UART_U0/U0/U4/U9/Y (AO2B2X2M)           0.27       1.25 r
  Domain_2_TOP_U1/UART_U0/U0/U4/P_DATA_Hold_reg[2]/D (DFFRQX2M)
                                                          0.00       1.25 r
  data arrival time                                                  1.25

  clock TX_CLK (rise edge)                             8680.54    8680.54
  clock network delay (ideal)                             0.00    8680.54
  Domain_2_TOP_U1/UART_U0/U0/U4/P_DATA_Hold_reg[2]/CK (DFFRQX2M)
                                                          0.00    8680.54 r
  library setup time                                     -0.30    8680.24
  data required time                                              8680.24
  --------------------------------------------------------------------------
  data required time                                              8680.24
  data arrival time                                                 -1.25
  --------------------------------------------------------------------------
  slack (MET)                                                     8678.99


  Startpoint: ASYNC_FIFO_U5/U3/rptr_reg[2]
              (rising edge-triggered flip-flop clocked by TX_CLK)
  Endpoint: Domain_2_TOP_U1/UART_U0/U0/U4/P_DATA_Hold_reg[7]
            (rising edge-triggered flip-flop clocked by TX_CLK)
  Path Group: TX_CLK
  Path Type: max

  Point                                                   Incr       Path
  --------------------------------------------------------------------------
  clock TX_CLK (rise edge)                                0.00       0.00
  clock network delay (ideal)                             0.00       0.00
  ASYNC_FIFO_U5/U3/rptr_reg[2]/CK (DFFRQX2M)              0.00       0.00 r
  ASYNC_FIFO_U5/U3/rptr_reg[2]/Q (DFFRQX2M)               0.47       0.47 f
  ASYNC_FIFO_U5/U3/U12/Y (XNOR2X2M)                       0.14       0.61 r
  ASYNC_FIFO_U5/U3/U10/Y (NAND4X2M)                       0.18       0.79 f
  ASYNC_FIFO_U5/U3/U4/Y (INVX2M)                          0.09       0.88 r
  ASYNC_FIFO_U5/U3/EMPTY (FIFO_RD)                        0.00       0.88 r
  ASYNC_FIFO_U5/EMPTY (ASYNC_FIFO)                        0.00       0.88 r
  Domain_2_TOP_U1/F_EMPTY (Domain_2_TOP)                  0.00       0.88 r
  Domain_2_TOP_U1/U2/Y (INVX2M)                           0.11       0.98 f
  Domain_2_TOP_U1/UART_U0/TX_IN_V (UART_TOP)              0.00       0.98 f
  Domain_2_TOP_U1/UART_U0/U0/Data_Valid (Top_TX)          0.00       0.98 f
  Domain_2_TOP_U1/UART_U0/U0/U4/Data_Valid (Parity_Calc_TX)
                                                          0.00       0.98 f
  Domain_2_TOP_U1/UART_U0/U0/U4/U14/Y (AO2B2X2M)          0.27       1.25 r
  Domain_2_TOP_U1/UART_U0/U0/U4/P_DATA_Hold_reg[7]/D (DFFRQX2M)
                                                          0.00       1.25 r
  data arrival time                                                  1.25

  clock TX_CLK (rise edge)                             8680.54    8680.54
  clock network delay (ideal)                             0.00    8680.54
  Domain_2_TOP_U1/UART_U0/U0/U4/P_DATA_Hold_reg[7]/CK (DFFRQX2M)
                                                          0.00    8680.54 r
  library setup time                                     -0.30    8680.24
  data required time                                              8680.24
  --------------------------------------------------------------------------
  data required time                                              8680.24
  data arrival time                                                 -1.25
  --------------------------------------------------------------------------
  slack (MET)                                                     8678.99


  Startpoint: ASYNC_FIFO_U5/U3/rptr_reg[2]
              (rising edge-triggered flip-flop clocked by TX_CLK)
  Endpoint: Domain_2_TOP_U1/UART_U0/U0/U4/P_DATA_Hold_reg[3]
            (rising edge-triggered flip-flop clocked by TX_CLK)
  Path Group: TX_CLK
  Path Type: max

  Point                                                   Incr       Path
  --------------------------------------------------------------------------
  clock TX_CLK (rise edge)                                0.00       0.00
  clock network delay (ideal)                             0.00       0.00
  ASYNC_FIFO_U5/U3/rptr_reg[2]/CK (DFFRQX2M)              0.00       0.00 r
  ASYNC_FIFO_U5/U3/rptr_reg[2]/Q (DFFRQX2M)               0.47       0.47 f
  ASYNC_FIFO_U5/U3/U12/Y (XNOR2X2M)                       0.14       0.61 r
  ASYNC_FIFO_U5/U3/U10/Y (NAND4X2M)                       0.18       0.79 f
  ASYNC_FIFO_U5/U3/U4/Y (INVX2M)                          0.09       0.88 r
  ASYNC_FIFO_U5/U3/EMPTY (FIFO_RD)                        0.00       0.88 r
  ASYNC_FIFO_U5/EMPTY (ASYNC_FIFO)                        0.00       0.88 r
  Domain_2_TOP_U1/F_EMPTY (Domain_2_TOP)                  0.00       0.88 r
  Domain_2_TOP_U1/U2/Y (INVX2M)                           0.11       0.98 f
  Domain_2_TOP_U1/UART_U0/TX_IN_V (UART_TOP)              0.00       0.98 f
  Domain_2_TOP_U1/UART_U0/U0/Data_Valid (Top_TX)          0.00       0.98 f
  Domain_2_TOP_U1/UART_U0/U0/U4/Data_Valid (Parity_Calc_TX)
                                                          0.00       0.98 f
  Domain_2_TOP_U1/UART_U0/U0/U4/U10/Y (AO2B2X2M)          0.27       1.25 r
  Domain_2_TOP_U1/UART_U0/U0/U4/P_DATA_Hold_reg[3]/D (DFFRQX2M)
                                                          0.00       1.25 r
  data arrival time                                                  1.25

  clock TX_CLK (rise edge)                             8680.54    8680.54
  clock network delay (ideal)                             0.00    8680.54
  Domain_2_TOP_U1/UART_U0/U0/U4/P_DATA_Hold_reg[3]/CK (DFFRQX2M)
                                                          0.00    8680.54 r
  library setup time                                     -0.30    8680.24
  data required time                                              8680.24
  --------------------------------------------------------------------------
  data required time                                              8680.24
  data arrival time                                                 -1.25
  --------------------------------------------------------------------------
  slack (MET)                                                     8678.99


  Startpoint: ASYNC_FIFO_U5/U3/rptr_reg[2]
              (rising edge-triggered flip-flop clocked by TX_CLK)
  Endpoint: ASYNC_FIFO_U5/U3/rptr_bi_reg[2]
            (rising edge-triggered flip-flop clocked by TX_CLK)
  Path Group: TX_CLK
  Path Type: max

  Point                                                   Incr       Path
  --------------------------------------------------------------------------
  clock TX_CLK (rise edge)                                0.00       0.00
  clock network delay (ideal)                             0.00       0.00
  ASYNC_FIFO_U5/U3/rptr_reg[2]/CK (DFFRQX2M)              0.00       0.00 r
  ASYNC_FIFO_U5/U3/rptr_reg[2]/Q (DFFRQX2M)               0.47       0.47 f
  ASYNC_FIFO_U5/U3/U12/Y (XNOR2X2M)                       0.14       0.61 r
  ASYNC_FIFO_U5/U3/U10/Y (NAND4X2M)                       0.18       0.79 f
  ASYNC_FIFO_U5/U3/U21/Y (NAND2X2M)                       0.12       0.91 r
  ASYNC_FIFO_U5/U3/U3/Y (NOR2X2M)                         0.06       0.98 f
  ASYNC_FIFO_U5/U3/U18/Y (NAND2X2M)                       0.09       1.06 r
  ASYNC_FIFO_U5/U3/U7/Y (XNOR2X2M)                        0.16       1.23 r
  ASYNC_FIFO_U5/U3/rptr_bi_reg[2]/D (DFFRQX2M)            0.00       1.23 r
  data arrival time                                                  1.23

  clock TX_CLK (rise edge)                             8680.54    8680.54
  clock network delay (ideal)                             0.00    8680.54
  ASYNC_FIFO_U5/U3/rptr_bi_reg[2]/CK (DFFRQX2M)           0.00    8680.54 r
  library setup time                                     -0.32    8680.22
  data required time                                              8680.22
  --------------------------------------------------------------------------
  data required time                                              8680.22
  data arrival time                                                 -1.23
  --------------------------------------------------------------------------
  slack (MET)                                                     8679.00


  Startpoint: ASYNC_FIFO_U5/U3/rptr_reg[3]
              (rising edge-triggered flip-flop clocked by TX_CLK)
  Endpoint: ASYNC_FIFO_U5/U3/rptr_bi_reg[1]
            (rising edge-triggered flip-flop clocked by TX_CLK)
  Path Group: TX_CLK
  Path Type: max

  Point                                                   Incr       Path
  --------------------------------------------------------------------------
  clock TX_CLK (rise edge)                                0.00       0.00
  clock network delay (ideal)                             0.00       0.00
  ASYNC_FIFO_U5/U3/rptr_reg[3]/CK (DFFRQX2M)              0.00       0.00 r
  ASYNC_FIFO_U5/U3/rptr_reg[3]/Q (DFFRQX2M)               0.47       0.47 f
  ASYNC_FIFO_U5/U3/U11/Y (XNOR2X2M)                       0.17       0.63 f
  ASYNC_FIFO_U5/U3/U10/Y (NAND4X2M)                       0.13       0.76 r
  ASYNC_FIFO_U5/U3/U21/Y (NAND2X2M)                       0.09       0.85 f
  ASYNC_FIFO_U5/U3/U3/Y (NOR2X2M)                         0.14       1.00 r
  ASYNC_FIFO_U5/U3/U24/Y (CLKXOR2X2M)                     0.23       1.22 r
  ASYNC_FIFO_U5/U3/rptr_bi_reg[1]/D (DFFRQX2M)            0.00       1.22 r
  data arrival time                                                  1.22

  clock TX_CLK (rise edge)                             8680.54    8680.54
  clock network delay (ideal)                             0.00    8680.54
  ASYNC_FIFO_U5/U3/rptr_bi_reg[1]/CK (DFFRQX2M)           0.00    8680.54 r
  library setup time                                     -0.30    8680.24
  data required time                                              8680.24
  --------------------------------------------------------------------------
  data required time                                              8680.24
  data arrival time                                                 -1.22
  --------------------------------------------------------------------------
  slack (MET)                                                     8679.02


  Startpoint: Domain_2_TOP_U1/UART_U0/U0/U1/cur_state_reg[2]
              (rising edge-triggered flip-flop clocked by TX_CLK)
  Endpoint: Domain_2_TOP_U1/PULSE_GEN_U3/LVL_SIG_OLD_reg
            (rising edge-triggered flip-flop clocked by TX_CLK)
  Path Group: TX_CLK
  Path Type: max

  Point                                                   Incr       Path
  --------------------------------------------------------------------------
  clock TX_CLK (rise edge)                                0.00       0.00
  clock network delay (ideal)                             0.00       0.00
  Domain_2_TOP_U1/UART_U0/U0/U1/cur_state_reg[2]/CK (DFFRQX2M)
                                                          0.00       0.00 r
  Domain_2_TOP_U1/UART_U0/U0/U1/cur_state_reg[2]/Q (DFFRQX2M)
                                                          0.47       0.47 f
  Domain_2_TOP_U1/UART_U0/U0/U1/U10/Y (INVX2M)            0.13       0.60 r
  Domain_2_TOP_U1/UART_U0/U0/U1/U8/Y (NAND3X2M)           0.15       0.75 f
  Domain_2_TOP_U1/UART_U0/U0/U1/U4/Y (NAND2X2M)           0.14       0.89 r
  Domain_2_TOP_U1/UART_U0/U0/U1/U7/Y (NAND2BX2M)          0.13       1.02 r
  Domain_2_TOP_U1/UART_U0/U0/U1/U3/Y (OR2X2M)             0.12       1.15 r
  Domain_2_TOP_U1/UART_U0/U0/U1/busy (FSM_TX)             0.00       1.15 r
  Domain_2_TOP_U1/UART_U0/U0/busy (Top_TX)                0.00       1.15 r
  Domain_2_TOP_U1/UART_U0/busy (UART_TOP)                 0.00       1.15 r
  Domain_2_TOP_U1/PULSE_GEN_U3/LVL_SIG (PULSE_GEN)        0.00       1.15 r
  Domain_2_TOP_U1/PULSE_GEN_U3/LVL_SIG_OLD_reg/D (DFFRQX2M)
                                                          0.00       1.15 r
  data arrival time                                                  1.15

  clock TX_CLK (rise edge)                             8680.54    8680.54
  clock network delay (ideal)                             0.00    8680.54
  Domain_2_TOP_U1/PULSE_GEN_U3/LVL_SIG_OLD_reg/CK (DFFRQX2M)
                                                          0.00    8680.54 r
  library setup time                                     -0.30    8680.24
  data required time                                              8680.24
  --------------------------------------------------------------------------
  data required time                                              8680.24
  data arrival time                                                 -1.15
  --------------------------------------------------------------------------
  slack (MET)                                                     8679.10


  Startpoint: Domain_2_TOP_U1/UART_U0/U0/U1/cur_state_reg[2]
              (rising edge-triggered flip-flop clocked by TX_CLK)
  Endpoint: Domain_2_TOP_U1/UART_U0/U0/U2/Counter_reg[0]
            (rising edge-triggered flip-flop clocked by TX_CLK)
  Path Group: TX_CLK
  Path Type: max

  Point                                                   Incr       Path
  --------------------------------------------------------------------------
  clock TX_CLK (rise edge)                                0.00       0.00
  clock network delay (ideal)                             0.00       0.00
  Domain_2_TOP_U1/UART_U0/U0/U1/cur_state_reg[2]/CK (DFFRQX2M)
                                                          0.00       0.00 r
  Domain_2_TOP_U1/UART_U0/U0/U1/cur_state_reg[2]/Q (DFFRQX2M)
                                                          0.47       0.47 f
  Domain_2_TOP_U1/UART_U0/U0/U1/U10/Y (INVX2M)            0.13       0.60 r
  Domain_2_TOP_U1/UART_U0/U0/U1/U8/Y (NAND3X2M)           0.15       0.75 f
  Domain_2_TOP_U1/UART_U0/U0/U1/U4/Y (NAND2X2M)           0.14       0.89 r
  Domain_2_TOP_U1/UART_U0/U0/U1/ser_en (FSM_TX)           0.00       0.89 r
  Domain_2_TOP_U1/UART_U0/U0/U2/ser_en (serializer_TX)
                                                          0.00       0.89 r
  Domain_2_TOP_U1/UART_U0/U0/U2/U5/Y (INVX2M)             0.10       1.00 f
  Domain_2_TOP_U1/UART_U0/U0/U2/U34/Y (NOR2X2M)           0.12       1.12 r
  Domain_2_TOP_U1/UART_U0/U0/U2/Counter_reg[0]/D (DFFRQX2M)
                                                          0.00       1.12 r
  data arrival time                                                  1.12

  clock TX_CLK (rise edge)                             8680.54    8680.54
  clock network delay (ideal)                             0.00    8680.54
  Domain_2_TOP_U1/UART_U0/U0/U2/Counter_reg[0]/CK (DFFRQX2M)
                                                          0.00    8680.54 r
  library setup time                                     -0.31    8680.23
  data required time                                              8680.23
  --------------------------------------------------------------------------
  data required time                                              8680.23
  data arrival time                                                 -1.12
  --------------------------------------------------------------------------
  slack (MET)                                                     8679.11


  Startpoint: Domain_2_TOP_U1/UART_U0/U0/U1/cur_state_reg[2]
              (rising edge-triggered flip-flop clocked by TX_CLK)
  Endpoint: Domain_2_TOP_U1/UART_U0/U0/U2/Counter_reg[1]
            (rising edge-triggered flip-flop clocked by TX_CLK)
  Path Group: TX_CLK
  Path Type: max

  Point                                                   Incr       Path
  --------------------------------------------------------------------------
  clock TX_CLK (rise edge)                                0.00       0.00
  clock network delay (ideal)                             0.00       0.00
  Domain_2_TOP_U1/UART_U0/U0/U1/cur_state_reg[2]/CK (DFFRQX2M)
                                                          0.00       0.00 r
  Domain_2_TOP_U1/UART_U0/U0/U1/cur_state_reg[2]/Q (DFFRQX2M)
                                                          0.47       0.47 f
  Domain_2_TOP_U1/UART_U0/U0/U1/U10/Y (INVX2M)            0.13       0.60 r
  Domain_2_TOP_U1/UART_U0/U0/U1/U8/Y (NAND3X2M)           0.15       0.75 f
  Domain_2_TOP_U1/UART_U0/U0/U1/U4/Y (NAND2X2M)           0.14       0.89 r
  Domain_2_TOP_U1/UART_U0/U0/U1/ser_en (FSM_TX)           0.00       0.89 r
  Domain_2_TOP_U1/UART_U0/U0/U2/ser_en (serializer_TX)
                                                          0.00       0.89 r
  Domain_2_TOP_U1/UART_U0/U0/U2/U5/Y (INVX2M)             0.10       1.00 f
  Domain_2_TOP_U1/UART_U0/U0/U2/U38/Y (NOR2X2M)           0.10       1.09 r
  Domain_2_TOP_U1/UART_U0/U0/U2/Counter_reg[1]/D (DFFRQX2M)
                                                          0.00       1.09 r
  data arrival time                                                  1.09

  clock TX_CLK (rise edge)                             8680.54    8680.54
  clock network delay (ideal)                             0.00    8680.54
  Domain_2_TOP_U1/UART_U0/U0/U2/Counter_reg[1]/CK (DFFRQX2M)
                                                          0.00    8680.54 r
  library setup time                                     -0.30    8680.24
  data required time                                              8680.24
  --------------------------------------------------------------------------
  data required time                                              8680.24
  data arrival time                                                 -1.09
  --------------------------------------------------------------------------
  slack (MET)                                                     8679.14


  Startpoint: ASYNC_FIFO_U5/U3/rptr_reg[2]
              (rising edge-triggered flip-flop clocked by TX_CLK)
  Endpoint: ASYNC_FIFO_U5/U3/rptr_bi_reg[0]
            (rising edge-triggered flip-flop clocked by TX_CLK)
  Path Group: TX_CLK
  Path Type: max

  Point                                                   Incr       Path
  --------------------------------------------------------------------------
  clock TX_CLK (rise edge)                                0.00       0.00
  clock network delay (ideal)                             0.00       0.00
  ASYNC_FIFO_U5/U3/rptr_reg[2]/CK (DFFRQX2M)              0.00       0.00 r
  ASYNC_FIFO_U5/U3/rptr_reg[2]/Q (DFFRQX2M)               0.47       0.47 f
  ASYNC_FIFO_U5/U3/U12/Y (XNOR2X2M)                       0.14       0.61 r
  ASYNC_FIFO_U5/U3/U10/Y (NAND4X2M)                       0.18       0.79 f
  ASYNC_FIFO_U5/U3/U21/Y (NAND2X2M)                       0.12       0.91 r
  ASYNC_FIFO_U5/U3/U9/Y (XNOR2X2M)                        0.16       1.08 r
  ASYNC_FIFO_U5/U3/rptr_bi_reg[0]/D (DFFRQX2M)            0.00       1.08 r
  data arrival time                                                  1.08

  clock TX_CLK (rise edge)                             8680.54    8680.54
  clock network delay (ideal)                             0.00    8680.54
  ASYNC_FIFO_U5/U3/rptr_bi_reg[0]/CK (DFFRQX2M)           0.00    8680.54 r
  library setup time                                     -0.32    8680.22
  data required time                                              8680.22
  --------------------------------------------------------------------------
  data required time                                              8680.22
  data arrival time                                                 -1.08
  --------------------------------------------------------------------------
  slack (MET)                                                     8679.15


  Startpoint: Domain_2_TOP_U1/UART_U0/U0/U1/cur_state_reg[2]
              (rising edge-triggered flip-flop clocked by TX_CLK)
  Endpoint: Domain_2_TOP_U1/UART_U0/U0/U3/TX_OUT_reg
            (rising edge-triggered flip-flop clocked by TX_CLK)
  Path Group: TX_CLK
  Path Type: max

  Point                                                   Incr       Path
  --------------------------------------------------------------------------
  clock TX_CLK (rise edge)                                0.00       0.00
  clock network delay (ideal)                             0.00       0.00
  Domain_2_TOP_U1/UART_U0/U0/U1/cur_state_reg[2]/CK (DFFRQX2M)
                                                          0.00       0.00 r
  Domain_2_TOP_U1/UART_U0/U0/U1/cur_state_reg[2]/Q (DFFRQX2M)
                                                          0.47       0.47 f
  Domain_2_TOP_U1/UART_U0/U0/U1/U10/Y (INVX2M)            0.13       0.60 r
  Domain_2_TOP_U1/UART_U0/U0/U1/U5/Y (NOR2X2M)            0.07       0.67 f
  Domain_2_TOP_U1/UART_U0/U0/U1/U12/Y (NAND2BX2M)         0.12       0.79 r
  Domain_2_TOP_U1/UART_U0/U0/U1/U6/Y (NAND2X2M)           0.09       0.88 f
  Domain_2_TOP_U1/UART_U0/U0/U1/mux_sel[1] (FSM_TX)       0.00       0.88 f
  Domain_2_TOP_U1/UART_U0/U0/U3/mux_sel[1] (MUX_TX)       0.00       0.88 f
  Domain_2_TOP_U1/UART_U0/U0/U3/U5/Y (NOR2BX2M)           0.14       1.03 f
  Domain_2_TOP_U1/UART_U0/U0/U3/U3/Y (OAI21X2M)           0.12       1.14 r
  Domain_2_TOP_U1/UART_U0/U0/U3/TX_OUT_reg/D (DFFSQX2M)
                                                          0.00       1.14 r
  data arrival time                                                  1.14

  clock TX_CLK (rise edge)                             8680.54    8680.54
  clock network delay (ideal)                             0.00    8680.54
  Domain_2_TOP_U1/UART_U0/U0/U3/TX_OUT_reg/CK (DFFSQX2M)
                                                          0.00    8680.54 r
  library setup time                                     -0.19    8680.36
  data required time                                              8680.36
  --------------------------------------------------------------------------
  data required time                                              8680.36
  data arrival time                                                 -1.14
  --------------------------------------------------------------------------
  slack (MET)                                                     8679.21


  Startpoint: Domain_2_TOP_U1/UART_U0/U0/U1/cur_state_reg[2]
              (rising edge-triggered flip-flop clocked by TX_CLK)
  Endpoint: Domain_2_TOP_U1/UART_U0/U0/U1/cur_state_reg[1]
            (rising edge-triggered flip-flop clocked by TX_CLK)
  Path Group: TX_CLK
  Path Type: max

  Point                                                   Incr       Path
  --------------------------------------------------------------------------
  clock TX_CLK (rise edge)                                0.00       0.00
  clock network delay (ideal)                             0.00       0.00
  Domain_2_TOP_U1/UART_U0/U0/U1/cur_state_reg[2]/CK (DFFRQX2M)
                                                          0.00       0.00 r
  Domain_2_TOP_U1/UART_U0/U0/U1/cur_state_reg[2]/Q (DFFRQX2M)
                                                          0.47       0.47 f
  Domain_2_TOP_U1/UART_U0/U0/U1/U10/Y (INVX2M)            0.13       0.60 r
  Domain_2_TOP_U1/UART_U0/U0/U1/U8/Y (NAND3X2M)           0.15       0.75 f
  Domain_2_TOP_U1/UART_U0/U0/U1/U4/Y (NAND2X2M)           0.14       0.89 r
  Domain_2_TOP_U1/UART_U0/U0/U1/U7/Y (NAND2BX2M)          0.13       1.02 r
  Domain_2_TOP_U1/UART_U0/U0/U1/cur_state_reg[1]/D (DFFRQX2M)
                                                          0.00       1.02 r
  data arrival time                                                  1.02

  clock TX_CLK (rise edge)                             8680.54    8680.54
  clock network delay (ideal)                             0.00    8680.54
  Domain_2_TOP_U1/UART_U0/U0/U1/cur_state_reg[1]/CK (DFFRQX2M)
                                                          0.00    8680.54 r
  library setup time                                     -0.30    8680.24
  data required time                                              8680.24
  --------------------------------------------------------------------------
  data required time                                              8680.24
  data arrival time                                                 -1.02
  --------------------------------------------------------------------------
  slack (MET)                                                     8679.22


  Startpoint: Domain_2_TOP_U1/UART_U0/U0/U1/cur_state_reg[2]
              (rising edge-triggered flip-flop clocked by TX_CLK)
  Endpoint: Domain_2_TOP_U1/UART_U0/U0/U1/cur_state_reg[2]
            (rising edge-triggered flip-flop clocked by TX_CLK)
  Path Group: TX_CLK
  Path Type: max

  Point                                                   Incr       Path
  --------------------------------------------------------------------------
  clock TX_CLK (rise edge)                                0.00       0.00
  clock network delay (ideal)                             0.00       0.00
  Domain_2_TOP_U1/UART_U0/U0/U1/cur_state_reg[2]/CK (DFFRQX2M)
                                                          0.00       0.00 r
  Domain_2_TOP_U1/UART_U0/U0/U1/cur_state_reg[2]/Q (DFFRQX2M)
                                                          0.47       0.47 f
  Domain_2_TOP_U1/UART_U0/U0/U1/U10/Y (INVX2M)            0.13       0.60 r
  Domain_2_TOP_U1/UART_U0/U0/U1/U8/Y (NAND3X2M)           0.15       0.75 f
  Domain_2_TOP_U1/UART_U0/U0/U1/U13/Y (OAI2B1X2M)         0.15       0.90 r
  Domain_2_TOP_U1/UART_U0/U0/U1/cur_state_reg[2]/D (DFFRQX2M)
                                                          0.00       0.90 r
  data arrival time                                                  0.90

  clock TX_CLK (rise edge)                             8680.54    8680.54
  clock network delay (ideal)                             0.00    8680.54
  Domain_2_TOP_U1/UART_U0/U0/U1/cur_state_reg[2]/CK (DFFRQX2M)
                                                          0.00    8680.54 r
  library setup time                                     -0.31    8680.23
  data required time                                              8680.23
  --------------------------------------------------------------------------
  data required time                                              8680.23
  data arrival time                                                 -0.90
  --------------------------------------------------------------------------
  slack (MET)                                                     8679.33


  Startpoint: ASYNC_FIFO_U5/U3/rptr_bi_reg[0]
              (rising edge-triggered flip-flop clocked by TX_CLK)
  Endpoint: ASYNC_FIFO_U5/U3/rptr_reg[0]
            (rising edge-triggered flip-flop clocked by TX_CLK)
  Path Group: TX_CLK
  Path Type: max

  Point                                                   Incr       Path
  --------------------------------------------------------------------------
  clock TX_CLK (rise edge)                                0.00       0.00
  clock network delay (ideal)                             0.00       0.00
  ASYNC_FIFO_U5/U3/rptr_bi_reg[0]/CK (DFFRQX2M)           0.00       0.00 r
  ASYNC_FIFO_U5/U3/rptr_bi_reg[0]/Q (DFFRQX2M)            0.55       0.55 f
  ASYNC_FIFO_U5/U3/U23/Y (INVX2M)                         0.11       0.66 r
  ASYNC_FIFO_U5/U3/U8/Y (XNOR2X2M)                        0.16       0.82 r
  ASYNC_FIFO_U5/U3/rptr_reg[0]/D (DFFRQX2M)               0.00       0.82 r
  data arrival time                                                  0.82

  clock TX_CLK (rise edge)                             8680.54    8680.54
  clock network delay (ideal)                             0.00    8680.54
  ASYNC_FIFO_U5/U3/rptr_reg[0]/CK (DFFRQX2M)              0.00    8680.54 r
  library setup time                                     -0.32    8680.22
  data required time                                              8680.22
  --------------------------------------------------------------------------
  data required time                                              8680.22
  data arrival time                                                 -0.82
  --------------------------------------------------------------------------
  slack (MET)                                                     8679.40


  Startpoint: ASYNC_FIFO_U5/U3/rptr_bi_reg[2]
              (rising edge-triggered flip-flop clocked by TX_CLK)
  Endpoint: ASYNC_FIFO_U5/U3/rptr_reg[2]
            (rising edge-triggered flip-flop clocked by TX_CLK)
  Path Group: TX_CLK
  Path Type: max

  Point                                                   Incr       Path
  --------------------------------------------------------------------------
  clock TX_CLK (rise edge)                                0.00       0.00
  clock network delay (ideal)                             0.00       0.00
  ASYNC_FIFO_U5/U3/rptr_bi_reg[2]/CK (DFFRQX2M)           0.00       0.00 r
  ASYNC_FIFO_U5/U3/rptr_bi_reg[2]/Q (DFFRQX2M)            0.52       0.52 f
  ASYNC_FIFO_U5/U3/U20/Y (INVX2M)                         0.11       0.64 r
  ASYNC_FIFO_U5/U3/U22/Y (NAND2X2M)                       0.09       0.72 f
  ASYNC_FIFO_U5/U3/U19/Y (OAI21X2M)                       0.06       0.78 r
  ASYNC_FIFO_U5/U3/rptr_reg[2]/D (DFFRQX2M)               0.00       0.78 r
  data arrival time                                                  0.78

  clock TX_CLK (rise edge)                             8680.54    8680.54
  clock network delay (ideal)                             0.00    8680.54
  ASYNC_FIFO_U5/U3/rptr_reg[2]/CK (DFFRQX2M)              0.00    8680.54 r
  library setup time                                     -0.31    8680.23
  data required time                                              8680.23
  --------------------------------------------------------------------------
  data required time                                              8680.23
  data arrival time                                                 -0.78
  --------------------------------------------------------------------------
  slack (MET)                                                     8679.45


  Startpoint: ASYNC_FIFO_U5/U3/rptr_bi_reg[2]
              (rising edge-triggered flip-flop clocked by TX_CLK)
  Endpoint: ASYNC_FIFO_U5/U3/rptr_reg[1]
            (rising edge-triggered flip-flop clocked by TX_CLK)
  Path Group: TX_CLK
  Path Type: max

  Point                                                   Incr       Path
  --------------------------------------------------------------------------
  clock TX_CLK (rise edge)                                0.00       0.00
  clock network delay (ideal)                             0.00       0.00
  ASYNC_FIFO_U5/U3/rptr_bi_reg[2]/CK (DFFRQX2M)           0.00       0.00 r
  ASYNC_FIFO_U5/U3/rptr_bi_reg[2]/Q (DFFRQX2M)            0.52       0.52 f
  ASYNC_FIFO_U5/U3/U20/Y (INVX2M)                         0.11       0.64 r
  ASYNC_FIFO_U5/U3/U6/Y (XNOR2X2M)                        0.10       0.73 r
  ASYNC_FIFO_U5/U3/rptr_reg[1]/D (DFFRQX2M)               0.00       0.73 r
  data arrival time                                                  0.73

  clock TX_CLK (rise edge)                             8680.54    8680.54
  clock network delay (ideal)                             0.00    8680.54
  ASYNC_FIFO_U5/U3/rptr_reg[1]/CK (DFFRQX2M)              0.00    8680.54 r
  library setup time                                     -0.32    8680.22
  data required time                                              8680.22
  --------------------------------------------------------------------------
  data required time                                              8680.22
  data arrival time                                                 -0.73
  --------------------------------------------------------------------------
  slack (MET)                                                     8679.49


  Startpoint: ASYNC_FIFO_U5/U3/rptr_bi_reg[3]
              (rising edge-triggered flip-flop clocked by TX_CLK)
  Endpoint: ASYNC_FIFO_U5/U3/rptr_reg[3]
            (rising edge-triggered flip-flop clocked by TX_CLK)
  Path Group: TX_CLK
  Path Type: max

  Point                                                   Incr       Path
  --------------------------------------------------------------------------
  clock TX_CLK (rise edge)                                0.00       0.00
  clock network delay (ideal)                             0.00       0.00
  ASYNC_FIFO_U5/U3/rptr_bi_reg[3]/CK (DFFRQX2M)           0.00       0.00 r
  ASYNC_FIFO_U5/U3/rptr_bi_reg[3]/Q (DFFRQX2M)            0.41       0.41 r
  ASYNC_FIFO_U5/U3/rptr_reg[3]/D (DFFRQX2M)               0.00       0.41 r
  data arrival time                                                  0.41

  clock TX_CLK (rise edge)                             8680.54    8680.54
  clock network delay (ideal)                             0.00    8680.54
  ASYNC_FIFO_U5/U3/rptr_reg[3]/CK (DFFRQX2M)              0.00    8680.54 r
  library setup time                                     -0.31    8680.23
  data required time                                              8680.23
  --------------------------------------------------------------------------
  data required time                                              8680.23
  data arrival time                                                 -0.41
  --------------------------------------------------------------------------
  slack (MET)                                                     8679.82


  Startpoint: ASYNC_FIFO_U5/U4/wptr_sync1_reg[3]
              (rising edge-triggered flip-flop clocked by TX_CLK)
  Endpoint: ASYNC_FIFO_U5/U4/wptr_sync_reg[3]
            (rising edge-triggered flip-flop clocked by TX_CLK)
  Path Group: TX_CLK
  Path Type: max

  Point                                                   Incr       Path
  --------------------------------------------------------------------------
  clock TX_CLK (rise edge)                                0.00       0.00
  clock network delay (ideal)                             0.00       0.00
  ASYNC_FIFO_U5/U4/wptr_sync1_reg[3]/CK (DFFRQX2M)        0.00       0.00 r
  ASYNC_FIFO_U5/U4/wptr_sync1_reg[3]/Q (DFFRQX2M)         0.35       0.35 r
  ASYNC_FIFO_U5/U4/wptr_sync_reg[3]/D (DFFRQX2M)          0.00       0.35 r
  data arrival time                                                  0.35

  clock TX_CLK (rise edge)                             8680.54    8680.54
  clock network delay (ideal)                             0.00    8680.54
  ASYNC_FIFO_U5/U4/wptr_sync_reg[3]/CK (DFFRQX2M)         0.00    8680.54 r
  library setup time                                     -0.30    8680.24
  data required time                                              8680.24
  --------------------------------------------------------------------------
  data required time                                              8680.24
  data arrival time                                                 -0.35
  --------------------------------------------------------------------------
  slack (MET)                                                     8679.90


  Startpoint: ASYNC_FIFO_U5/U4/wptr_sync1_reg[2]
              (rising edge-triggered flip-flop clocked by TX_CLK)
  Endpoint: ASYNC_FIFO_U5/U4/wptr_sync_reg[2]
            (rising edge-triggered flip-flop clocked by TX_CLK)
  Path Group: TX_CLK
  Path Type: max

  Point                                                   Incr       Path
  --------------------------------------------------------------------------
  clock TX_CLK (rise edge)                                0.00       0.00
  clock network delay (ideal)                             0.00       0.00
  ASYNC_FIFO_U5/U4/wptr_sync1_reg[2]/CK (DFFRQX2M)        0.00       0.00 r
  ASYNC_FIFO_U5/U4/wptr_sync1_reg[2]/Q (DFFRQX2M)         0.35       0.35 r
  ASYNC_FIFO_U5/U4/wptr_sync_reg[2]/D (DFFRQX2M)          0.00       0.35 r
  data arrival time                                                  0.35

  clock TX_CLK (rise edge)                             8680.54    8680.54
  clock network delay (ideal)                             0.00    8680.54
  ASYNC_FIFO_U5/U4/wptr_sync_reg[2]/CK (DFFRQX2M)         0.00    8680.54 r
  library setup time                                     -0.30    8680.24
  data required time                                              8680.24
  --------------------------------------------------------------------------
  data required time                                              8680.24
  data arrival time                                                 -0.35
  --------------------------------------------------------------------------
  slack (MET)                                                     8679.90


  Startpoint: ASYNC_FIFO_U5/U4/wptr_sync1_reg[1]
              (rising edge-triggered flip-flop clocked by TX_CLK)
  Endpoint: ASYNC_FIFO_U5/U4/wptr_sync_reg[1]
            (rising edge-triggered flip-flop clocked by TX_CLK)
  Path Group: TX_CLK
  Path Type: max

  Point                                                   Incr       Path
  --------------------------------------------------------------------------
  clock TX_CLK (rise edge)                                0.00       0.00
  clock network delay (ideal)                             0.00       0.00
  ASYNC_FIFO_U5/U4/wptr_sync1_reg[1]/CK (DFFRQX2M)        0.00       0.00 r
  ASYNC_FIFO_U5/U4/wptr_sync1_reg[1]/Q (DFFRQX2M)         0.35       0.35 r
  ASYNC_FIFO_U5/U4/wptr_sync_reg[1]/D (DFFRQX2M)          0.00       0.35 r
  data arrival time                                                  0.35

  clock TX_CLK (rise edge)                             8680.54    8680.54
  clock network delay (ideal)                             0.00    8680.54
  ASYNC_FIFO_U5/U4/wptr_sync_reg[1]/CK (DFFRQX2M)         0.00    8680.54 r
  library setup time                                     -0.30    8680.24
  data required time                                              8680.24
  --------------------------------------------------------------------------
  data required time                                              8680.24
  data arrival time                                                 -0.35
  --------------------------------------------------------------------------
  slack (MET)                                                     8679.90


  Startpoint: ASYNC_FIFO_U5/U4/wptr_sync1_reg[0]
              (rising edge-triggered flip-flop clocked by TX_CLK)
  Endpoint: ASYNC_FIFO_U5/U4/wptr_sync_reg[0]
            (rising edge-triggered flip-flop clocked by TX_CLK)
  Path Group: TX_CLK
  Path Type: max

  Point                                                   Incr       Path
  --------------------------------------------------------------------------
  clock TX_CLK (rise edge)                                0.00       0.00
  clock network delay (ideal)                             0.00       0.00
  ASYNC_FIFO_U5/U4/wptr_sync1_reg[0]/CK (DFFRQX2M)        0.00       0.00 r
  ASYNC_FIFO_U5/U4/wptr_sync1_reg[0]/Q (DFFRQX2M)         0.35       0.35 r
  ASYNC_FIFO_U5/U4/wptr_sync_reg[0]/D (DFFRQX2M)          0.00       0.35 r
  data arrival time                                                  0.35

  clock TX_CLK (rise edge)                             8680.54    8680.54
  clock network delay (ideal)                             0.00    8680.54
  ASYNC_FIFO_U5/U4/wptr_sync_reg[0]/CK (DFFRQX2M)         0.00    8680.54 r
  library setup time                                     -0.30    8680.24
  data required time                                              8680.24
  --------------------------------------------------------------------------
  data required time                                              8680.24
  data arrival time                                                 -0.35
  --------------------------------------------------------------------------
  slack (MET)                                                     8679.90


  Startpoint: Domain_2_TOP_U1/ClkDiv_U1_TX/counter_reg[0]
              (rising edge-triggered flip-flop clocked by UART_CLK)
  Endpoint: Domain_2_TOP_U1/ClkDiv_U1_TX/counter_reg[7]
            (rising edge-triggered flip-flop clocked by UART_CLK)
  Path Group: UART_CLK
  Path Type: max

  Point                                                   Incr       Path
  --------------------------------------------------------------------------
  clock UART_CLK (rise edge)                              0.00       0.00
  clock network delay (ideal)                             0.00       0.00
  Domain_2_TOP_U1/ClkDiv_U1_TX/counter_reg[0]/CK (DFFRQX2M)
                                                          0.00       0.00 r
  Domain_2_TOP_U1/ClkDiv_U1_TX/counter_reg[0]/Q (DFFRQX2M)
                                                          0.51       0.51 f
  Domain_2_TOP_U1/ClkDiv_U1_TX/add_58/A[0] (ClkDiv_0_DW01_inc_0)
                                                          0.00       0.51 f
  Domain_2_TOP_U1/ClkDiv_U1_TX/add_58/U1_1_1/CO (ADDHX1M)
                                                          0.20       0.71 f
  Domain_2_TOP_U1/ClkDiv_U1_TX/add_58/U1_1_2/CO (ADDHX1M)
                                                          0.19       0.90 f
  Domain_2_TOP_U1/ClkDiv_U1_TX/add_58/U1_1_3/CO (ADDHX1M)
                                                          0.19       1.10 f
  Domain_2_TOP_U1/ClkDiv_U1_TX/add_58/U1_1_4/CO (ADDHX1M)
                                                          0.19       1.29 f
  Domain_2_TOP_U1/ClkDiv_U1_TX/add_58/U1_1_5/CO (ADDHX1M)
                                                          0.19       1.48 f
  Domain_2_TOP_U1/ClkDiv_U1_TX/add_58/U1_1_6/CO (ADDHX1M)
                                                          0.20       1.68 f
  Domain_2_TOP_U1/ClkDiv_U1_TX/add_58/U1/Y (CLKXOR2X2M)
                                                          0.18       1.86 r
  Domain_2_TOP_U1/ClkDiv_U1_TX/add_58/SUM[7] (ClkDiv_0_DW01_inc_0)
                                                          0.00       1.86 r
  Domain_2_TOP_U1/ClkDiv_U1_TX/U43/Y (OAI2BB2X1M)         0.14       2.00 r
  Domain_2_TOP_U1/ClkDiv_U1_TX/counter_reg[7]/D (DFFRQX2M)
                                                          0.00       2.00 r
  data arrival time                                                  2.00

  clock UART_CLK (rise edge)                            271.27     271.27
  clock network delay (ideal)                             0.00     271.27
  clock uncertainty                                      -0.20     271.07
  Domain_2_TOP_U1/ClkDiv_U1_TX/counter_reg[7]/CK (DFFRQX2M)
                                                          0.00     271.07 r
  library setup time                                     -0.29     270.77
  data required time                                               270.77
  --------------------------------------------------------------------------
  data required time                                               270.77
  data arrival time                                                 -2.00
  --------------------------------------------------------------------------
  slack (MET)                                                      268.77


  Startpoint: Domain_2_TOP_U1/ClkDiv_U1_TX/counter_reg[0]
              (rising edge-triggered flip-flop clocked by UART_CLK)
  Endpoint: Domain_2_TOP_U1/ClkDiv_U1_TX/counter_reg[6]
            (rising edge-triggered flip-flop clocked by UART_CLK)
  Path Group: UART_CLK
  Path Type: max

  Point                                                   Incr       Path
  --------------------------------------------------------------------------
  clock UART_CLK (rise edge)                              0.00       0.00
  clock network delay (ideal)                             0.00       0.00
  Domain_2_TOP_U1/ClkDiv_U1_TX/counter_reg[0]/CK (DFFRQX2M)
                                                          0.00       0.00 r
  Domain_2_TOP_U1/ClkDiv_U1_TX/counter_reg[0]/Q (DFFRQX2M)
                                                          0.51       0.51 f
  Domain_2_TOP_U1/ClkDiv_U1_TX/add_58/A[0] (ClkDiv_0_DW01_inc_0)
                                                          0.00       0.51 f
  Domain_2_TOP_U1/ClkDiv_U1_TX/add_58/U1_1_1/CO (ADDHX1M)
                                                          0.20       0.71 f
  Domain_2_TOP_U1/ClkDiv_U1_TX/add_58/U1_1_2/CO (ADDHX1M)
                                                          0.19       0.90 f
  Domain_2_TOP_U1/ClkDiv_U1_TX/add_58/U1_1_3/CO (ADDHX1M)
                                                          0.19       1.10 f
  Domain_2_TOP_U1/ClkDiv_U1_TX/add_58/U1_1_4/CO (ADDHX1M)
                                                          0.19       1.29 f
  Domain_2_TOP_U1/ClkDiv_U1_TX/add_58/U1_1_5/CO (ADDHX1M)
                                                          0.19       1.48 f
  Domain_2_TOP_U1/ClkDiv_U1_TX/add_58/U1_1_6/S (ADDHX1M)
                                                          0.13       1.61 f
  Domain_2_TOP_U1/ClkDiv_U1_TX/add_58/SUM[6] (ClkDiv_0_DW01_inc_0)
                                                          0.00       1.61 f
  Domain_2_TOP_U1/ClkDiv_U1_TX/U42/Y (AO22X1M)            0.35       1.96 f
  Domain_2_TOP_U1/ClkDiv_U1_TX/counter_reg[6]/D (DFFRQX2M)
                                                          0.00       1.96 f
  data arrival time                                                  1.96

  clock UART_CLK (rise edge)                            271.27     271.27
  clock network delay (ideal)                             0.00     271.27
  clock uncertainty                                      -0.20     271.07
  Domain_2_TOP_U1/ClkDiv_U1_TX/counter_reg[6]/CK (DFFRQX2M)
                                                          0.00     271.07 r
  library setup time                                     -0.15     270.91
  data required time                                               270.91
  --------------------------------------------------------------------------
  data required time                                               270.91
  data arrival time                                                 -1.96
  --------------------------------------------------------------------------
  slack (MET)                                                      268.95


  Startpoint: Domain_2_TOP_U1/ClkDiv_U1_TX/counter_reg[7]
              (rising edge-triggered flip-flop clocked by UART_CLK)
  Endpoint: Domain_2_TOP_U1/ClkDiv_U1_TX/counter_reg[0]
            (rising edge-triggered flip-flop clocked by UART_CLK)
  Path Group: UART_CLK
  Path Type: max

  Point                                                   Incr       Path
  --------------------------------------------------------------------------
  clock UART_CLK (rise edge)                              0.00       0.00
  clock network delay (ideal)                             0.00       0.00
  Domain_2_TOP_U1/ClkDiv_U1_TX/counter_reg[7]/CK (DFFRQX2M)
                                                          0.00       0.00 r
  Domain_2_TOP_U1/ClkDiv_U1_TX/counter_reg[7]/Q (DFFRQX2M)
                                                          0.47       0.47 f
  Domain_2_TOP_U1/ClkDiv_U1_TX/U65/Y (CLKINVX1M)          0.12       0.59 r
  Domain_2_TOP_U1/ClkDiv_U1_TX/U64/Y (CLKXOR2X2M)         0.17       0.76 r
  Domain_2_TOP_U1/ClkDiv_U1_TX/U60/Y (NAND4X1M)           0.15       0.91 f
  Domain_2_TOP_U1/ClkDiv_U1_TX/U59/Y (NOR2X1M)            0.14       1.05 r
  Domain_2_TOP_U1/ClkDiv_U1_TX/U47/Y (MXI2X1M)            0.12       1.17 f
  Domain_2_TOP_U1/ClkDiv_U1_TX/U44/Y (NOR2BX1M)           0.23       1.41 f
  Domain_2_TOP_U1/ClkDiv_U1_TX/U36/Y (AO22X1M)            0.38       1.79 f
  Domain_2_TOP_U1/ClkDiv_U1_TX/counter_reg[0]/D (DFFRQX2M)
                                                          0.00       1.79 f
  data arrival time                                                  1.79

  clock UART_CLK (rise edge)                            271.27     271.27
  clock network delay (ideal)                             0.00     271.27
  clock uncertainty                                      -0.20     271.07
  Domain_2_TOP_U1/ClkDiv_U1_TX/counter_reg[0]/CK (DFFRQX2M)
                                                          0.00     271.07 r
  library setup time                                     -0.15     270.91
  data required time                                               270.91
  --------------------------------------------------------------------------
  data required time                                               270.91
  data arrival time                                                 -1.79
  --------------------------------------------------------------------------
  slack (MET)                                                      269.12


  Startpoint: Domain_2_TOP_U1/ClkDiv_U1_TX/counter_reg[7]
              (rising edge-triggered flip-flop clocked by UART_CLK)
  Endpoint: Domain_2_TOP_U1/ClkDiv_U1_TX/counter_reg[1]
            (rising edge-triggered flip-flop clocked by UART_CLK)
  Path Group: UART_CLK
  Path Type: max

  Point                                                   Incr       Path
  --------------------------------------------------------------------------
  clock UART_CLK (rise edge)                              0.00       0.00
  clock network delay (ideal)                             0.00       0.00
  Domain_2_TOP_U1/ClkDiv_U1_TX/counter_reg[7]/CK (DFFRQX2M)
                                                          0.00       0.00 r
  Domain_2_TOP_U1/ClkDiv_U1_TX/counter_reg[7]/Q (DFFRQX2M)
                                                          0.47       0.47 f
  Domain_2_TOP_U1/ClkDiv_U1_TX/U65/Y (CLKINVX1M)          0.12       0.59 r
  Domain_2_TOP_U1/ClkDiv_U1_TX/U64/Y (CLKXOR2X2M)         0.17       0.76 r
  Domain_2_TOP_U1/ClkDiv_U1_TX/U60/Y (NAND4X1M)           0.15       0.91 f
  Domain_2_TOP_U1/ClkDiv_U1_TX/U59/Y (NOR2X1M)            0.14       1.05 r
  Domain_2_TOP_U1/ClkDiv_U1_TX/U47/Y (MXI2X1M)            0.12       1.17 f
  Domain_2_TOP_U1/ClkDiv_U1_TX/U44/Y (NOR2BX1M)           0.23       1.41 f
  Domain_2_TOP_U1/ClkDiv_U1_TX/U37/Y (AO22X1M)            0.38       1.79 f
  Domain_2_TOP_U1/ClkDiv_U1_TX/counter_reg[1]/D (DFFRQX2M)
                                                          0.00       1.79 f
  data arrival time                                                  1.79

  clock UART_CLK (rise edge)                            271.27     271.27
  clock network delay (ideal)                             0.00     271.27
  clock uncertainty                                      -0.20     271.07
  Domain_2_TOP_U1/ClkDiv_U1_TX/counter_reg[1]/CK (DFFRQX2M)
                                                          0.00     271.07 r
  library setup time                                     -0.15     270.91
  data required time                                               270.91
  --------------------------------------------------------------------------
  data required time                                               270.91
  data arrival time                                                 -1.79
  --------------------------------------------------------------------------
  slack (MET)                                                      269.12


  Startpoint: Domain_2_TOP_U1/ClkDiv_U1_TX/counter_reg[7]
              (rising edge-triggered flip-flop clocked by UART_CLK)
  Endpoint: Domain_2_TOP_U1/ClkDiv_U1_TX/counter_reg[2]
            (rising edge-triggered flip-flop clocked by UART_CLK)
  Path Group: UART_CLK
  Path Type: max

  Point                                                   Incr       Path
  --------------------------------------------------------------------------
  clock UART_CLK (rise edge)                              0.00       0.00
  clock network delay (ideal)                             0.00       0.00
  Domain_2_TOP_U1/ClkDiv_U1_TX/counter_reg[7]/CK (DFFRQX2M)
                                                          0.00       0.00 r
  Domain_2_TOP_U1/ClkDiv_U1_TX/counter_reg[7]/Q (DFFRQX2M)
                                                          0.47       0.47 f
  Domain_2_TOP_U1/ClkDiv_U1_TX/U65/Y (CLKINVX1M)          0.12       0.59 r
  Domain_2_TOP_U1/ClkDiv_U1_TX/U64/Y (CLKXOR2X2M)         0.17       0.76 r
  Domain_2_TOP_U1/ClkDiv_U1_TX/U60/Y (NAND4X1M)           0.15       0.91 f
  Domain_2_TOP_U1/ClkDiv_U1_TX/U59/Y (NOR2X1M)            0.14       1.05 r
  Domain_2_TOP_U1/ClkDiv_U1_TX/U47/Y (MXI2X1M)            0.12       1.17 f
  Domain_2_TOP_U1/ClkDiv_U1_TX/U44/Y (NOR2BX1M)           0.23       1.41 f
  Domain_2_TOP_U1/ClkDiv_U1_TX/U38/Y (AO22X1M)            0.38       1.79 f
  Domain_2_TOP_U1/ClkDiv_U1_TX/counter_reg[2]/D (DFFRQX2M)
                                                          0.00       1.79 f
  data arrival time                                                  1.79

  clock UART_CLK (rise edge)                            271.27     271.27
  clock network delay (ideal)                             0.00     271.27
  clock uncertainty                                      -0.20     271.07
  Domain_2_TOP_U1/ClkDiv_U1_TX/counter_reg[2]/CK (DFFRQX2M)
                                                          0.00     271.07 r
  library setup time                                     -0.15     270.91
  data required time                                               270.91
  --------------------------------------------------------------------------
  data required time                                               270.91
  data arrival time                                                 -1.79
  --------------------------------------------------------------------------
  slack (MET)                                                      269.12


  Startpoint: Domain_2_TOP_U1/ClkDiv_U1_TX/counter_reg[7]
              (rising edge-triggered flip-flop clocked by UART_CLK)
  Endpoint: Domain_2_TOP_U1/ClkDiv_U1_TX/counter_reg[3]
            (rising edge-triggered flip-flop clocked by UART_CLK)
  Path Group: UART_CLK
  Path Type: max

  Point                                                   Incr       Path
  --------------------------------------------------------------------------
  clock UART_CLK (rise edge)                              0.00       0.00
  clock network delay (ideal)                             0.00       0.00
  Domain_2_TOP_U1/ClkDiv_U1_TX/counter_reg[7]/CK (DFFRQX2M)
                                                          0.00       0.00 r
  Domain_2_TOP_U1/ClkDiv_U1_TX/counter_reg[7]/Q (DFFRQX2M)
                                                          0.47       0.47 f
  Domain_2_TOP_U1/ClkDiv_U1_TX/U65/Y (CLKINVX1M)          0.12       0.59 r
  Domain_2_TOP_U1/ClkDiv_U1_TX/U64/Y (CLKXOR2X2M)         0.17       0.76 r
  Domain_2_TOP_U1/ClkDiv_U1_TX/U60/Y (NAND4X1M)           0.15       0.91 f
  Domain_2_TOP_U1/ClkDiv_U1_TX/U59/Y (NOR2X1M)            0.14       1.05 r
  Domain_2_TOP_U1/ClkDiv_U1_TX/U47/Y (MXI2X1M)            0.12       1.17 f
  Domain_2_TOP_U1/ClkDiv_U1_TX/U44/Y (NOR2BX1M)           0.23       1.41 f
  Domain_2_TOP_U1/ClkDiv_U1_TX/U39/Y (AO22X1M)            0.38       1.79 f
  Domain_2_TOP_U1/ClkDiv_U1_TX/counter_reg[3]/D (DFFRQX2M)
                                                          0.00       1.79 f
  data arrival time                                                  1.79

  clock UART_CLK (rise edge)                            271.27     271.27
  clock network delay (ideal)                             0.00     271.27
  clock uncertainty                                      -0.20     271.07
  Domain_2_TOP_U1/ClkDiv_U1_TX/counter_reg[3]/CK (DFFRQX2M)
                                                          0.00     271.07 r
  library setup time                                     -0.15     270.91
  data required time                                               270.91
  --------------------------------------------------------------------------
  data required time                                               270.91
  data arrival time                                                 -1.79
  --------------------------------------------------------------------------
  slack (MET)                                                      269.12


  Startpoint: Domain_2_TOP_U1/ClkDiv_U1_TX/counter_reg[7]
              (rising edge-triggered flip-flop clocked by UART_CLK)
  Endpoint: Domain_2_TOP_U1/ClkDiv_U1_TX/counter_reg[4]
            (rising edge-triggered flip-flop clocked by UART_CLK)
  Path Group: UART_CLK
  Path Type: max

  Point                                                   Incr       Path
  --------------------------------------------------------------------------
  clock UART_CLK (rise edge)                              0.00       0.00
  clock network delay (ideal)                             0.00       0.00
  Domain_2_TOP_U1/ClkDiv_U1_TX/counter_reg[7]/CK (DFFRQX2M)
                                                          0.00       0.00 r
  Domain_2_TOP_U1/ClkDiv_U1_TX/counter_reg[7]/Q (DFFRQX2M)
                                                          0.47       0.47 f
  Domain_2_TOP_U1/ClkDiv_U1_TX/U65/Y (CLKINVX1M)          0.12       0.59 r
  Domain_2_TOP_U1/ClkDiv_U1_TX/U64/Y (CLKXOR2X2M)         0.17       0.76 r
  Domain_2_TOP_U1/ClkDiv_U1_TX/U60/Y (NAND4X1M)           0.15       0.91 f
  Domain_2_TOP_U1/ClkDiv_U1_TX/U59/Y (NOR2X1M)            0.14       1.05 r
  Domain_2_TOP_U1/ClkDiv_U1_TX/U47/Y (MXI2X1M)            0.12       1.17 f
  Domain_2_TOP_U1/ClkDiv_U1_TX/U44/Y (NOR2BX1M)           0.23       1.41 f
  Domain_2_TOP_U1/ClkDiv_U1_TX/U40/Y (AO22X1M)            0.38       1.79 f
  Domain_2_TOP_U1/ClkDiv_U1_TX/counter_reg[4]/D (DFFRQX2M)
                                                          0.00       1.79 f
  data arrival time                                                  1.79

  clock UART_CLK (rise edge)                            271.27     271.27
  clock network delay (ideal)                             0.00     271.27
  clock uncertainty                                      -0.20     271.07
  Domain_2_TOP_U1/ClkDiv_U1_TX/counter_reg[4]/CK (DFFRQX2M)
                                                          0.00     271.07 r
  library setup time                                     -0.15     270.91
  data required time                                               270.91
  --------------------------------------------------------------------------
  data required time                                               270.91
  data arrival time                                                 -1.79
  --------------------------------------------------------------------------
  slack (MET)                                                      269.12


  Startpoint: Domain_2_TOP_U1/ClkDiv_U1_TX/counter_reg[7]
              (rising edge-triggered flip-flop clocked by UART_CLK)
  Endpoint: Domain_2_TOP_U1/ClkDiv_U1_TX/counter_reg[5]
            (rising edge-triggered flip-flop clocked by UART_CLK)
  Path Group: UART_CLK
  Path Type: max

  Point                                                   Incr       Path
  --------------------------------------------------------------------------
  clock UART_CLK (rise edge)                              0.00       0.00
  clock network delay (ideal)                             0.00       0.00
  Domain_2_TOP_U1/ClkDiv_U1_TX/counter_reg[7]/CK (DFFRQX2M)
                                                          0.00       0.00 r
  Domain_2_TOP_U1/ClkDiv_U1_TX/counter_reg[7]/Q (DFFRQX2M)
                                                          0.47       0.47 f
  Domain_2_TOP_U1/ClkDiv_U1_TX/U65/Y (CLKINVX1M)          0.12       0.59 r
  Domain_2_TOP_U1/ClkDiv_U1_TX/U64/Y (CLKXOR2X2M)         0.17       0.76 r
  Domain_2_TOP_U1/ClkDiv_U1_TX/U60/Y (NAND4X1M)           0.15       0.91 f
  Domain_2_TOP_U1/ClkDiv_U1_TX/U59/Y (NOR2X1M)            0.14       1.05 r
  Domain_2_TOP_U1/ClkDiv_U1_TX/U47/Y (MXI2X1M)            0.12       1.17 f
  Domain_2_TOP_U1/ClkDiv_U1_TX/U44/Y (NOR2BX1M)           0.23       1.41 f
  Domain_2_TOP_U1/ClkDiv_U1_TX/U41/Y (AO22X1M)            0.38       1.79 f
  Domain_2_TOP_U1/ClkDiv_U1_TX/counter_reg[5]/D (DFFRQX2M)
                                                          0.00       1.79 f
  data arrival time                                                  1.79

  clock UART_CLK (rise edge)                            271.27     271.27
  clock network delay (ideal)                             0.00     271.27
  clock uncertainty                                      -0.20     271.07
  Domain_2_TOP_U1/ClkDiv_U1_TX/counter_reg[5]/CK (DFFRQX2M)
                                                          0.00     271.07 r
  library setup time                                     -0.15     270.91
  data required time                                               270.91
  --------------------------------------------------------------------------
  data required time                                               270.91
  data arrival time                                                 -1.79
  --------------------------------------------------------------------------
  slack (MET)                                                      269.12


  Startpoint: Domain_2_TOP_U1/ClkDiv_U1_TX/counter_reg[7]
              (rising edge-triggered flip-flop clocked by UART_CLK)
  Endpoint: Domain_2_TOP_U1/ClkDiv_U1_TX/div_clk_reg
            (rising edge-triggered flip-flop clocked by UART_CLK)
  Path Group: UART_CLK
  Path Type: max

  Point                                                   Incr       Path
  --------------------------------------------------------------------------
  clock UART_CLK (rise edge)                              0.00       0.00
  clock network delay (ideal)                             0.00       0.00
  Domain_2_TOP_U1/ClkDiv_U1_TX/counter_reg[7]/CK (DFFRQX2M)
                                                          0.00       0.00 r
  Domain_2_TOP_U1/ClkDiv_U1_TX/counter_reg[7]/Q (DFFRQX2M)
                                                          0.47       0.47 f
  Domain_2_TOP_U1/ClkDiv_U1_TX/U65/Y (CLKINVX1M)          0.12       0.59 r
  Domain_2_TOP_U1/ClkDiv_U1_TX/U64/Y (CLKXOR2X2M)         0.17       0.76 r
  Domain_2_TOP_U1/ClkDiv_U1_TX/U60/Y (NAND4X1M)           0.15       0.91 f
  Domain_2_TOP_U1/ClkDiv_U1_TX/U59/Y (NOR2X1M)            0.14       1.05 r
  Domain_2_TOP_U1/ClkDiv_U1_TX/U47/Y (MXI2X1M)            0.12       1.17 f
  Domain_2_TOP_U1/ClkDiv_U1_TX/U46/Y (NOR2X1M)            0.11       1.29 r
  Domain_2_TOP_U1/ClkDiv_U1_TX/U45/Y (CLKXOR2X2M)         0.22       1.50 r
  Domain_2_TOP_U1/ClkDiv_U1_TX/div_clk_reg/D (DFFRQX2M)
                                                          0.00       1.50 r
  data arrival time                                                  1.50

  clock UART_CLK (rise edge)                            271.27     271.27
  clock network delay (ideal)                             0.00     271.27
  clock uncertainty                                      -0.20     271.07
  Domain_2_TOP_U1/ClkDiv_U1_TX/div_clk_reg/CK (DFFRQX2M)
                                                          0.00     271.07 r
  library setup time                                     -0.29     270.78
  data required time                                               270.78
  --------------------------------------------------------------------------
  data required time                                               270.78
  data arrival time                                                 -1.50
  --------------------------------------------------------------------------
  slack (MET)                                                      269.27


  Startpoint: Domain_2_TOP_U1/ClkDiv_U2_RX/counter_reg[0]
              (rising edge-triggered flip-flop clocked by UART_CLK)
  Endpoint: Domain_2_TOP_U1/ClkDiv_U2_RX/counter_reg[0]
            (rising edge-triggered flip-flop clocked by UART_CLK)
  Path Group: UART_CLK
  Path Type: max

  Point                                                   Incr       Path
  --------------------------------------------------------------------------
  clock UART_CLK (rise edge)                              0.00       0.00
  clock network delay (ideal)                             0.00       0.00
  Domain_2_TOP_U1/ClkDiv_U2_RX/counter_reg[0]/CK (DFFRQX2M)
                                                          0.00       0.00 r
  Domain_2_TOP_U1/ClkDiv_U2_RX/counter_reg[0]/Q (DFFRQX2M)
                                                          0.51       0.51 f
  Domain_2_TOP_U1/ClkDiv_U2_RX/U36/Y (AO22X1M)            0.35       0.85 f
  Domain_2_TOP_U1/ClkDiv_U2_RX/counter_reg[0]/D (DFFRQX2M)
                                                          0.00       0.85 f
  data arrival time                                                  0.85

  clock UART_CLK (rise edge)                            271.27     271.27
  clock network delay (ideal)                             0.00     271.27
  clock uncertainty                                      -0.20     271.07
  Domain_2_TOP_U1/ClkDiv_U2_RX/counter_reg[0]/CK (DFFRQX2M)
                                                          0.00     271.07 r
  library setup time                                     -0.15     270.91
  data required time                                               270.91
  --------------------------------------------------------------------------
  data required time                                               270.91
  data arrival time                                                 -0.85
  --------------------------------------------------------------------------
  slack (MET)                                                      270.06


  Startpoint: Domain_2_TOP_U1/ClkDiv_U2_RX/counter_reg[1]
              (rising edge-triggered flip-flop clocked by UART_CLK)
  Endpoint: Domain_2_TOP_U1/ClkDiv_U2_RX/counter_reg[1]
            (rising edge-triggered flip-flop clocked by UART_CLK)
  Path Group: UART_CLK
  Path Type: max

  Point                                                   Incr       Path
  --------------------------------------------------------------------------
  clock UART_CLK (rise edge)                              0.00       0.00
  clock network delay (ideal)                             0.00       0.00
  Domain_2_TOP_U1/ClkDiv_U2_RX/counter_reg[1]/CK (DFFRQX2M)
                                                          0.00       0.00 r
  Domain_2_TOP_U1/ClkDiv_U2_RX/counter_reg[1]/Q (DFFRQX2M)
                                                          0.50       0.50 f
  Domain_2_TOP_U1/ClkDiv_U2_RX/U37/Y (AO22X1M)            0.34       0.85 f
  Domain_2_TOP_U1/ClkDiv_U2_RX/counter_reg[1]/D (DFFRQX2M)
                                                          0.00       0.85 f
  data arrival time                                                  0.85

  clock UART_CLK (rise edge)                            271.27     271.27
  clock network delay (ideal)                             0.00     271.27
  clock uncertainty                                      -0.20     271.07
  Domain_2_TOP_U1/ClkDiv_U2_RX/counter_reg[1]/CK (DFFRQX2M)
                                                          0.00     271.07 r
  library setup time                                     -0.15     270.91
  data required time                                               270.91
  --------------------------------------------------------------------------
  data required time                                               270.91
  data arrival time                                                 -0.85
  --------------------------------------------------------------------------
  slack (MET)                                                      270.07


  Startpoint: Domain_2_TOP_U1/ClkDiv_U2_RX/counter_reg[2]
              (rising edge-triggered flip-flop clocked by UART_CLK)
  Endpoint: Domain_2_TOP_U1/ClkDiv_U2_RX/counter_reg[2]
            (rising edge-triggered flip-flop clocked by UART_CLK)
  Path Group: UART_CLK
  Path Type: max

  Point                                                   Incr       Path
  --------------------------------------------------------------------------
  clock UART_CLK (rise edge)                              0.00       0.00
  clock network delay (ideal)                             0.00       0.00
  Domain_2_TOP_U1/ClkDiv_U2_RX/counter_reg[2]/CK (DFFRQX2M)
                                                          0.00       0.00 r
  Domain_2_TOP_U1/ClkDiv_U2_RX/counter_reg[2]/Q (DFFRQX2M)
                                                          0.50       0.50 f
  Domain_2_TOP_U1/ClkDiv_U2_RX/U38/Y (AO22X1M)            0.34       0.85 f
  Domain_2_TOP_U1/ClkDiv_U2_RX/counter_reg[2]/D (DFFRQX2M)
                                                          0.00       0.85 f
  data arrival time                                                  0.85

  clock UART_CLK (rise edge)                            271.27     271.27
  clock network delay (ideal)                             0.00     271.27
  clock uncertainty                                      -0.20     271.07
  Domain_2_TOP_U1/ClkDiv_U2_RX/counter_reg[2]/CK (DFFRQX2M)
                                                          0.00     271.07 r
  library setup time                                     -0.15     270.91
  data required time                                               270.91
  --------------------------------------------------------------------------
  data required time                                               270.91
  data arrival time                                                 -0.85
  --------------------------------------------------------------------------
  slack (MET)                                                      270.07


  Startpoint: Domain_2_TOP_U1/ClkDiv_U2_RX/counter_reg[3]
              (rising edge-triggered flip-flop clocked by UART_CLK)
  Endpoint: Domain_2_TOP_U1/ClkDiv_U2_RX/counter_reg[3]
            (rising edge-triggered flip-flop clocked by UART_CLK)
  Path Group: UART_CLK
  Path Type: max

  Point                                                   Incr       Path
  --------------------------------------------------------------------------
  clock UART_CLK (rise edge)                              0.00       0.00
  clock network delay (ideal)                             0.00       0.00
  Domain_2_TOP_U1/ClkDiv_U2_RX/counter_reg[3]/CK (DFFRQX2M)
                                                          0.00       0.00 r
  Domain_2_TOP_U1/ClkDiv_U2_RX/counter_reg[3]/Q (DFFRQX2M)
                                                          0.50       0.50 f
  Domain_2_TOP_U1/ClkDiv_U2_RX/U39/Y (AO22X1M)            0.34       0.85 f
  Domain_2_TOP_U1/ClkDiv_U2_RX/counter_reg[3]/D (DFFRQX2M)
                                                          0.00       0.85 f
  data arrival time                                                  0.85

  clock UART_CLK (rise edge)                            271.27     271.27
  clock network delay (ideal)                             0.00     271.27
  clock uncertainty                                      -0.20     271.07
  Domain_2_TOP_U1/ClkDiv_U2_RX/counter_reg[3]/CK (DFFRQX2M)
                                                          0.00     271.07 r
  library setup time                                     -0.15     270.91
  data required time                                               270.91
  --------------------------------------------------------------------------
  data required time                                               270.91
  data arrival time                                                 -0.85
  --------------------------------------------------------------------------
  slack (MET)                                                      270.07


  Startpoint: Domain_2_TOP_U1/ClkDiv_U2_RX/counter_reg[4]
              (rising edge-triggered flip-flop clocked by UART_CLK)
  Endpoint: Domain_2_TOP_U1/ClkDiv_U2_RX/counter_reg[4]
            (rising edge-triggered flip-flop clocked by UART_CLK)
  Path Group: UART_CLK
  Path Type: max

  Point                                                   Incr       Path
  --------------------------------------------------------------------------
  clock UART_CLK (rise edge)                              0.00       0.00
  clock network delay (ideal)                             0.00       0.00
  Domain_2_TOP_U1/ClkDiv_U2_RX/counter_reg[4]/CK (DFFRQX2M)
                                                          0.00       0.00 r
  Domain_2_TOP_U1/ClkDiv_U2_RX/counter_reg[4]/Q (DFFRQX2M)
                                                          0.50       0.50 f
  Domain_2_TOP_U1/ClkDiv_U2_RX/U40/Y (AO22X1M)            0.34       0.85 f
  Domain_2_TOP_U1/ClkDiv_U2_RX/counter_reg[4]/D (DFFRQX2M)
                                                          0.00       0.85 f
  data arrival time                                                  0.85

  clock UART_CLK (rise edge)                            271.27     271.27
  clock network delay (ideal)                             0.00     271.27
  clock uncertainty                                      -0.20     271.07
  Domain_2_TOP_U1/ClkDiv_U2_RX/counter_reg[4]/CK (DFFRQX2M)
                                                          0.00     271.07 r
  library setup time                                     -0.15     270.91
  data required time                                               270.91
  --------------------------------------------------------------------------
  data required time                                               270.91
  data arrival time                                                 -0.85
  --------------------------------------------------------------------------
  slack (MET)                                                      270.07


  Startpoint: Domain_2_TOP_U1/ClkDiv_U2_RX/counter_reg[5]
              (rising edge-triggered flip-flop clocked by UART_CLK)
  Endpoint: Domain_2_TOP_U1/ClkDiv_U2_RX/counter_reg[5]
            (rising edge-triggered flip-flop clocked by UART_CLK)
  Path Group: UART_CLK
  Path Type: max

  Point                                                   Incr       Path
  --------------------------------------------------------------------------
  clock UART_CLK (rise edge)                              0.00       0.00
  clock network delay (ideal)                             0.00       0.00
  Domain_2_TOP_U1/ClkDiv_U2_RX/counter_reg[5]/CK (DFFRQX2M)
                                                          0.00       0.00 r
  Domain_2_TOP_U1/ClkDiv_U2_RX/counter_reg[5]/Q (DFFRQX2M)
                                                          0.50       0.50 f
  Domain_2_TOP_U1/ClkDiv_U2_RX/U41/Y (AO22X1M)            0.34       0.85 f
  Domain_2_TOP_U1/ClkDiv_U2_RX/counter_reg[5]/D (DFFRQX2M)
                                                          0.00       0.85 f
  data arrival time                                                  0.85

  clock UART_CLK (rise edge)                            271.27     271.27
  clock network delay (ideal)                             0.00     271.27
  clock uncertainty                                      -0.20     271.07
  Domain_2_TOP_U1/ClkDiv_U2_RX/counter_reg[5]/CK (DFFRQX2M)
                                                          0.00     271.07 r
  library setup time                                     -0.15     270.91
  data required time                                               270.91
  --------------------------------------------------------------------------
  data required time                                               270.91
  data arrival time                                                 -0.85
  --------------------------------------------------------------------------
  slack (MET)                                                      270.07


  Startpoint: Domain_2_TOP_U1/ClkDiv_U2_RX/counter_reg[6]
              (rising edge-triggered flip-flop clocked by UART_CLK)
  Endpoint: Domain_2_TOP_U1/ClkDiv_U2_RX/counter_reg[6]
            (rising edge-triggered flip-flop clocked by UART_CLK)
  Path Group: UART_CLK
  Path Type: max

  Point                                                   Incr       Path
  --------------------------------------------------------------------------
  clock UART_CLK (rise edge)                              0.00       0.00
  clock network delay (ideal)                             0.00       0.00
  Domain_2_TOP_U1/ClkDiv_U2_RX/counter_reg[6]/CK (DFFRQX2M)
                                                          0.00       0.00 r
  Domain_2_TOP_U1/ClkDiv_U2_RX/counter_reg[6]/Q (DFFRQX2M)
                                                          0.50       0.50 f
  Domain_2_TOP_U1/ClkDiv_U2_RX/U42/Y (AO22X1M)            0.34       0.85 f
  Domain_2_TOP_U1/ClkDiv_U2_RX/counter_reg[6]/D (DFFRQX2M)
                                                          0.00       0.85 f
  data arrival time                                                  0.85

  clock UART_CLK (rise edge)                            271.27     271.27
  clock network delay (ideal)                             0.00     271.27
  clock uncertainty                                      -0.20     271.07
  Domain_2_TOP_U1/ClkDiv_U2_RX/counter_reg[6]/CK (DFFRQX2M)
                                                          0.00     271.07 r
  library setup time                                     -0.15     270.91
  data required time                                               270.91
  --------------------------------------------------------------------------
  data required time                                               270.91
  data arrival time                                                 -0.85
  --------------------------------------------------------------------------
  slack (MET)                                                      270.07


  Startpoint: Domain_2_TOP_U1/ClkDiv_U2_RX/counter_reg[7]
              (rising edge-triggered flip-flop clocked by UART_CLK)
  Endpoint: Domain_2_TOP_U1/ClkDiv_U2_RX/counter_reg[7]
            (rising edge-triggered flip-flop clocked by UART_CLK)
  Path Group: UART_CLK
  Path Type: max

  Point                                                   Incr       Path
  --------------------------------------------------------------------------
  clock UART_CLK (rise edge)                              0.00       0.00
  clock network delay (ideal)                             0.00       0.00
  Domain_2_TOP_U1/ClkDiv_U2_RX/counter_reg[7]/CK (DFFRQX2M)
                                                          0.00       0.00 r
  Domain_2_TOP_U1/ClkDiv_U2_RX/counter_reg[7]/Q (DFFRQX2M)
                                                          0.38       0.38 r
  Domain_2_TOP_U1/ClkDiv_U2_RX/U65/Y (CLKINVX1M)          0.12       0.50 f
  Domain_2_TOP_U1/ClkDiv_U2_RX/U43/Y (OAI2BB2X1M)         0.15       0.65 r
  Domain_2_TOP_U1/ClkDiv_U2_RX/counter_reg[7]/D (DFFRQX2M)
                                                          0.00       0.65 r
  data arrival time                                                  0.65

  clock UART_CLK (rise edge)                            271.27     271.27
  clock network delay (ideal)                             0.00     271.27
  clock uncertainty                                      -0.20     271.07
  Domain_2_TOP_U1/ClkDiv_U2_RX/counter_reg[7]/CK (DFFRQX2M)
                                                          0.00     271.07 r
  library setup time                                     -0.31     270.76
  data required time                                               270.76
  --------------------------------------------------------------------------
  data required time                                               270.76
  data arrival time                                                 -0.65
  --------------------------------------------------------------------------
  slack (MET)                                                      270.11


  Startpoint: Domain_2_TOP_U1/ClkDiv_U2_RX/div_clk_reg
              (rising edge-triggered flip-flop clocked by UART_CLK)
  Endpoint: Domain_2_TOP_U1/ClkDiv_U2_RX/div_clk_reg
            (rising edge-triggered flip-flop clocked by UART_CLK)
  Path Group: UART_CLK
  Path Type: max

  Point                                                   Incr       Path
  --------------------------------------------------------------------------
  clock UART_CLK (rise edge)                              0.00       0.00
  clock network delay (ideal)                             0.00       0.00
  Domain_2_TOP_U1/ClkDiv_U2_RX/div_clk_reg/CK (DFFRQX2M)
                                                          0.00       0.00 r
  Domain_2_TOP_U1/ClkDiv_U2_RX/div_clk_reg/Q (DFFRQX2M)
                                                          0.39       0.39 r
  Domain_2_TOP_U1/ClkDiv_U2_RX/U45/Y (CLKXOR2X2M)         0.15       0.54 r
  Domain_2_TOP_U1/ClkDiv_U2_RX/div_clk_reg/D (DFFRQX2M)
                                                          0.00       0.54 r
  data arrival time                                                  0.54

  clock UART_CLK (rise edge)                            271.27     271.27
  clock network delay (ideal)                             0.00     271.27
  clock uncertainty                                      -0.20     271.07
  Domain_2_TOP_U1/ClkDiv_U2_RX/div_clk_reg/CK (DFFRQX2M)
                                                          0.00     271.07 r
  library setup time                                     -0.29     270.78
  data required time                                               270.78
  --------------------------------------------------------------------------
  data required time                                               270.78
  data arrival time                                                 -0.54
  --------------------------------------------------------------------------
  slack (MET)                                                      270.24


  Startpoint: Domain_2_TOP_U1/ClkDiv_U1_TX/duty_reg
              (rising edge-triggered flip-flop clocked by UART_CLK)
  Endpoint: Domain_2_TOP_U1/ClkDiv_U1_TX/duty_reg
            (rising edge-triggered flip-flop clocked by UART_CLK)
  Path Group: UART_CLK
  Path Type: max

  Point                                                   Incr       Path
  --------------------------------------------------------------------------
  clock UART_CLK (rise edge)                              0.00       0.00
  clock network delay (ideal)                             0.00       0.00
  Domain_2_TOP_U1/ClkDiv_U1_TX/duty_reg/CK (DFFRQX2M)     0.00       0.00 r
  Domain_2_TOP_U1/ClkDiv_U1_TX/duty_reg/Q (DFFRQX2M)      0.39       0.39 r
  Domain_2_TOP_U1/ClkDiv_U1_TX/U33/Y (MXI2X1M)            0.11       0.50 r
  Domain_2_TOP_U1/ClkDiv_U1_TX/duty_reg/D (DFFRQX2M)      0.00       0.50 r
  data arrival time                                                  0.50

  clock UART_CLK (rise edge)                            271.27     271.27
  clock network delay (ideal)                             0.00     271.27
  clock uncertainty                                      -0.20     271.07
  Domain_2_TOP_U1/ClkDiv_U1_TX/duty_reg/CK (DFFRQX2M)     0.00     271.07 r
  library setup time                                     -0.31     270.76
  data required time                                               270.76
  --------------------------------------------------------------------------
  data required time                                               270.76
  data arrival time                                                 -0.50
  --------------------------------------------------------------------------
  slack (MET)                                                      270.26


  Startpoint: Domain_2_TOP_U1/ClkDiv_U2_RX/duty_reg
              (rising edge-triggered flip-flop clocked by UART_CLK)
  Endpoint: Domain_2_TOP_U1/ClkDiv_U2_RX/duty_reg
            (rising edge-triggered flip-flop clocked by UART_CLK)
  Path Group: UART_CLK
  Path Type: max

  Point                                                   Incr       Path
  --------------------------------------------------------------------------
  clock UART_CLK (rise edge)                              0.00       0.00
  clock network delay (ideal)                             0.00       0.00
  Domain_2_TOP_U1/ClkDiv_U2_RX/duty_reg/CK (DFFRQX2M)     0.00       0.00 r
  Domain_2_TOP_U1/ClkDiv_U2_RX/duty_reg/Q (DFFRQX2M)      0.39       0.39 r
  Domain_2_TOP_U1/ClkDiv_U2_RX/U33/Y (MXI2X1M)            0.11       0.50 r
  Domain_2_TOP_U1/ClkDiv_U2_RX/duty_reg/D (DFFRQX2M)      0.00       0.50 r
  data arrival time                                                  0.50

  clock UART_CLK (rise edge)                            271.27     271.27
  clock network delay (ideal)                             0.00     271.27
  clock uncertainty                                      -0.20     271.07
  Domain_2_TOP_U1/ClkDiv_U2_RX/duty_reg/CK (DFFRQX2M)     0.00     271.07 r
  library setup time                                     -0.31     270.76
  data required time                                               270.76
  --------------------------------------------------------------------------
  data required time                                               270.76
  data arrival time                                                 -0.50
  --------------------------------------------------------------------------
  slack (MET)                                                      270.26


  Startpoint: RST_SYNC_U4/stage_reg[1]
              (rising edge-triggered flip-flop clocked by UART_CLK)
  Endpoint: RST_SYNC_U4/SYNC_RST_reg
            (rising edge-triggered flip-flop clocked by UART_CLK)
  Path Group: UART_CLK
  Path Type: max

  Point                                                   Incr       Path
  --------------------------------------------------------------------------
  clock UART_CLK (rise edge)                              0.00       0.00
  clock network delay (ideal)                             0.00       0.00
  RST_SYNC_U4/stage_reg[1]/CK (DFFRQX2M)                  0.00       0.00 r
  RST_SYNC_U4/stage_reg[1]/Q (DFFRQX2M)                   0.36       0.36 r
  RST_SYNC_U4/SYNC_RST_reg/D (DFFRQX2M)                   0.00       0.36 r
  data arrival time                                                  0.36

  clock UART_CLK (rise edge)                            271.27     271.27
  clock network delay (ideal)                             0.00     271.27
  clock uncertainty                                      -0.20     271.07
  RST_SYNC_U4/SYNC_RST_reg/CK (DFFRQX2M)                  0.00     271.07 r
  library setup time                                     -0.29     270.78
  data required time                                               270.78
  --------------------------------------------------------------------------
  data required time                                               270.78
  data arrival time                                                 -0.36
  --------------------------------------------------------------------------
  slack (MET)                                                      270.42


  Startpoint: RST_SYNC_U4/stage_reg[0]/CK
              (internal path startpoint clocked by UART_CLK)
  Endpoint: RST_SYNC_U4/stage_reg[1]
            (rising edge-triggered flip-flop clocked by UART_CLK)
  Path Group: UART_CLK
  Path Type: max

  Point                                                   Incr       Path
  --------------------------------------------------------------------------
  clock UART_CLK (rise edge)                              0.00       0.00
  clock network delay (ideal)                             0.00       0.00
  input external delay                                    0.00       0.00 r
  RST_SYNC_U4/stage_reg[0]/CK (DFFRQX2M)                  0.00       0.00 r
  RST_SYNC_U4/stage_reg[0]/Q (DFFRQX2M)                   0.36       0.36 r
  RST_SYNC_U4/stage_reg[1]/D (DFFRQX2M)                   0.00       0.36 r
  data arrival time                                                  0.36

  clock UART_CLK (rise edge)                            271.27     271.27
  clock network delay (ideal)                             0.00     271.27
  clock uncertainty                                      -0.20     271.07
  RST_SYNC_U4/stage_reg[1]/CK (DFFRQX2M)                  0.00     271.07 r
  library setup time                                     -0.29     270.78
  data required time                                               270.78
  --------------------------------------------------------------------------
  data required time                                               270.78
  data arrival time                                                 -0.36
  --------------------------------------------------------------------------
  slack (MET)                                                      270.42


1
