 
****************************************
Report : timing
        -path full
        -delay max
        -max_paths 100
Design : System_TOP
Version: O-2018.06-SP1
Date   : Wed Oct  7 01:12:30 2026
****************************************

Operating Conditions: scmetro_tsmc_cl013g_rvt_ss_1p08v_125c   Library: scmetro_tsmc_cl013g_rvt_ss_1p08v_125c
Wire Load Model Mode: top

  Startpoint: Domain_1_TOP_U0/RegFile_U2/regArr_reg[1][6]
              (rising edge-triggered flip-flop clocked by scan_clk)
  Endpoint: Domain_1_TOP_U0/ALU_U1/ALU_OUT_reg[0]
            (rising edge-triggered flip-flop clocked by scan_clk)
  Path Group: scan_clk
  Path Type: max

  Point                                                   Incr       Path
  --------------------------------------------------------------------------
  clock scan_clk (rise edge)                              0.00       0.00
  clock network delay (ideal)                             0.00       0.00
  Domain_1_TOP_U0/RegFile_U2/regArr_reg[1][6]/CK (SDFFRQX2M)
                                                          0.00       0.00 r
  Domain_1_TOP_U0/RegFile_U2/regArr_reg[1][6]/Q (SDFFRQX2M)
                                                          0.45       0.45 f
  Domain_1_TOP_U0/RegFile_U2/REG1[6] (RegFile_test_1)     0.00       0.45 f
  Domain_1_TOP_U0/ALU_U1/B[6] (ALU_test_1)                0.00       0.45 f
  Domain_1_TOP_U0/ALU_U1/U107/Y (BUFX2M)                  0.22       0.67 f
  Domain_1_TOP_U0/ALU_U1/div_26/b[6] (ALU_DW_div_uns_0)
                                                          0.00       0.67 f
  Domain_1_TOP_U0/ALU_U1/div_26/U70/Y (NOR2X1M)           0.16       0.82 r
  Domain_1_TOP_U0/ALU_U1/div_26/U67/Y (AND3X1M)           0.20       1.03 r
  Domain_1_TOP_U0/ALU_U1/div_26/U65/Y (AND2X1M)           0.16       1.19 r
  Domain_1_TOP_U0/ALU_U1/div_26/U62/Y (AND4X1M)           0.25       1.44 r
  Domain_1_TOP_U0/ALU_U1/div_26/U40/Y (CLKMX2X2M)         0.24       1.68 f
  Domain_1_TOP_U0/ALU_U1/div_26/u_div/u_fa_PartRem_0_6_1/CO (ADDFX2M)
                                                          0.44       2.12 f
  Domain_1_TOP_U0/ALU_U1/div_26/U63/Y (AND3X1M)           0.32       2.44 f
  Domain_1_TOP_U0/ALU_U1/div_26/U46/Y (CLKMX2X2M)         0.24       2.68 r
  Domain_1_TOP_U0/ALU_U1/div_26/u_div/u_fa_PartRem_0_5_1/CO (ADDFX2M)
                                                          0.49       3.17 r
  Domain_1_TOP_U0/ALU_U1/div_26/u_div/u_fa_PartRem_0_5_2/CO (ADDFX2M)
                                                          0.24       3.40 r
  Domain_1_TOP_U0/ALU_U1/div_26/U64/Y (AND2X1M)           0.24       3.65 r
  Domain_1_TOP_U0/ALU_U1/div_26/U51/Y (CLKMX2X2M)         0.27       3.91 f
  Domain_1_TOP_U0/ALU_U1/div_26/u_div/u_fa_PartRem_0_4_1/CO (ADDFX2M)
                                                          0.46       4.37 f
  Domain_1_TOP_U0/ALU_U1/div_26/u_div/u_fa_PartRem_0_4_2/CO (ADDFX2M)
                                                          0.33       4.70 f
  Domain_1_TOP_U0/ALU_U1/div_26/u_div/u_fa_PartRem_0_4_3/CO (ADDFX2M)
                                                          0.31       5.00 f
  Domain_1_TOP_U0/ALU_U1/div_26/U66/Y (AND2X1M)           0.28       5.28 f
  Domain_1_TOP_U0/ALU_U1/div_26/U55/Y (CLKMX2X2M)         0.24       5.52 f
  Domain_1_TOP_U0/ALU_U1/div_26/u_div/u_fa_PartRem_0_3_1/CO (ADDFX2M)
                                                          0.46       5.97 f
  Domain_1_TOP_U0/ALU_U1/div_26/u_div/u_fa_PartRem_0_3_2/CO (ADDFX2M)
                                                          0.33       6.30 f
  Domain_1_TOP_U0/ALU_U1/div_26/u_div/u_fa_PartRem_0_3_3/CO (ADDFX2M)
                                                          0.33       6.63 f
  Domain_1_TOP_U0/ALU_U1/div_26/u_div/u_fa_PartRem_0_3_4/CO (ADDFX2M)
                                                          0.31       6.94 f
  Domain_1_TOP_U0/ALU_U1/div_26/U68/Y (AND3X1M)           0.39       7.33 f
  Domain_1_TOP_U0/ALU_U1/div_26/U58/Y (CLKMX2X2M)         0.25       7.58 f
  Domain_1_TOP_U0/ALU_U1/div_26/u_div/u_fa_PartRem_0_2_1/CO (ADDFX2M)
                                                          0.46       8.03 f
  Domain_1_TOP_U0/ALU_U1/div_26/u_div/u_fa_PartRem_0_2_2/CO (ADDFX2M)
                                                          0.33       8.36 f
  Domain_1_TOP_U0/ALU_U1/div_26/u_div/u_fa_PartRem_0_2_3/CO (ADDFX2M)
                                                          0.33       8.69 f
  Domain_1_TOP_U0/ALU_U1/div_26/u_div/u_fa_PartRem_0_2_4/CO (ADDFX2M)
                                                          0.33       9.02 f
  Domain_1_TOP_U0/ALU_U1/div_26/u_div/u_fa_PartRem_0_2_5/CO (ADDFX2M)
                                                          0.31       9.32 f
  Domain_1_TOP_U0/ALU_U1/div_26/U69/Y (AND2X1M)           0.32       9.65 f
  Domain_1_TOP_U0/ALU_U1/div_26/U60/Y (CLKMX2X2M)         0.25       9.90 f
  Domain_1_TOP_U0/ALU_U1/div_26/u_div/u_fa_PartRem_0_1_1/CO (ADDFX2M)
                                                          0.46      10.35 f
  Domain_1_TOP_U0/ALU_U1/div_26/u_div/u_fa_PartRem_0_1_2/CO (ADDFX2M)
                                                          0.33      10.68 f
  Domain_1_TOP_U0/ALU_U1/div_26/u_div/u_fa_PartRem_0_1_3/CO (ADDFX2M)
                                                          0.33      11.01 f
  Domain_1_TOP_U0/ALU_U1/div_26/u_div/u_fa_PartRem_0_1_4/CO (ADDFX2M)
                                                          0.33      11.34 f
  Domain_1_TOP_U0/ALU_U1/div_26/u_div/u_fa_PartRem_0_1_5/CO (ADDFX2M)
                                                          0.33      11.67 f
  Domain_1_TOP_U0/ALU_U1/div_26/u_div/u_fa_PartRem_0_1_6/CO (ADDFX2M)
                                                          0.31      11.97 f
  Domain_1_TOP_U0/ALU_U1/div_26/U71/Y (AND2X1M)           0.34      12.32 f
  Domain_1_TOP_U0/ALU_U1/div_26/U61/Y (CLKMX2X2M)         0.24      12.56 f
  Domain_1_TOP_U0/ALU_U1/div_26/u_div/u_fa_PartRem_0_0_1/CO (ADDFX2M)
                                                          0.45      13.01 f
  Domain_1_TOP_U0/ALU_U1/div_26/u_div/u_fa_PartRem_0_0_2/CO (ADDFX2M)
                                                          0.33      13.34 f
  Domain_1_TOP_U0/ALU_U1/div_26/u_div/u_fa_PartRem_0_0_3/CO (ADDFX2M)
                                                          0.33      13.67 f
  Domain_1_TOP_U0/ALU_U1/div_26/u_div/u_fa_PartRem_0_0_4/CO (ADDFX2M)
                                                          0.33      13.99 f
  Domain_1_TOP_U0/ALU_U1/div_26/u_div/u_fa_PartRem_0_0_5/CO (ADDFX2M)
                                                          0.33      14.32 f
  Domain_1_TOP_U0/ALU_U1/div_26/u_div/u_fa_PartRem_0_0_6/CO (ADDFX2M)
                                                          0.33      14.65 f
  Domain_1_TOP_U0/ALU_U1/div_26/u_div/u_fa_PartRem_0_0_7/CO (ADDFX2M)
                                                          0.32      14.97 f
  Domain_1_TOP_U0/ALU_U1/div_26/quotient[0] (ALU_DW_div_uns_0)
                                                          0.00      14.97 f
  Domain_1_TOP_U0/ALU_U1/U48/Y (AOI222X1M)                0.41      15.38 r
  Domain_1_TOP_U0/ALU_U1/U45/Y (AOI31X2M)                 0.14      15.51 f
  Domain_1_TOP_U0/ALU_U1/ALU_OUT_reg[0]/D (SDFFRQX2M)     0.00      15.51 f
  data arrival time                                                 15.51

  clock scan_clk (rise edge)                            100.00     100.00
  clock network delay (ideal)                             0.00     100.00
  clock uncertainty                                      -0.20      99.80
  Domain_1_TOP_U0/ALU_U1/ALU_OUT_reg[0]/CK (SDFFRQX2M)
                                                          0.00      99.80 r
  library setup time                                     -0.41      99.39
  data required time                                                99.39
  --------------------------------------------------------------------------
  data required time                                                99.39
  data arrival time                                                -15.51
  --------------------------------------------------------------------------
  slack (MET)                                                       83.88


  Startpoint: Domain_1_TOP_U0/RegFile_U2/regArr_reg[1][6]
              (rising edge-triggered flip-flop clocked by scan_clk)
  Endpoint: Domain_1_TOP_U0/ALU_U1/ALU_OUT_reg[1]
            (rising edge-triggered flip-flop clocked by scan_clk)
  Path Group: scan_clk
  Path Type: max

  Point                                                   Incr       Path
  --------------------------------------------------------------------------
  clock scan_clk (rise edge)                              0.00       0.00
  clock network delay (ideal)                             0.00       0.00
  Domain_1_TOP_U0/RegFile_U2/regArr_reg[1][6]/CK (SDFFRQX2M)
                                                          0.00       0.00 r
  Domain_1_TOP_U0/RegFile_U2/regArr_reg[1][6]/Q (SDFFRQX2M)
                                                          0.45       0.45 f
  Domain_1_TOP_U0/RegFile_U2/REG1[6] (RegFile_test_1)     0.00       0.45 f
  Domain_1_TOP_U0/ALU_U1/B[6] (ALU_test_1)                0.00       0.45 f
  Domain_1_TOP_U0/ALU_U1/U107/Y (BUFX2M)                  0.22       0.67 f
  Domain_1_TOP_U0/ALU_U1/div_26/b[6] (ALU_DW_div_uns_0)
                                                          0.00       0.67 f
  Domain_1_TOP_U0/ALU_U1/div_26/U70/Y (NOR2X1M)           0.16       0.82 r
  Domain_1_TOP_U0/ALU_U1/div_26/U67/Y (AND3X1M)           0.20       1.03 r
  Domain_1_TOP_U0/ALU_U1/div_26/U65/Y (AND2X1M)           0.16       1.19 r
  Domain_1_TOP_U0/ALU_U1/div_26/U62/Y (AND4X1M)           0.25       1.44 r
  Domain_1_TOP_U0/ALU_U1/div_26/U40/Y (CLKMX2X2M)         0.24       1.68 f
  Domain_1_TOP_U0/ALU_U1/div_26/u_div/u_fa_PartRem_0_6_1/CO (ADDFX2M)
                                                          0.44       2.12 f
  Domain_1_TOP_U0/ALU_U1/div_26/U63/Y (AND3X1M)           0.32       2.44 f
  Domain_1_TOP_U0/ALU_U1/div_26/U46/Y (CLKMX2X2M)         0.24       2.68 r
  Domain_1_TOP_U0/ALU_U1/div_26/u_div/u_fa_PartRem_0_5_1/CO (ADDFX2M)
                                                          0.49       3.17 r
  Domain_1_TOP_U0/ALU_U1/div_26/u_div/u_fa_PartRem_0_5_2/CO (ADDFX2M)
                                                          0.24       3.40 r
  Domain_1_TOP_U0/ALU_U1/div_26/U64/Y (AND2X1M)           0.24       3.65 r
  Domain_1_TOP_U0/ALU_U1/div_26/U51/Y (CLKMX2X2M)         0.27       3.91 f
  Domain_1_TOP_U0/ALU_U1/div_26/u_div/u_fa_PartRem_0_4_1/CO (ADDFX2M)
                                                          0.46       4.37 f
  Domain_1_TOP_U0/ALU_U1/div_26/u_div/u_fa_PartRem_0_4_2/CO (ADDFX2M)
                                                          0.33       4.70 f
  Domain_1_TOP_U0/ALU_U1/div_26/u_div/u_fa_PartRem_0_4_3/CO (ADDFX2M)
                                                          0.31       5.00 f
  Domain_1_TOP_U0/ALU_U1/div_26/U66/Y (AND2X1M)           0.28       5.28 f
  Domain_1_TOP_U0/ALU_U1/div_26/U55/Y (CLKMX2X2M)         0.24       5.52 f
  Domain_1_TOP_U0/ALU_U1/div_26/u_div/u_fa_PartRem_0_3_1/CO (ADDFX2M)
                                                          0.46       5.97 f
  Domain_1_TOP_U0/ALU_U1/div_26/u_div/u_fa_PartRem_0_3_2/CO (ADDFX2M)
                                                          0.33       6.30 f
  Domain_1_TOP_U0/ALU_U1/div_26/u_div/u_fa_PartRem_0_3_3/CO (ADDFX2M)
                                                          0.33       6.63 f
  Domain_1_TOP_U0/ALU_U1/div_26/u_div/u_fa_PartRem_0_3_4/CO (ADDFX2M)
                                                          0.31       6.94 f
  Domain_1_TOP_U0/ALU_U1/div_26/U68/Y (AND3X1M)           0.39       7.33 f
  Domain_1_TOP_U0/ALU_U1/div_26/U58/Y (CLKMX2X2M)         0.25       7.58 f
  Domain_1_TOP_U0/ALU_U1/div_26/u_div/u_fa_PartRem_0_2_1/CO (ADDFX2M)
                                                          0.46       8.03 f
  Domain_1_TOP_U0/ALU_U1/div_26/u_div/u_fa_PartRem_0_2_2/CO (ADDFX2M)
                                                          0.33       8.36 f
  Domain_1_TOP_U0/ALU_U1/div_26/u_div/u_fa_PartRem_0_2_3/CO (ADDFX2M)
                                                          0.33       8.69 f
  Domain_1_TOP_U0/ALU_U1/div_26/u_div/u_fa_PartRem_0_2_4/CO (ADDFX2M)
                                                          0.33       9.02 f
  Domain_1_TOP_U0/ALU_U1/div_26/u_div/u_fa_PartRem_0_2_5/CO (ADDFX2M)
                                                          0.31       9.32 f
  Domain_1_TOP_U0/ALU_U1/div_26/U69/Y (AND2X1M)           0.32       9.65 f
  Domain_1_TOP_U0/ALU_U1/div_26/U60/Y (CLKMX2X2M)         0.25       9.90 f
  Domain_1_TOP_U0/ALU_U1/div_26/u_div/u_fa_PartRem_0_1_1/CO (ADDFX2M)
                                                          0.46      10.35 f
  Domain_1_TOP_U0/ALU_U1/div_26/u_div/u_fa_PartRem_0_1_2/CO (ADDFX2M)
                                                          0.33      10.68 f
  Domain_1_TOP_U0/ALU_U1/div_26/u_div/u_fa_PartRem_0_1_3/CO (ADDFX2M)
                                                          0.33      11.01 f
  Domain_1_TOP_U0/ALU_U1/div_26/u_div/u_fa_PartRem_0_1_4/CO (ADDFX2M)
                                                          0.33      11.34 f
  Domain_1_TOP_U0/ALU_U1/div_26/u_div/u_fa_PartRem_0_1_5/CO (ADDFX2M)
                                                          0.33      11.67 f
  Domain_1_TOP_U0/ALU_U1/div_26/u_div/u_fa_PartRem_0_1_6/CO (ADDFX2M)
                                                          0.31      11.97 f
  Domain_1_TOP_U0/ALU_U1/div_26/U71/Y (AND2X1M)           0.34      12.32 f
  Domain_1_TOP_U0/ALU_U1/div_26/quotient[1] (ALU_DW_div_uns_0)
                                                          0.00      12.32 f
  Domain_1_TOP_U0/ALU_U1/U52/Y (AOI222X1M)                0.31      12.62 r
  Domain_1_TOP_U0/ALU_U1/U49/Y (AOI31X2M)                 0.14      12.76 f
  Domain_1_TOP_U0/ALU_U1/ALU_OUT_reg[1]/D (SDFFRQX2M)     0.00      12.76 f
  data arrival time                                                 12.76

  clock scan_clk (rise edge)                            100.00     100.00
  clock network delay (ideal)                             0.00     100.00
  clock uncertainty                                      -0.20      99.80
  Domain_1_TOP_U0/ALU_U1/ALU_OUT_reg[1]/CK (SDFFRQX2M)
                                                          0.00      99.80 r
  library setup time                                     -0.41      99.39
  data required time                                                99.39
  --------------------------------------------------------------------------
  data required time                                                99.39
  data arrival time                                                -12.76
  --------------------------------------------------------------------------
  slack (MET)                                                       86.63


  Startpoint: Domain_1_TOP_U0/RegFile_U2/regArr_reg[1][6]
              (rising edge-triggered flip-flop clocked by scan_clk)
  Endpoint: Domain_1_TOP_U0/ALU_U1/ALU_OUT_reg[2]
            (rising edge-triggered flip-flop clocked by scan_clk)
  Path Group: scan_clk
  Path Type: max

  Point                                                   Incr       Path
  --------------------------------------------------------------------------
  clock scan_clk (rise edge)                              0.00       0.00
  clock network delay (ideal)                             0.00       0.00
  Domain_1_TOP_U0/RegFile_U2/regArr_reg[1][6]/CK (SDFFRQX2M)
                                                          0.00       0.00 r
  Domain_1_TOP_U0/RegFile_U2/regArr_reg[1][6]/Q (SDFFRQX2M)
                                                          0.45       0.45 f
  Domain_1_TOP_U0/RegFile_U2/REG1[6] (RegFile_test_1)     0.00       0.45 f
  Domain_1_TOP_U0/ALU_U1/B[6] (ALU_test_1)                0.00       0.45 f
  Domain_1_TOP_U0/ALU_U1/U107/Y (BUFX2M)                  0.22       0.67 f
  Domain_1_TOP_U0/ALU_U1/div_26/b[6] (ALU_DW_div_uns_0)
                                                          0.00       0.67 f
  Domain_1_TOP_U0/ALU_U1/div_26/U70/Y (NOR2X1M)           0.16       0.82 r
  Domain_1_TOP_U0/ALU_U1/div_26/U67/Y (AND3X1M)           0.20       1.03 r
  Domain_1_TOP_U0/ALU_U1/div_26/U65/Y (AND2X1M)           0.16       1.19 r
  Domain_1_TOP_U0/ALU_U1/div_26/U62/Y (AND4X1M)           0.25       1.44 r
  Domain_1_TOP_U0/ALU_U1/div_26/U40/Y (CLKMX2X2M)         0.24       1.68 f
  Domain_1_TOP_U0/ALU_U1/div_26/u_div/u_fa_PartRem_0_6_1/CO (ADDFX2M)
                                                          0.44       2.12 f
  Domain_1_TOP_U0/ALU_U1/div_26/U63/Y (AND3X1M)           0.32       2.44 f
  Domain_1_TOP_U0/ALU_U1/div_26/U46/Y (CLKMX2X2M)         0.24       2.68 r
  Domain_1_TOP_U0/ALU_U1/div_26/u_div/u_fa_PartRem_0_5_1/CO (ADDFX2M)
                                                          0.49       3.17 r
  Domain_1_TOP_U0/ALU_U1/div_26/u_div/u_fa_PartRem_0_5_2/CO (ADDFX2M)
                                                          0.24       3.40 r
  Domain_1_TOP_U0/ALU_U1/div_26/U64/Y (AND2X1M)           0.24       3.65 r
  Domain_1_TOP_U0/ALU_U1/div_26/U51/Y (CLKMX2X2M)         0.27       3.91 f
  Domain_1_TOP_U0/ALU_U1/div_26/u_div/u_fa_PartRem_0_4_1/CO (ADDFX2M)
                                                          0.46       4.37 f
  Domain_1_TOP_U0/ALU_U1/div_26/u_div/u_fa_PartRem_0_4_2/CO (ADDFX2M)
                                                          0.33       4.70 f
  Domain_1_TOP_U0/ALU_U1/div_26/u_div/u_fa_PartRem_0_4_3/CO (ADDFX2M)
                                                          0.31       5.00 f
  Domain_1_TOP_U0/ALU_U1/div_26/U66/Y (AND2X1M)           0.28       5.28 f
  Domain_1_TOP_U0/ALU_U1/div_26/U55/Y (CLKMX2X2M)         0.24       5.52 f
  Domain_1_TOP_U0/ALU_U1/div_26/u_div/u_fa_PartRem_0_3_1/CO (ADDFX2M)
                                                          0.46       5.97 f
  Domain_1_TOP_U0/ALU_U1/div_26/u_div/u_fa_PartRem_0_3_2/CO (ADDFX2M)
                                                          0.33       6.30 f
  Domain_1_TOP_U0/ALU_U1/div_26/u_div/u_fa_PartRem_0_3_3/CO (ADDFX2M)
                                                          0.33       6.63 f
  Domain_1_TOP_U0/ALU_U1/div_26/u_div/u_fa_PartRem_0_3_4/CO (ADDFX2M)
                                                          0.31       6.94 f
  Domain_1_TOP_U0/ALU_U1/div_26/U68/Y (AND3X1M)           0.39       7.33 f
  Domain_1_TOP_U0/ALU_U1/div_26/U58/Y (CLKMX2X2M)         0.25       7.58 f
  Domain_1_TOP_U0/ALU_U1/div_26/u_div/u_fa_PartRem_0_2_1/CO (ADDFX2M)
                                                          0.46       8.03 f
  Domain_1_TOP_U0/ALU_U1/div_26/u_div/u_fa_PartRem_0_2_2/CO (ADDFX2M)
                                                          0.33       8.36 f
  Domain_1_TOP_U0/ALU_U1/div_26/u_div/u_fa_PartRem_0_2_3/CO (ADDFX2M)
                                                          0.33       8.69 f
  Domain_1_TOP_U0/ALU_U1/div_26/u_div/u_fa_PartRem_0_2_4/CO (ADDFX2M)
                                                          0.33       9.02 f
  Domain_1_TOP_U0/ALU_U1/div_26/u_div/u_fa_PartRem_0_2_5/CO (ADDFX2M)
                                                          0.31       9.32 f
  Domain_1_TOP_U0/ALU_U1/div_26/U69/Y (AND2X1M)           0.32       9.65 f
  Domain_1_TOP_U0/ALU_U1/div_26/quotient[2] (ALU_DW_div_uns_0)
                                                          0.00       9.65 f
  Domain_1_TOP_U0/ALU_U1/U56/Y (AOI222X1M)                0.44      10.09 r
  Domain_1_TOP_U0/ALU_U1/U53/Y (AOI31X2M)                 0.14      10.23 f
  Domain_1_TOP_U0/ALU_U1/ALU_OUT_reg[2]/D (SDFFRQX2M)     0.00      10.23 f
  data arrival time                                                 10.23

  clock scan_clk (rise edge)                            100.00     100.00
  clock network delay (ideal)                             0.00     100.00
  clock uncertainty                                      -0.20      99.80
  Domain_1_TOP_U0/ALU_U1/ALU_OUT_reg[2]/CK (SDFFRQX2M)
                                                          0.00      99.80 r
  library setup time                                     -0.41      99.39
  data required time                                                99.39
  --------------------------------------------------------------------------
  data required time                                                99.39
  data arrival time                                                -10.23
  --------------------------------------------------------------------------
  slack (MET)                                                       89.16


  Startpoint: Domain_1_TOP_U0/RegFile_U2/regArr_reg[1][6]
              (rising edge-triggered flip-flop clocked by scan_clk)
  Endpoint: Domain_1_TOP_U0/ALU_U1/ALU_OUT_reg[3]
            (rising edge-triggered flip-flop clocked by scan_clk)
  Path Group: scan_clk
  Path Type: max

  Point                                                   Incr       Path
  --------------------------------------------------------------------------
  clock scan_clk (rise edge)                              0.00       0.00
  clock network delay (ideal)                             0.00       0.00
  Domain_1_TOP_U0/RegFile_U2/regArr_reg[1][6]/CK (SDFFRQX2M)
                                                          0.00       0.00 r
  Domain_1_TOP_U0/RegFile_U2/regArr_reg[1][6]/Q (SDFFRQX2M)
                                                          0.45       0.45 f
  Domain_1_TOP_U0/RegFile_U2/REG1[6] (RegFile_test_1)     0.00       0.45 f
  Domain_1_TOP_U0/ALU_U1/B[6] (ALU_test_1)                0.00       0.45 f
  Domain_1_TOP_U0/ALU_U1/U107/Y (BUFX2M)                  0.22       0.67 f
  Domain_1_TOP_U0/ALU_U1/div_26/b[6] (ALU_DW_div_uns_0)
                                                          0.00       0.67 f
  Domain_1_TOP_U0/ALU_U1/div_26/U70/Y (NOR2X1M)           0.16       0.82 r
  Domain_1_TOP_U0/ALU_U1/div_26/U67/Y (AND3X1M)           0.20       1.03 r
  Domain_1_TOP_U0/ALU_U1/div_26/U65/Y (AND2X1M)           0.16       1.19 r
  Domain_1_TOP_U0/ALU_U1/div_26/U62/Y (AND4X1M)           0.25       1.44 r
  Domain_1_TOP_U0/ALU_U1/div_26/U40/Y (CLKMX2X2M)         0.24       1.68 f
  Domain_1_TOP_U0/ALU_U1/div_26/u_div/u_fa_PartRem_0_6_1/CO (ADDFX2M)
                                                          0.44       2.12 f
  Domain_1_TOP_U0/ALU_U1/div_26/U63/Y (AND3X1M)           0.32       2.44 f
  Domain_1_TOP_U0/ALU_U1/div_26/U46/Y (CLKMX2X2M)         0.24       2.68 r
  Domain_1_TOP_U0/ALU_U1/div_26/u_div/u_fa_PartRem_0_5_1/CO (ADDFX2M)
                                                          0.49       3.17 r
  Domain_1_TOP_U0/ALU_U1/div_26/u_div/u_fa_PartRem_0_5_2/CO (ADDFX2M)
                                                          0.24       3.40 r
  Domain_1_TOP_U0/ALU_U1/div_26/U64/Y (AND2X1M)           0.24       3.65 r
  Domain_1_TOP_U0/ALU_U1/div_26/U51/Y (CLKMX2X2M)         0.27       3.91 f
  Domain_1_TOP_U0/ALU_U1/div_26/u_div/u_fa_PartRem_0_4_1/CO (ADDFX2M)
                                                          0.46       4.37 f
  Domain_1_TOP_U0/ALU_U1/div_26/u_div/u_fa_PartRem_0_4_2/CO (ADDFX2M)
                                                          0.33       4.70 f
  Domain_1_TOP_U0/ALU_U1/div_26/u_div/u_fa_PartRem_0_4_3/CO (ADDFX2M)
                                                          0.31       5.00 f
  Domain_1_TOP_U0/ALU_U1/div_26/U66/Y (AND2X1M)           0.28       5.28 f
  Domain_1_TOP_U0/ALU_U1/div_26/U55/Y (CLKMX2X2M)         0.24       5.52 f
  Domain_1_TOP_U0/ALU_U1/div_26/u_div/u_fa_PartRem_0_3_1/CO (ADDFX2M)
                                                          0.46       5.97 f
  Domain_1_TOP_U0/ALU_U1/div_26/u_div/u_fa_PartRem_0_3_2/CO (ADDFX2M)
                                                          0.33       6.30 f
  Domain_1_TOP_U0/ALU_U1/div_26/u_div/u_fa_PartRem_0_3_3/CO (ADDFX2M)
                                                          0.33       6.63 f
  Domain_1_TOP_U0/ALU_U1/div_26/u_div/u_fa_PartRem_0_3_4/CO (ADDFX2M)
                                                          0.31       6.94 f
  Domain_1_TOP_U0/ALU_U1/div_26/U68/Y (AND3X1M)           0.39       7.33 f
  Domain_1_TOP_U0/ALU_U1/div_26/quotient[3] (ALU_DW_div_uns_0)
                                                          0.00       7.33 f
  Domain_1_TOP_U0/ALU_U1/U60/Y (AOI222X1M)                0.44       7.77 r
  Domain_1_TOP_U0/ALU_U1/U57/Y (AOI31X2M)                 0.14       7.90 f
  Domain_1_TOP_U0/ALU_U1/ALU_OUT_reg[3]/D (SDFFRQX2M)     0.00       7.90 f
  data arrival time                                                  7.90

  clock scan_clk (rise edge)                            100.00     100.00
  clock network delay (ideal)                             0.00     100.00
  clock uncertainty                                      -0.20      99.80
  Domain_1_TOP_U0/ALU_U1/ALU_OUT_reg[3]/CK (SDFFRQX2M)
                                                          0.00      99.80 r
  library setup time                                     -0.41      99.39
  data required time                                                99.39
  --------------------------------------------------------------------------
  data required time                                                99.39
  data arrival time                                                 -7.90
  --------------------------------------------------------------------------
  slack (MET)                                                       91.48


  Startpoint: Domain_1_TOP_U0/RegFile_U2/regArr_reg[0][0]
              (rising edge-triggered flip-flop clocked by scan_clk)
  Endpoint: Domain_1_TOP_U0/ALU_U1/ALU_OUT_reg[15]
            (rising edge-triggered flip-flop clocked by scan_clk)
  Path Group: scan_clk
  Path Type: max

  Point                                                   Incr       Path
  --------------------------------------------------------------------------
  clock scan_clk (rise edge)                              0.00       0.00
  clock network delay (ideal)                             0.00       0.00
  Domain_1_TOP_U0/RegFile_U2/regArr_reg[0][0]/CK (SDFFRQX2M)
                                                          0.00       0.00 r
  Domain_1_TOP_U0/RegFile_U2/regArr_reg[0][0]/Q (SDFFRQX2M)
                                                          0.38       0.38 r
  Domain_1_TOP_U0/RegFile_U2/REG0[0] (RegFile_test_1)     0.00       0.38 r
  Domain_1_TOP_U0/ALU_U1/A[0] (ALU_test_1)                0.00       0.38 r
  Domain_1_TOP_U0/ALU_U1/U113/Y (BUFX2M)                  0.26       0.64 r
  Domain_1_TOP_U0/ALU_U1/mult_25/A[0] (ALU_DW02_mult_0)
                                                          0.00       0.64 r
  Domain_1_TOP_U0/ALU_U1/mult_25/U37/Y (INVX2M)           0.14       0.79 f
  Domain_1_TOP_U0/ALU_U1/mult_25/U114/Y (NOR2X1M)         0.18       0.96 r
  Domain_1_TOP_U0/ALU_U1/mult_25/U4/Y (AND2X2M)           0.16       1.12 r
  Domain_1_TOP_U0/ALU_U1/mult_25/S2_2_2/CO (ADDFX2M)      0.54       1.66 r
  Domain_1_TOP_U0/ALU_U1/mult_25/S2_3_2/CO (ADDFX2M)      0.55       2.21 r
  Domain_1_TOP_U0/ALU_U1/mult_25/S2_4_2/CO (ADDFX2M)      0.55       2.76 r
  Domain_1_TOP_U0/ALU_U1/mult_25/S2_5_2/CO (ADDFX2M)      0.55       3.32 r
  Domain_1_TOP_U0/ALU_U1/mult_25/S2_6_2/CO (ADDFX2M)      0.55       3.87 r
  Domain_1_TOP_U0/ALU_U1/mult_25/S4_2/S (ADDFX2M)         0.58       4.45 f
  Domain_1_TOP_U0/ALU_U1/mult_25/U11/Y (CLKXOR2X2M)       0.31       4.75 r
  Domain_1_TOP_U0/ALU_U1/mult_25/FS_1/A[7] (ALU_DW01_add_1)
                                                          0.00       4.75 r
  Domain_1_TOP_U0/ALU_U1/mult_25/FS_1/U3/Y (NAND2X2M)     0.07       4.82 f
  Domain_1_TOP_U0/ALU_U1/mult_25/FS_1/U31/Y (OA21X1M)     0.37       5.19 f
  Domain_1_TOP_U0/ALU_U1/mult_25/FS_1/U28/Y (AOI2BB1X1M)
                                                          0.26       5.46 f
  Domain_1_TOP_U0/ALU_U1/mult_25/FS_1/U26/Y (OA21X1M)     0.40       5.85 f
  Domain_1_TOP_U0/ALU_U1/mult_25/FS_1/U21/Y (OAI21BX1M)
                                                          0.25       6.10 r
  Domain_1_TOP_U0/ALU_U1/mult_25/FS_1/U19/Y (OAI21X1M)
                                                          0.13       6.23 f
  Domain_1_TOP_U0/ALU_U1/mult_25/FS_1/U2/Y (AOI21BX2M)
                                                          0.17       6.40 f
  Domain_1_TOP_U0/ALU_U1/mult_25/FS_1/U4/Y (XNOR2X2M)     0.15       6.56 f
  Domain_1_TOP_U0/ALU_U1/mult_25/FS_1/SUM[13] (ALU_DW01_add_1)
                                                          0.00       6.56 f
  Domain_1_TOP_U0/ALU_U1/mult_25/PRODUCT[15] (ALU_DW02_mult_0)
                                                          0.00       6.56 f
  Domain_1_TOP_U0/ALU_U1/U26/Y (OAI2BB1X2M)               0.17       6.73 f
  Domain_1_TOP_U0/ALU_U1/ALU_OUT_reg[15]/D (SDFFRQX2M)
                                                          0.00       6.73 f
  data arrival time                                                  6.73

  clock scan_clk (rise edge)                            100.00     100.00
  clock network delay (ideal)                             0.00     100.00
  clock uncertainty                                      -0.20      99.80
  Domain_1_TOP_U0/ALU_U1/ALU_OUT_reg[15]/CK (SDFFRQX2M)
                                                          0.00      99.80 r
  library setup time                                     -0.40      99.40
  data required time                                                99.40
  --------------------------------------------------------------------------
  data required time                                                99.40
  data arrival time                                                 -6.73
  --------------------------------------------------------------------------
  slack (MET)                                                       92.67


  Startpoint: Domain_1_TOP_U0/RegFile_U2/regArr_reg[0][0]
              (rising edge-triggered flip-flop clocked by scan_clk)
  Endpoint: Domain_1_TOP_U0/ALU_U1/ALU_OUT_reg[14]
            (rising edge-triggered flip-flop clocked by scan_clk)
  Path Group: scan_clk
  Path Type: max

  Point                                                   Incr       Path
  --------------------------------------------------------------------------
  clock scan_clk (rise edge)                              0.00       0.00
  clock network delay (ideal)                             0.00       0.00
  Domain_1_TOP_U0/RegFile_U2/regArr_reg[0][0]/CK (SDFFRQX2M)
                                                          0.00       0.00 r
  Domain_1_TOP_U0/RegFile_U2/regArr_reg[0][0]/Q (SDFFRQX2M)
                                                          0.38       0.38 r
  Domain_1_TOP_U0/RegFile_U2/REG0[0] (RegFile_test_1)     0.00       0.38 r
  Domain_1_TOP_U0/ALU_U1/A[0] (ALU_test_1)                0.00       0.38 r
  Domain_1_TOP_U0/ALU_U1/U113/Y (BUFX2M)                  0.26       0.64 r
  Domain_1_TOP_U0/ALU_U1/mult_25/A[0] (ALU_DW02_mult_0)
                                                          0.00       0.64 r
  Domain_1_TOP_U0/ALU_U1/mult_25/U37/Y (INVX2M)           0.14       0.79 f
  Domain_1_TOP_U0/ALU_U1/mult_25/U114/Y (NOR2X1M)         0.18       0.96 r
  Domain_1_TOP_U0/ALU_U1/mult_25/U4/Y (AND2X2M)           0.16       1.12 r
  Domain_1_TOP_U0/ALU_U1/mult_25/S2_2_2/CO (ADDFX2M)      0.54       1.66 r
  Domain_1_TOP_U0/ALU_U1/mult_25/S2_3_2/CO (ADDFX2M)      0.55       2.21 r
  Domain_1_TOP_U0/ALU_U1/mult_25/S2_4_2/CO (ADDFX2M)      0.55       2.76 r
  Domain_1_TOP_U0/ALU_U1/mult_25/S2_5_2/CO (ADDFX2M)      0.55       3.32 r
  Domain_1_TOP_U0/ALU_U1/mult_25/S2_6_2/CO (ADDFX2M)      0.55       3.87 r
  Domain_1_TOP_U0/ALU_U1/mult_25/S4_2/S (ADDFX2M)         0.58       4.45 f
  Domain_1_TOP_U0/ALU_U1/mult_25/U11/Y (CLKXOR2X2M)       0.31       4.75 r
  Domain_1_TOP_U0/ALU_U1/mult_25/FS_1/A[7] (ALU_DW01_add_1)
                                                          0.00       4.75 r
  Domain_1_TOP_U0/ALU_U1/mult_25/FS_1/U3/Y (NAND2X2M)     0.07       4.82 f
  Domain_1_TOP_U0/ALU_U1/mult_25/FS_1/U31/Y (OA21X1M)     0.37       5.19 f
  Domain_1_TOP_U0/ALU_U1/mult_25/FS_1/U28/Y (AOI2BB1X1M)
                                                          0.26       5.46 f
  Domain_1_TOP_U0/ALU_U1/mult_25/FS_1/U26/Y (OA21X1M)     0.40       5.85 f
  Domain_1_TOP_U0/ALU_U1/mult_25/FS_1/U21/Y (OAI21BX1M)
                                                          0.25       6.10 r
  Domain_1_TOP_U0/ALU_U1/mult_25/FS_1/U20/Y (XOR3XLM)     0.23       6.33 f
  Domain_1_TOP_U0/ALU_U1/mult_25/FS_1/SUM[12] (ALU_DW01_add_1)
                                                          0.00       6.33 f
  Domain_1_TOP_U0/ALU_U1/mult_25/PRODUCT[14] (ALU_DW02_mult_0)
                                                          0.00       6.33 f
  Domain_1_TOP_U0/ALU_U1/U25/Y (OAI2BB1X2M)               0.19       6.52 f
  Domain_1_TOP_U0/ALU_U1/ALU_OUT_reg[14]/D (SDFFRQX2M)
                                                          0.00       6.52 f
  data arrival time                                                  6.52

  clock scan_clk (rise edge)                            100.00     100.00
  clock network delay (ideal)                             0.00     100.00
  clock uncertainty                                      -0.20      99.80
  Domain_1_TOP_U0/ALU_U1/ALU_OUT_reg[14]/CK (SDFFRQX2M)
                                                          0.00      99.80 r
  library setup time                                     -0.40      99.40
  data required time                                                99.40
  --------------------------------------------------------------------------
  data required time                                                99.40
  data arrival time                                                 -6.52
  --------------------------------------------------------------------------
  slack (MET)                                                       92.88


  Startpoint: Domain_1_TOP_U0/RegFile_U2/regArr_reg[0][0]
              (rising edge-triggered flip-flop clocked by scan_clk)
  Endpoint: Domain_1_TOP_U0/ALU_U1/ALU_OUT_reg[13]
            (rising edge-triggered flip-flop clocked by scan_clk)
  Path Group: scan_clk
  Path Type: max

  Point                                                   Incr       Path
  --------------------------------------------------------------------------
  clock scan_clk (rise edge)                              0.00       0.00
  clock network delay (ideal)                             0.00       0.00
  Domain_1_TOP_U0/RegFile_U2/regArr_reg[0][0]/CK (SDFFRQX2M)
                                                          0.00       0.00 r
  Domain_1_TOP_U0/RegFile_U2/regArr_reg[0][0]/Q (SDFFRQX2M)
                                                          0.38       0.38 r
  Domain_1_TOP_U0/RegFile_U2/REG0[0] (RegFile_test_1)     0.00       0.38 r
  Domain_1_TOP_U0/ALU_U1/A[0] (ALU_test_1)                0.00       0.38 r
  Domain_1_TOP_U0/ALU_U1/U113/Y (BUFX2M)                  0.26       0.64 r
  Domain_1_TOP_U0/ALU_U1/mult_25/A[0] (ALU_DW02_mult_0)
                                                          0.00       0.64 r
  Domain_1_TOP_U0/ALU_U1/mult_25/U37/Y (INVX2M)           0.14       0.79 f
  Domain_1_TOP_U0/ALU_U1/mult_25/U114/Y (NOR2X1M)         0.18       0.96 r
  Domain_1_TOP_U0/ALU_U1/mult_25/U4/Y (AND2X2M)           0.16       1.12 r
  Domain_1_TOP_U0/ALU_U1/mult_25/S2_2_2/CO (ADDFX2M)      0.54       1.66 r
  Domain_1_TOP_U0/ALU_U1/mult_25/S2_3_2/CO (ADDFX2M)      0.55       2.21 r
  Domain_1_TOP_U0/ALU_U1/mult_25/S2_4_2/CO (ADDFX2M)      0.55       2.76 r
  Domain_1_TOP_U0/ALU_U1/mult_25/S2_5_2/CO (ADDFX2M)      0.55       3.32 r
  Domain_1_TOP_U0/ALU_U1/mult_25/S2_6_2/CO (ADDFX2M)      0.55       3.87 r
  Domain_1_TOP_U0/ALU_U1/mult_25/S4_2/S (ADDFX2M)         0.58       4.45 f
  Domain_1_TOP_U0/ALU_U1/mult_25/U11/Y (CLKXOR2X2M)       0.31       4.75 r
  Domain_1_TOP_U0/ALU_U1/mult_25/FS_1/A[7] (ALU_DW01_add_1)
                                                          0.00       4.75 r
  Domain_1_TOP_U0/ALU_U1/mult_25/FS_1/U3/Y (NAND2X2M)     0.07       4.82 f
  Domain_1_TOP_U0/ALU_U1/mult_25/FS_1/U31/Y (OA21X1M)     0.37       5.19 f
  Domain_1_TOP_U0/ALU_U1/mult_25/FS_1/U28/Y (AOI2BB1X1M)
                                                          0.26       5.46 f
  Domain_1_TOP_U0/ALU_U1/mult_25/FS_1/U26/Y (OA21X1M)     0.40       5.85 f
  Domain_1_TOP_U0/ALU_U1/mult_25/FS_1/U22/Y (XNOR2X1M)
                                                          0.14       6.00 f
  Domain_1_TOP_U0/ALU_U1/mult_25/FS_1/SUM[11] (ALU_DW01_add_1)
                                                          0.00       6.00 f
  Domain_1_TOP_U0/ALU_U1/mult_25/PRODUCT[13] (ALU_DW02_mult_0)
                                                          0.00       6.00 f
  Domain_1_TOP_U0/ALU_U1/U29/Y (OAI2BB1X2M)               0.17       6.17 f
  Domain_1_TOP_U0/ALU_U1/ALU_OUT_reg[13]/D (SDFFRQX2M)
                                                          0.00       6.17 f
  data arrival time                                                  6.17

  clock scan_clk (rise edge)                            100.00     100.00
  clock network delay (ideal)                             0.00     100.00
  clock uncertainty                                      -0.20      99.80
  Domain_1_TOP_U0/ALU_U1/ALU_OUT_reg[13]/CK (SDFFRQX2M)
                                                          0.00      99.80 r
  library setup time                                     -0.40      99.40
  data required time                                                99.40
  --------------------------------------------------------------------------
  data required time                                                99.40
  data arrival time                                                 -6.17
  --------------------------------------------------------------------------
  slack (MET)                                                       93.23


  Startpoint: Domain_1_TOP_U0/RegFile_U2/regArr_reg[1][6]
              (rising edge-triggered flip-flop clocked by scan_clk)
  Endpoint: Domain_1_TOP_U0/ALU_U1/ALU_OUT_reg[4]
            (rising edge-triggered flip-flop clocked by scan_clk)
  Path Group: scan_clk
  Path Type: max

  Point                                                   Incr       Path
  --------------------------------------------------------------------------
  clock scan_clk (rise edge)                              0.00       0.00
  clock network delay (ideal)                             0.00       0.00
  Domain_1_TOP_U0/RegFile_U2/regArr_reg[1][6]/CK (SDFFRQX2M)
                                                          0.00       0.00 r
  Domain_1_TOP_U0/RegFile_U2/regArr_reg[1][6]/Q (SDFFRQX2M)
                                                          0.45       0.45 f
  Domain_1_TOP_U0/RegFile_U2/REG1[6] (RegFile_test_1)     0.00       0.45 f
  Domain_1_TOP_U0/ALU_U1/B[6] (ALU_test_1)                0.00       0.45 f
  Domain_1_TOP_U0/ALU_U1/U107/Y (BUFX2M)                  0.22       0.67 f
  Domain_1_TOP_U0/ALU_U1/div_26/b[6] (ALU_DW_div_uns_0)
                                                          0.00       0.67 f
  Domain_1_TOP_U0/ALU_U1/div_26/U70/Y (NOR2X1M)           0.16       0.82 r
  Domain_1_TOP_U0/ALU_U1/div_26/U67/Y (AND3X1M)           0.20       1.03 r
  Domain_1_TOP_U0/ALU_U1/div_26/U65/Y (AND2X1M)           0.16       1.19 r
  Domain_1_TOP_U0/ALU_U1/div_26/U62/Y (AND4X1M)           0.25       1.44 r
  Domain_1_TOP_U0/ALU_U1/div_26/U40/Y (CLKMX2X2M)         0.24       1.68 f
  Domain_1_TOP_U0/ALU_U1/div_26/u_div/u_fa_PartRem_0_6_1/CO (ADDFX2M)
                                                          0.44       2.12 f
  Domain_1_TOP_U0/ALU_U1/div_26/U63/Y (AND3X1M)           0.32       2.44 f
  Domain_1_TOP_U0/ALU_U1/div_26/U46/Y (CLKMX2X2M)         0.24       2.68 r
  Domain_1_TOP_U0/ALU_U1/div_26/u_div/u_fa_PartRem_0_5_1/CO (ADDFX2M)
                                                          0.49       3.17 r
  Domain_1_TOP_U0/ALU_U1/div_26/u_div/u_fa_PartRem_0_5_2/CO (ADDFX2M)
                                                          0.24       3.40 r
  Domain_1_TOP_U0/ALU_U1/div_26/U64/Y (AND2X1M)           0.24       3.65 r
  Domain_1_TOP_U0/ALU_U1/div_26/U51/Y (CLKMX2X2M)         0.27       3.91 f
  Domain_1_TOP_U0/ALU_U1/div_26/u_div/u_fa_PartRem_0_4_1/CO (ADDFX2M)
                                                          0.46       4.37 f
  Domain_1_TOP_U0/ALU_U1/div_26/u_div/u_fa_PartRem_0_4_2/CO (ADDFX2M)
                                                          0.33       4.70 f
  Domain_1_TOP_U0/ALU_U1/div_26/u_div/u_fa_PartRem_0_4_3/CO (ADDFX2M)
                                                          0.31       5.00 f
  Domain_1_TOP_U0/ALU_U1/div_26/U66/Y (AND2X1M)           0.28       5.28 f
  Domain_1_TOP_U0/ALU_U1/div_26/quotient[4] (ALU_DW_div_uns_0)
                                                          0.00       5.28 f
  Domain_1_TOP_U0/ALU_U1/U64/Y (AOI222X1M)                0.43       5.71 r
  Domain_1_TOP_U0/ALU_U1/U61/Y (AOI31X2M)                 0.14       5.85 f
  Domain_1_TOP_U0/ALU_U1/ALU_OUT_reg[4]/D (SDFFRQX2M)     0.00       5.85 f
  data arrival time                                                  5.85

  clock scan_clk (rise edge)                            100.00     100.00
  clock network delay (ideal)                             0.00     100.00
  clock uncertainty                                      -0.20      99.80
  Domain_1_TOP_U0/ALU_U1/ALU_OUT_reg[4]/CK (SDFFRQX2M)
                                                          0.00      99.80 r
  library setup time                                     -0.41      99.39
  data required time                                                99.39
  --------------------------------------------------------------------------
  data required time                                                99.39
  data arrival time                                                 -5.85
  --------------------------------------------------------------------------
  slack (MET)                                                       93.54


  Startpoint: Domain_1_TOP_U0/RegFile_U2/regArr_reg[0][0]
              (rising edge-triggered flip-flop clocked by scan_clk)
  Endpoint: Domain_1_TOP_U0/ALU_U1/ALU_OUT_reg[12]
            (rising edge-triggered flip-flop clocked by scan_clk)
  Path Group: scan_clk
  Path Type: max

  Point                                                   Incr       Path
  --------------------------------------------------------------------------
  clock scan_clk (rise edge)                              0.00       0.00
  clock network delay (ideal)                             0.00       0.00
  Domain_1_TOP_U0/RegFile_U2/regArr_reg[0][0]/CK (SDFFRQX2M)
                                                          0.00       0.00 r
  Domain_1_TOP_U0/RegFile_U2/regArr_reg[0][0]/Q (SDFFRQX2M)
                                                          0.38       0.38 r
  Domain_1_TOP_U0/RegFile_U2/REG0[0] (RegFile_test_1)     0.00       0.38 r
  Domain_1_TOP_U0/ALU_U1/A[0] (ALU_test_1)                0.00       0.38 r
  Domain_1_TOP_U0/ALU_U1/U113/Y (BUFX2M)                  0.26       0.64 r
  Domain_1_TOP_U0/ALU_U1/mult_25/A[0] (ALU_DW02_mult_0)
                                                          0.00       0.64 r
  Domain_1_TOP_U0/ALU_U1/mult_25/U37/Y (INVX2M)           0.14       0.79 f
  Domain_1_TOP_U0/ALU_U1/mult_25/U114/Y (NOR2X1M)         0.18       0.96 r
  Domain_1_TOP_U0/ALU_U1/mult_25/U4/Y (AND2X2M)           0.16       1.12 r
  Domain_1_TOP_U0/ALU_U1/mult_25/S2_2_2/CO (ADDFX2M)      0.54       1.66 r
  Domain_1_TOP_U0/ALU_U1/mult_25/S2_3_2/CO (ADDFX2M)      0.55       2.21 r
  Domain_1_TOP_U0/ALU_U1/mult_25/S2_4_2/CO (ADDFX2M)      0.55       2.76 r
  Domain_1_TOP_U0/ALU_U1/mult_25/S2_5_2/CO (ADDFX2M)      0.55       3.32 r
  Domain_1_TOP_U0/ALU_U1/mult_25/S2_6_2/CO (ADDFX2M)      0.55       3.87 r
  Domain_1_TOP_U0/ALU_U1/mult_25/S4_2/S (ADDFX2M)         0.58       4.45 f
  Domain_1_TOP_U0/ALU_U1/mult_25/U11/Y (CLKXOR2X2M)       0.31       4.75 r
  Domain_1_TOP_U0/ALU_U1/mult_25/FS_1/A[7] (ALU_DW01_add_1)
                                                          0.00       4.75 r
  Domain_1_TOP_U0/ALU_U1/mult_25/FS_1/U3/Y (NAND2X2M)     0.07       4.82 f
  Domain_1_TOP_U0/ALU_U1/mult_25/FS_1/U31/Y (OA21X1M)     0.37       5.19 f
  Domain_1_TOP_U0/ALU_U1/mult_25/FS_1/U28/Y (AOI2BB1X1M)
                                                          0.26       5.46 f
  Domain_1_TOP_U0/ALU_U1/mult_25/FS_1/U27/Y (CLKXOR2X2M)
                                                          0.22       5.67 f
  Domain_1_TOP_U0/ALU_U1/mult_25/FS_1/SUM[10] (ALU_DW01_add_1)
                                                          0.00       5.67 f
  Domain_1_TOP_U0/ALU_U1/mult_25/PRODUCT[12] (ALU_DW02_mult_0)
                                                          0.00       5.67 f
  Domain_1_TOP_U0/ALU_U1/U27/Y (OAI2BB1X2M)               0.17       5.84 f
  Domain_1_TOP_U0/ALU_U1/ALU_OUT_reg[12]/D (SDFFRQX2M)
                                                          0.00       5.84 f
  data arrival time                                                  5.84

  clock scan_clk (rise edge)                            100.00     100.00
  clock network delay (ideal)                             0.00     100.00
  clock uncertainty                                      -0.20      99.80
  Domain_1_TOP_U0/ALU_U1/ALU_OUT_reg[12]/CK (SDFFRQX2M)
                                                          0.00      99.80 r
  library setup time                                     -0.40      99.40
  data required time                                                99.40
  --------------------------------------------------------------------------
  data required time                                                99.40
  data arrival time                                                 -5.84
  --------------------------------------------------------------------------
  slack (MET)                                                       93.56


  Startpoint: Domain_1_TOP_U0/RegFile_U2/regArr_reg[0][0]
              (rising edge-triggered flip-flop clocked by scan_clk)
  Endpoint: Domain_1_TOP_U0/ALU_U1/ALU_OUT_reg[11]
            (rising edge-triggered flip-flop clocked by scan_clk)
  Path Group: scan_clk
  Path Type: max

  Point                                                   Incr       Path
  --------------------------------------------------------------------------
  clock scan_clk (rise edge)                              0.00       0.00
  clock network delay (ideal)                             0.00       0.00
  Domain_1_TOP_U0/RegFile_U2/regArr_reg[0][0]/CK (SDFFRQX2M)
                                                          0.00       0.00 r
  Domain_1_TOP_U0/RegFile_U2/regArr_reg[0][0]/Q (SDFFRQX2M)
                                                          0.38       0.38 r
  Domain_1_TOP_U0/RegFile_U2/REG0[0] (RegFile_test_1)     0.00       0.38 r
  Domain_1_TOP_U0/ALU_U1/A[0] (ALU_test_1)                0.00       0.38 r
  Domain_1_TOP_U0/ALU_U1/U113/Y (BUFX2M)                  0.26       0.64 r
  Domain_1_TOP_U0/ALU_U1/mult_25/A[0] (ALU_DW02_mult_0)
                                                          0.00       0.64 r
  Domain_1_TOP_U0/ALU_U1/mult_25/U37/Y (INVX2M)           0.14       0.79 f
  Domain_1_TOP_U0/ALU_U1/mult_25/U114/Y (NOR2X1M)         0.18       0.96 r
  Domain_1_TOP_U0/ALU_U1/mult_25/U4/Y (AND2X2M)           0.16       1.12 r
  Domain_1_TOP_U0/ALU_U1/mult_25/S2_2_2/CO (ADDFX2M)      0.54       1.66 r
  Domain_1_TOP_U0/ALU_U1/mult_25/S2_3_2/CO (ADDFX2M)      0.55       2.21 r
  Domain_1_TOP_U0/ALU_U1/mult_25/S2_4_2/CO (ADDFX2M)      0.55       2.76 r
  Domain_1_TOP_U0/ALU_U1/mult_25/S2_5_2/CO (ADDFX2M)      0.55       3.32 r
  Domain_1_TOP_U0/ALU_U1/mult_25/S2_6_2/CO (ADDFX2M)      0.55       3.87 r
  Domain_1_TOP_U0/ALU_U1/mult_25/S4_2/S (ADDFX2M)         0.58       4.45 f
  Domain_1_TOP_U0/ALU_U1/mult_25/U11/Y (CLKXOR2X2M)       0.31       4.75 r
  Domain_1_TOP_U0/ALU_U1/mult_25/FS_1/A[7] (ALU_DW01_add_1)
                                                          0.00       4.75 r
  Domain_1_TOP_U0/ALU_U1/mult_25/FS_1/U3/Y (NAND2X2M)     0.07       4.82 f
  Domain_1_TOP_U0/ALU_U1/mult_25/FS_1/U31/Y (OA21X1M)     0.37       5.19 f
  Domain_1_TOP_U0/ALU_U1/mult_25/FS_1/U15/Y (XNOR2X1M)
                                                          0.14       5.34 f
  Domain_1_TOP_U0/ALU_U1/mult_25/FS_1/SUM[9] (ALU_DW01_add_1)
                                                          0.00       5.34 f
  Domain_1_TOP_U0/ALU_U1/mult_25/PRODUCT[11] (ALU_DW02_mult_0)
                                                          0.00       5.34 f
  Domain_1_TOP_U0/ALU_U1/U28/Y (OAI2BB1X2M)               0.17       5.51 f
  Domain_1_TOP_U0/ALU_U1/ALU_OUT_reg[11]/D (SDFFRQX2M)
                                                          0.00       5.51 f
  data arrival time                                                  5.51

  clock scan_clk (rise edge)                            100.00     100.00
  clock network delay (ideal)                             0.00     100.00
  clock uncertainty                                      -0.20      99.80
  Domain_1_TOP_U0/ALU_U1/ALU_OUT_reg[11]/CK (SDFFRQX2M)
                                                          0.00      99.80 r
  library setup time                                     -0.40      99.40
  data required time                                                99.40
  --------------------------------------------------------------------------
  data required time                                                99.40
  data arrival time                                                 -5.51
  --------------------------------------------------------------------------
  slack (MET)                                                       93.89


  Startpoint: Domain_1_TOP_U0/RegFile_U2/regArr_reg[0][0]
              (rising edge-triggered flip-flop clocked by scan_clk)
  Endpoint: Domain_1_TOP_U0/ALU_U1/ALU_OUT_reg[10]
            (rising edge-triggered flip-flop clocked by scan_clk)
  Path Group: scan_clk
  Path Type: max

  Point                                                   Incr       Path
  --------------------------------------------------------------------------
  clock scan_clk (rise edge)                              0.00       0.00
  clock network delay (ideal)                             0.00       0.00
  Domain_1_TOP_U0/RegFile_U2/regArr_reg[0][0]/CK (SDFFRQX2M)
                                                          0.00       0.00 r
  Domain_1_TOP_U0/RegFile_U2/regArr_reg[0][0]/Q (SDFFRQX2M)
                                                          0.38       0.38 r
  Domain_1_TOP_U0/RegFile_U2/REG0[0] (RegFile_test_1)     0.00       0.38 r
  Domain_1_TOP_U0/ALU_U1/A[0] (ALU_test_1)                0.00       0.38 r
  Domain_1_TOP_U0/ALU_U1/U113/Y (BUFX2M)                  0.26       0.64 r
  Domain_1_TOP_U0/ALU_U1/mult_25/A[0] (ALU_DW02_mult_0)
                                                          0.00       0.64 r
  Domain_1_TOP_U0/ALU_U1/mult_25/U37/Y (INVX2M)           0.14       0.79 f
  Domain_1_TOP_U0/ALU_U1/mult_25/U113/Y (NOR2X1M)         0.18       0.96 r
  Domain_1_TOP_U0/ALU_U1/mult_25/U3/Y (AND2X2M)           0.16       1.12 r
  Domain_1_TOP_U0/ALU_U1/mult_25/S2_2_3/CO (ADDFX2M)      0.54       1.66 r
  Domain_1_TOP_U0/ALU_U1/mult_25/S2_3_3/CO (ADDFX2M)      0.55       2.21 r
  Domain_1_TOP_U0/ALU_U1/mult_25/S2_4_3/CO (ADDFX2M)      0.55       2.76 r
  Domain_1_TOP_U0/ALU_U1/mult_25/S2_5_3/CO (ADDFX2M)      0.55       3.32 r
  Domain_1_TOP_U0/ALU_U1/mult_25/S2_6_3/CO (ADDFX2M)      0.55       3.87 r
  Domain_1_TOP_U0/ALU_U1/mult_25/S4_3/S (ADDFX2M)         0.58       4.45 f
  Domain_1_TOP_U0/ALU_U1/mult_25/U12/Y (CLKXOR2X2M)       0.26       4.71 f
  Domain_1_TOP_U0/ALU_U1/mult_25/FS_1/A[8] (ALU_DW01_add_1)
                                                          0.00       4.71 f
  Domain_1_TOP_U0/ALU_U1/mult_25/FS_1/U33/Y (NOR2X1M)     0.13       4.84 r
  Domain_1_TOP_U0/ALU_U1/mult_25/FS_1/U18/Y (NAND2BX1M)
                                                          0.15       4.99 r
  Domain_1_TOP_U0/ALU_U1/mult_25/FS_1/U17/Y (CLKXOR2X2M)
                                                          0.20       5.19 f
  Domain_1_TOP_U0/ALU_U1/mult_25/FS_1/SUM[8] (ALU_DW01_add_1)
                                                          0.00       5.19 f
  Domain_1_TOP_U0/ALU_U1/mult_25/PRODUCT[10] (ALU_DW02_mult_0)
                                                          0.00       5.19 f
  Domain_1_TOP_U0/ALU_U1/U31/Y (OAI2BB1X2M)               0.17       5.35 f
  Domain_1_TOP_U0/ALU_U1/ALU_OUT_reg[10]/D (SDFFRQX2M)
                                                          0.00       5.35 f
  data arrival time                                                  5.35

  clock scan_clk (rise edge)                            100.00     100.00
  clock network delay (ideal)                             0.00     100.00
  clock uncertainty                                      -0.20      99.80
  Domain_1_TOP_U0/ALU_U1/ALU_OUT_reg[10]/CK (SDFFRQX2M)
                                                          0.00      99.80 r
  library setup time                                     -0.40      99.40
  data required time                                                99.40
  --------------------------------------------------------------------------
  data required time                                                99.40
  data arrival time                                                 -5.35
  --------------------------------------------------------------------------
  slack (MET)                                                       94.05


  Startpoint: Domain_1_TOP_U0/RegFile_U2/regArr_reg[0][0]
              (rising edge-triggered flip-flop clocked by scan_clk)
  Endpoint: Domain_1_TOP_U0/ALU_U1/ALU_OUT_reg[9]
            (rising edge-triggered flip-flop clocked by scan_clk)
  Path Group: scan_clk
  Path Type: max

  Point                                                   Incr       Path
  --------------------------------------------------------------------------
  clock scan_clk (rise edge)                              0.00       0.00
  clock network delay (ideal)                             0.00       0.00
  Domain_1_TOP_U0/RegFile_U2/regArr_reg[0][0]/CK (SDFFRQX2M)
                                                          0.00       0.00 r
  Domain_1_TOP_U0/RegFile_U2/regArr_reg[0][0]/Q (SDFFRQX2M)
                                                          0.38       0.38 r
  Domain_1_TOP_U0/RegFile_U2/REG0[0] (RegFile_test_1)     0.00       0.38 r
  Domain_1_TOP_U0/ALU_U1/A[0] (ALU_test_1)                0.00       0.38 r
  Domain_1_TOP_U0/ALU_U1/U113/Y (BUFX2M)                  0.26       0.64 r
  Domain_1_TOP_U0/ALU_U1/mult_25/A[0] (ALU_DW02_mult_0)
                                                          0.00       0.64 r
  Domain_1_TOP_U0/ALU_U1/mult_25/U37/Y (INVX2M)           0.14       0.79 f
  Domain_1_TOP_U0/ALU_U1/mult_25/U114/Y (NOR2X1M)         0.18       0.96 r
  Domain_1_TOP_U0/ALU_U1/mult_25/U4/Y (AND2X2M)           0.16       1.12 r
  Domain_1_TOP_U0/ALU_U1/mult_25/S2_2_2/CO (ADDFX2M)      0.54       1.66 r
  Domain_1_TOP_U0/ALU_U1/mult_25/S2_3_2/CO (ADDFX2M)      0.55       2.21 r
  Domain_1_TOP_U0/ALU_U1/mult_25/S2_4_2/CO (ADDFX2M)      0.55       2.76 r
  Domain_1_TOP_U0/ALU_U1/mult_25/S2_5_2/CO (ADDFX2M)      0.55       3.32 r
  Domain_1_TOP_U0/ALU_U1/mult_25/S2_6_2/CO (ADDFX2M)      0.55       3.87 r
  Domain_1_TOP_U0/ALU_U1/mult_25/S4_2/S (ADDFX2M)         0.58       4.45 f
  Domain_1_TOP_U0/ALU_U1/mult_25/U11/Y (CLKXOR2X2M)       0.27       4.72 f
  Domain_1_TOP_U0/ALU_U1/mult_25/FS_1/A[7] (ALU_DW01_add_1)
                                                          0.00       4.72 f
  Domain_1_TOP_U0/ALU_U1/mult_25/FS_1/U5/Y (XNOR2X2M)     0.13       4.85 f
  Domain_1_TOP_U0/ALU_U1/mult_25/FS_1/SUM[7] (ALU_DW01_add_1)
                                                          0.00       4.85 f
  Domain_1_TOP_U0/ALU_U1/mult_25/PRODUCT[9] (ALU_DW02_mult_0)
                                                          0.00       4.85 f
  Domain_1_TOP_U0/ALU_U1/U30/Y (OAI2BB1X2M)               0.17       5.02 f
  Domain_1_TOP_U0/ALU_U1/ALU_OUT_reg[9]/D (SDFFRQX2M)     0.00       5.02 f
  data arrival time                                                  5.02

  clock scan_clk (rise edge)                            100.00     100.00
  clock network delay (ideal)                             0.00     100.00
  clock uncertainty                                      -0.20      99.80
  Domain_1_TOP_U0/ALU_U1/ALU_OUT_reg[9]/CK (SDFFRQX2M)
                                                          0.00      99.80 r
  library setup time                                     -0.40      99.40
  data required time                                                99.40
  --------------------------------------------------------------------------
  data required time                                                99.40
  data arrival time                                                 -5.02
  --------------------------------------------------------------------------
  slack (MET)                                                       94.38


  Startpoint: Domain_1_TOP_U0/RegFile_U2/regArr_reg[0][0]
              (rising edge-triggered flip-flop clocked by scan_clk)
  Endpoint: Domain_1_TOP_U0/ALU_U1/ALU_OUT_reg[8]
            (rising edge-triggered flip-flop clocked by scan_clk)
  Path Group: scan_clk
  Path Type: max

  Point                                                   Incr       Path
  --------------------------------------------------------------------------
  clock scan_clk (rise edge)                              0.00       0.00
  clock network delay (ideal)                             0.00       0.00
  Domain_1_TOP_U0/RegFile_U2/regArr_reg[0][0]/CK (SDFFRQX2M)
                                                          0.00       0.00 r
  Domain_1_TOP_U0/RegFile_U2/regArr_reg[0][0]/Q (SDFFRQX2M)
                                                          0.38       0.38 r
  Domain_1_TOP_U0/RegFile_U2/REG0[0] (RegFile_test_1)     0.00       0.38 r
  Domain_1_TOP_U0/ALU_U1/A[0] (ALU_test_1)                0.00       0.38 r
  Domain_1_TOP_U0/ALU_U1/U113/Y (BUFX2M)                  0.26       0.64 r
  Domain_1_TOP_U0/ALU_U1/mult_25/A[0] (ALU_DW02_mult_0)
                                                          0.00       0.64 r
  Domain_1_TOP_U0/ALU_U1/mult_25/U37/Y (INVX2M)           0.14       0.79 f
  Domain_1_TOP_U0/ALU_U1/mult_25/U115/Y (NOR2X1M)         0.18       0.96 r
  Domain_1_TOP_U0/ALU_U1/mult_25/U5/Y (AND2X2M)           0.16       1.12 r
  Domain_1_TOP_U0/ALU_U1/mult_25/S2_2_1/CO (ADDFX2M)      0.54       1.66 r
  Domain_1_TOP_U0/ALU_U1/mult_25/S2_3_1/CO (ADDFX2M)      0.55       2.21 r
  Domain_1_TOP_U0/ALU_U1/mult_25/S2_4_1/CO (ADDFX2M)      0.55       2.76 r
  Domain_1_TOP_U0/ALU_U1/mult_25/S2_5_1/CO (ADDFX2M)      0.55       3.32 r
  Domain_1_TOP_U0/ALU_U1/mult_25/S2_6_1/CO (ADDFX2M)      0.55       3.87 r
  Domain_1_TOP_U0/ALU_U1/mult_25/S4_1/S (ADDFX2M)         0.59       4.45 f
  Domain_1_TOP_U0/ALU_U1/mult_25/U28/Y (INVX2M)           0.08       4.53 r
  Domain_1_TOP_U0/ALU_U1/mult_25/U27/Y (XNOR2X2M)         0.09       4.63 f
  Domain_1_TOP_U0/ALU_U1/mult_25/FS_1/A[6] (ALU_DW01_add_1)
                                                          0.00       4.63 f
  Domain_1_TOP_U0/ALU_U1/mult_25/FS_1/U7/Y (INVX2M)       0.07       4.69 r
  Domain_1_TOP_U0/ALU_U1/mult_25/FS_1/U8/Y (INVX2M)       0.03       4.73 f
  Domain_1_TOP_U0/ALU_U1/mult_25/FS_1/SUM[6] (ALU_DW01_add_1)
                                                          0.00       4.73 f
  Domain_1_TOP_U0/ALU_U1/mult_25/PRODUCT[8] (ALU_DW02_mult_0)
                                                          0.00       4.73 f
  Domain_1_TOP_U0/ALU_U1/U79/Y (AOI2BB2XLM)               0.19       4.91 r
  Domain_1_TOP_U0/ALU_U1/U77/Y (AOI21X2M)                 0.09       5.00 f
  Domain_1_TOP_U0/ALU_U1/ALU_OUT_reg[8]/D (SDFFRQX2M)     0.00       5.00 f
  data arrival time                                                  5.00

  clock scan_clk (rise edge)                            100.00     100.00
  clock network delay (ideal)                             0.00     100.00
  clock uncertainty                                      -0.20      99.80
  Domain_1_TOP_U0/ALU_U1/ALU_OUT_reg[8]/CK (SDFFRQX2M)
                                                          0.00      99.80 r
  library setup time                                     -0.40      99.40
  data required time                                                99.40
  --------------------------------------------------------------------------
  data required time                                                99.40
  data arrival time                                                 -5.00
  --------------------------------------------------------------------------
  slack (MET)                                                       94.39


  Startpoint: Domain_1_TOP_U0/RegFile_U2/regArr_reg[0][1]
              (rising edge-triggered flip-flop clocked by scan_clk)
  Endpoint: Domain_1_TOP_U0/ALU_U1/ALU_OUT_reg[7]
            (rising edge-triggered flip-flop clocked by scan_clk)
  Path Group: scan_clk
  Path Type: max

  Point                                                   Incr       Path
  --------------------------------------------------------------------------
  clock scan_clk (rise edge)                              0.00       0.00
  clock network delay (ideal)                             0.00       0.00
  Domain_1_TOP_U0/RegFile_U2/regArr_reg[0][1]/CK (SDFFRQX2M)
                                                          0.00       0.00 r
  Domain_1_TOP_U0/RegFile_U2/regArr_reg[0][1]/Q (SDFFRQX2M)
                                                          0.38       0.38 r
  Domain_1_TOP_U0/RegFile_U2/REG0[1] (RegFile_test_1)     0.00       0.38 r
  Domain_1_TOP_U0/ALU_U1/A[1] (ALU_test_1)                0.00       0.38 r
  Domain_1_TOP_U0/ALU_U1/U112/Y (BUFX2M)                  0.26       0.64 r
  Domain_1_TOP_U0/ALU_U1/mult_25/A[1] (ALU_DW02_mult_0)
                                                          0.00       0.64 r
  Domain_1_TOP_U0/ALU_U1/mult_25/U36/Y (INVX2M)           0.14       0.78 f
  Domain_1_TOP_U0/ALU_U1/mult_25/U109/Y (NOR2X1M)         0.19       0.97 r
  Domain_1_TOP_U0/ALU_U1/mult_25/U6/Y (AND2X2M)           0.16       1.13 r
  Domain_1_TOP_U0/ALU_U1/mult_25/S1_2_0/CO (ADDFX2M)      0.54       1.67 r
  Domain_1_TOP_U0/ALU_U1/mult_25/S1_3_0/CO (ADDFX2M)      0.55       2.22 r
  Domain_1_TOP_U0/ALU_U1/mult_25/S1_4_0/CO (ADDFX2M)      0.55       2.77 r
  Domain_1_TOP_U0/ALU_U1/mult_25/S1_5_0/CO (ADDFX2M)      0.55       3.32 r
  Domain_1_TOP_U0/ALU_U1/mult_25/S1_6_0/CO (ADDFX2M)      0.55       3.88 r
  Domain_1_TOP_U0/ALU_U1/mult_25/S4_0/S (ADDFX2M)         0.56       4.43 f
  Domain_1_TOP_U0/ALU_U1/mult_25/FS_1/A[5] (ALU_DW01_add_1)
                                                          0.00       4.43 f
  Domain_1_TOP_U0/ALU_U1/mult_25/FS_1/U14/Y (BUFX2M)      0.15       4.58 f
  Domain_1_TOP_U0/ALU_U1/mult_25/FS_1/SUM[5] (ALU_DW01_add_1)
                                                          0.00       4.58 f
  Domain_1_TOP_U0/ALU_U1/mult_25/PRODUCT[7] (ALU_DW02_mult_0)
                                                          0.00       4.58 f
  Domain_1_TOP_U0/ALU_U1/U76/Y (AOI22X1M)                 0.19       4.77 r
  Domain_1_TOP_U0/ALU_U1/U73/Y (AOI31X2M)                 0.11       4.88 f
  Domain_1_TOP_U0/ALU_U1/ALU_OUT_reg[7]/D (SDFFRQX2M)     0.00       4.88 f
  data arrival time                                                  4.88

  clock scan_clk (rise edge)                            100.00     100.00
  clock network delay (ideal)                             0.00     100.00
  clock uncertainty                                      -0.20      99.80
  Domain_1_TOP_U0/ALU_U1/ALU_OUT_reg[7]/CK (SDFFRQX2M)
                                                          0.00      99.80 r
  library setup time                                     -0.41      99.39
  data required time                                                99.39
  --------------------------------------------------------------------------
  data required time                                                99.39
  data arrival time                                                 -4.88
  --------------------------------------------------------------------------
  slack (MET)                                                       94.51


  Startpoint: Domain_1_TOP_U0/RegFile_U2/regArr_reg[0][1]
              (rising edge-triggered flip-flop clocked by scan_clk)
  Endpoint: Domain_1_TOP_U0/ALU_U1/ALU_OUT_reg[6]
            (rising edge-triggered flip-flop clocked by scan_clk)
  Path Group: scan_clk
  Path Type: max

  Point                                                   Incr       Path
  --------------------------------------------------------------------------
  clock scan_clk (rise edge)                              0.00       0.00
  clock network delay (ideal)                             0.00       0.00
  Domain_1_TOP_U0/RegFile_U2/regArr_reg[0][1]/CK (SDFFRQX2M)
                                                          0.00       0.00 r
  Domain_1_TOP_U0/RegFile_U2/regArr_reg[0][1]/Q (SDFFRQX2M)
                                                          0.38       0.38 r
  Domain_1_TOP_U0/RegFile_U2/REG0[1] (RegFile_test_1)     0.00       0.38 r
  Domain_1_TOP_U0/ALU_U1/A[1] (ALU_test_1)                0.00       0.38 r
  Domain_1_TOP_U0/ALU_U1/U112/Y (BUFX2M)                  0.26       0.64 r
  Domain_1_TOP_U0/ALU_U1/mult_25/A[1] (ALU_DW02_mult_0)
                                                          0.00       0.64 r
  Domain_1_TOP_U0/ALU_U1/mult_25/U36/Y (INVX2M)           0.14       0.78 f
  Domain_1_TOP_U0/ALU_U1/mult_25/U109/Y (NOR2X1M)         0.19       0.97 r
  Domain_1_TOP_U0/ALU_U1/mult_25/U6/Y (AND2X2M)           0.16       1.13 r
  Domain_1_TOP_U0/ALU_U1/mult_25/S1_2_0/CO (ADDFX2M)      0.54       1.67 r
  Domain_1_TOP_U0/ALU_U1/mult_25/S1_3_0/CO (ADDFX2M)      0.55       2.22 r
  Domain_1_TOP_U0/ALU_U1/mult_25/S1_4_0/CO (ADDFX2M)      0.55       2.77 r
  Domain_1_TOP_U0/ALU_U1/mult_25/S1_5_0/CO (ADDFX2M)      0.55       3.32 r
  Domain_1_TOP_U0/ALU_U1/mult_25/S1_6_0/S (ADDFX2M)       0.56       3.88 f
  Domain_1_TOP_U0/ALU_U1/mult_25/FS_1/A[4] (ALU_DW01_add_1)
                                                          0.00       3.88 f
  Domain_1_TOP_U0/ALU_U1/mult_25/FS_1/U13/Y (BUFX2M)      0.15       4.03 f
  Domain_1_TOP_U0/ALU_U1/mult_25/FS_1/SUM[4] (ALU_DW01_add_1)
                                                          0.00       4.03 f
  Domain_1_TOP_U0/ALU_U1/mult_25/PRODUCT[6] (ALU_DW02_mult_0)
                                                          0.00       4.03 f
  Domain_1_TOP_U0/ALU_U1/U72/Y (AOI222X1M)                0.25       4.28 r
  Domain_1_TOP_U0/ALU_U1/U69/Y (AOI31X2M)                 0.14       4.41 f
  Domain_1_TOP_U0/ALU_U1/ALU_OUT_reg[6]/D (SDFFRQX2M)     0.00       4.41 f
  data arrival time                                                  4.41

  clock scan_clk (rise edge)                            100.00     100.00
  clock network delay (ideal)                             0.00     100.00
  clock uncertainty                                      -0.20      99.80
  Domain_1_TOP_U0/ALU_U1/ALU_OUT_reg[6]/CK (SDFFRQX2M)
                                                          0.00      99.80 r
  library setup time                                     -0.41      99.39
  data required time                                                99.39
  --------------------------------------------------------------------------
  data required time                                                99.39
  data arrival time                                                 -4.41
  --------------------------------------------------------------------------
  slack (MET)                                                       94.98


  Startpoint: Domain_1_TOP_U0/RegFile_U2/regArr_reg[1][6]
              (rising edge-triggered flip-flop clocked by scan_clk)
  Endpoint: Domain_1_TOP_U0/ALU_U1/ALU_OUT_reg[5]
            (rising edge-triggered flip-flop clocked by scan_clk)
  Path Group: scan_clk
  Path Type: max

  Point                                                   Incr       Path
  --------------------------------------------------------------------------
  clock scan_clk (rise edge)                              0.00       0.00
  clock network delay (ideal)                             0.00       0.00
  Domain_1_TOP_U0/RegFile_U2/regArr_reg[1][6]/CK (SDFFRQX2M)
                                                          0.00       0.00 r
  Domain_1_TOP_U0/RegFile_U2/regArr_reg[1][6]/Q (SDFFRQX2M)
                                                          0.45       0.45 f
  Domain_1_TOP_U0/RegFile_U2/REG1[6] (RegFile_test_1)     0.00       0.45 f
  Domain_1_TOP_U0/ALU_U1/B[6] (ALU_test_1)                0.00       0.45 f
  Domain_1_TOP_U0/ALU_U1/U107/Y (BUFX2M)                  0.22       0.67 f
  Domain_1_TOP_U0/ALU_U1/div_26/b[6] (ALU_DW_div_uns_0)
                                                          0.00       0.67 f
  Domain_1_TOP_U0/ALU_U1/div_26/U70/Y (NOR2X1M)           0.16       0.82 r
  Domain_1_TOP_U0/ALU_U1/div_26/U67/Y (AND3X1M)           0.20       1.03 r
  Domain_1_TOP_U0/ALU_U1/div_26/U65/Y (AND2X1M)           0.16       1.19 r
  Domain_1_TOP_U0/ALU_U1/div_26/U62/Y (AND4X1M)           0.25       1.44 r
  Domain_1_TOP_U0/ALU_U1/div_26/U40/Y (CLKMX2X2M)         0.24       1.68 f
  Domain_1_TOP_U0/ALU_U1/div_26/u_div/u_fa_PartRem_0_6_1/CO (ADDFX2M)
                                                          0.44       2.12 f
  Domain_1_TOP_U0/ALU_U1/div_26/U63/Y (AND3X1M)           0.32       2.44 f
  Domain_1_TOP_U0/ALU_U1/div_26/U46/Y (CLKMX2X2M)         0.22       2.66 f
  Domain_1_TOP_U0/ALU_U1/div_26/u_div/u_fa_PartRem_0_5_1/CO (ADDFX2M)
                                                          0.46       3.12 f
  Domain_1_TOP_U0/ALU_U1/div_26/u_div/u_fa_PartRem_0_5_2/CO (ADDFX2M)
                                                          0.31       3.43 f
  Domain_1_TOP_U0/ALU_U1/div_26/U64/Y (AND2X1M)           0.26       3.68 f
  Domain_1_TOP_U0/ALU_U1/div_26/quotient[5] (ALU_DW_div_uns_0)
                                                          0.00       3.68 f
  Domain_1_TOP_U0/ALU_U1/U68/Y (AOI222X1M)                0.42       4.10 r
  Domain_1_TOP_U0/ALU_U1/U65/Y (AOI31X2M)                 0.14       4.24 f
  Domain_1_TOP_U0/ALU_U1/ALU_OUT_reg[5]/D (SDFFRQX2M)     0.00       4.24 f
  data arrival time                                                  4.24

  clock scan_clk (rise edge)                            100.00     100.00
  clock network delay (ideal)                             0.00     100.00
  clock uncertainty                                      -0.20      99.80
  Domain_1_TOP_U0/ALU_U1/ALU_OUT_reg[5]/CK (SDFFRQX2M)
                                                          0.00      99.80 r
  library setup time                                     -0.41      99.39
  data required time                                                99.39
  --------------------------------------------------------------------------
  data required time                                                99.39
  data arrival time                                                 -4.24
  --------------------------------------------------------------------------
  slack (MET)                                                       95.15


  Startpoint: Domain_1_TOP_U0/SYS_CTRL_U3/cur_state_reg[1]
              (rising edge-triggered flip-flop clocked by scan_clk)
  Endpoint: Domain_1_TOP_U0/RegFile_U2/RdData_reg[6]
            (rising edge-triggered flip-flop clocked by scan_clk)
  Path Group: scan_clk
  Path Type: max

  Point                                                   Incr       Path
  --------------------------------------------------------------------------
  clock scan_clk (rise edge)                              0.00       0.00
  clock network delay (ideal)                             0.00       0.00
  Domain_1_TOP_U0/SYS_CTRL_U3/cur_state_reg[1]/CK (SDFFRQX2M)
                                                          0.00       0.00 r
  Domain_1_TOP_U0/SYS_CTRL_U3/cur_state_reg[1]/Q (SDFFRQX2M)
                                                          0.43       0.43 r
  Domain_1_TOP_U0/SYS_CTRL_U3/U105/Y (INVX2M)             0.07       0.51 f
  Domain_1_TOP_U0/SYS_CTRL_U3/U41/Y (NOR3X2M)             0.36       0.86 r
  Domain_1_TOP_U0/SYS_CTRL_U3/U67/Y (NAND2X2M)            0.24       1.10 f
  Domain_1_TOP_U0/SYS_CTRL_U3/U46/Y (AND3X2M)             0.26       1.36 f
  Domain_1_TOP_U0/SYS_CTRL_U3/U94/Y (NOR2X2M)             0.22       1.58 r
  Domain_1_TOP_U0/SYS_CTRL_U3/Address[1] (SYS_CTRL_test_1)
                                                          0.00       1.58 r
  Domain_1_TOP_U0/RegFile_U2/Address[1] (RegFile_test_1)
                                                          0.00       1.58 r
  Domain_1_TOP_U0/RegFile_U2/U187/Y (OR2X2M)              0.17       1.75 r
  Domain_1_TOP_U0/RegFile_U2/U158/Y (BUFX2M)              0.10       1.85 r
  Domain_1_TOP_U0/RegFile_U2/U143/Y (INVX2M)              0.21       2.06 f
  Domain_1_TOP_U0/RegFile_U2/U435/Y (AOI22X1M)            0.25       2.31 r
  Domain_1_TOP_U0/RegFile_U2/U436/Y (AOI21X1M)            0.11       2.42 f
  Domain_1_TOP_U0/RegFile_U2/U437/Y (OR4X1M)              0.46       2.88 f
  Domain_1_TOP_U0/RegFile_U2/U204/Y (AO22X1M)             0.32       3.20 f
  Domain_1_TOP_U0/RegFile_U2/RdData_reg[6]/D (SDFFRQX2M)
                                                          0.00       3.20 f
  data arrival time                                                  3.20

  clock scan_clk (rise edge)                            100.00     100.00
  clock network delay (ideal)                             0.00     100.00
  clock uncertainty                                      -0.20      99.80
  Domain_1_TOP_U0/RegFile_U2/RdData_reg[6]/CK (SDFFRQX2M)
                                                          0.00      99.80 r
  library setup time                                     -0.41      99.39
  data required time                                                99.39
  --------------------------------------------------------------------------
  data required time                                                99.39
  data arrival time                                                 -3.20
  --------------------------------------------------------------------------
  slack (MET)                                                       96.20


  Startpoint: Domain_1_TOP_U0/SYS_CTRL_U3/cur_state_reg[1]
              (rising edge-triggered flip-flop clocked by scan_clk)
  Endpoint: Domain_1_TOP_U0/RegFile_U2/RdData_reg[7]
            (rising edge-triggered flip-flop clocked by scan_clk)
  Path Group: scan_clk
  Path Type: max

  Point                                                   Incr       Path
  --------------------------------------------------------------------------
  clock scan_clk (rise edge)                              0.00       0.00
  clock network delay (ideal)                             0.00       0.00
  Domain_1_TOP_U0/SYS_CTRL_U3/cur_state_reg[1]/CK (SDFFRQX2M)
                                                          0.00       0.00 r
  Domain_1_TOP_U0/SYS_CTRL_U3/cur_state_reg[1]/Q (SDFFRQX2M)
                                                          0.43       0.43 r
  Domain_1_TOP_U0/SYS_CTRL_U3/U105/Y (INVX2M)             0.07       0.51 f
  Domain_1_TOP_U0/SYS_CTRL_U3/U41/Y (NOR3X2M)             0.36       0.86 r
  Domain_1_TOP_U0/SYS_CTRL_U3/U67/Y (NAND2X2M)            0.24       1.10 f
  Domain_1_TOP_U0/SYS_CTRL_U3/U46/Y (AND3X2M)             0.26       1.36 f
  Domain_1_TOP_U0/SYS_CTRL_U3/U94/Y (NOR2X2M)             0.22       1.58 r
  Domain_1_TOP_U0/SYS_CTRL_U3/Address[1] (SYS_CTRL_test_1)
                                                          0.00       1.58 r
  Domain_1_TOP_U0/RegFile_U2/Address[1] (RegFile_test_1)
                                                          0.00       1.58 r
  Domain_1_TOP_U0/RegFile_U2/U187/Y (OR2X2M)              0.17       1.75 r
  Domain_1_TOP_U0/RegFile_U2/U158/Y (BUFX2M)              0.10       1.85 r
  Domain_1_TOP_U0/RegFile_U2/U143/Y (INVX2M)              0.21       2.06 f
  Domain_1_TOP_U0/RegFile_U2/U448/Y (AOI22X1M)            0.25       2.31 r
  Domain_1_TOP_U0/RegFile_U2/U449/Y (AOI21X1M)            0.11       2.42 f
  Domain_1_TOP_U0/RegFile_U2/U450/Y (OR4X1M)              0.46       2.88 f
  Domain_1_TOP_U0/RegFile_U2/U205/Y (AO22X1M)             0.32       3.20 f
  Domain_1_TOP_U0/RegFile_U2/RdData_reg[7]/D (SDFFRQX2M)
                                                          0.00       3.20 f
  data arrival time                                                  3.20

  clock scan_clk (rise edge)                            100.00     100.00
  clock network delay (ideal)                             0.00     100.00
  clock uncertainty                                      -0.20      99.80
  Domain_1_TOP_U0/RegFile_U2/RdData_reg[7]/CK (SDFFRQX2M)
                                                          0.00      99.80 r
  library setup time                                     -0.41      99.39
  data required time                                                99.39
  --------------------------------------------------------------------------
  data required time                                                99.39
  data arrival time                                                 -3.20
  --------------------------------------------------------------------------
  slack (MET)                                                       96.20


  Startpoint: Domain_1_TOP_U0/SYS_CTRL_U3/cur_state_reg[1]
              (rising edge-triggered flip-flop clocked by scan_clk)
  Endpoint: Domain_1_TOP_U0/RegFile_U2/RdData_reg[5]
            (rising edge-triggered flip-flop clocked by scan_clk)
  Path Group: scan_clk
  Path Type: max

  Point                                                   Incr       Path
  --------------------------------------------------------------------------
  clock scan_clk (rise edge)                              0.00       0.00
  clock network delay (ideal)                             0.00       0.00
  Domain_1_TOP_U0/SYS_CTRL_U3/cur_state_reg[1]/CK (SDFFRQX2M)
                                                          0.00       0.00 r
  Domain_1_TOP_U0/SYS_CTRL_U3/cur_state_reg[1]/Q (SDFFRQX2M)
                                                          0.43       0.43 r
  Domain_1_TOP_U0/SYS_CTRL_U3/U105/Y (INVX2M)             0.07       0.51 f
  Domain_1_TOP_U0/SYS_CTRL_U3/U41/Y (NOR3X2M)             0.36       0.86 r
  Domain_1_TOP_U0/SYS_CTRL_U3/U67/Y (NAND2X2M)            0.24       1.10 f
  Domain_1_TOP_U0/SYS_CTRL_U3/U46/Y (AND3X2M)             0.26       1.36 f
  Domain_1_TOP_U0/SYS_CTRL_U3/U94/Y (NOR2X2M)             0.22       1.58 r
  Domain_1_TOP_U0/SYS_CTRL_U3/Address[1] (SYS_CTRL_test_1)
                                                          0.00       1.58 r
  Domain_1_TOP_U0/RegFile_U2/Address[1] (RegFile_test_1)
                                                          0.00       1.58 r
  Domain_1_TOP_U0/RegFile_U2/U187/Y (OR2X2M)              0.17       1.75 r
  Domain_1_TOP_U0/RegFile_U2/U158/Y (BUFX2M)              0.10       1.85 r
  Domain_1_TOP_U0/RegFile_U2/U143/Y (INVX2M)              0.21       2.06 f
  Domain_1_TOP_U0/RegFile_U2/U422/Y (AOI22X1M)            0.25       2.31 r
  Domain_1_TOP_U0/RegFile_U2/U423/Y (AOI21X1M)            0.11       2.42 f
  Domain_1_TOP_U0/RegFile_U2/U424/Y (OR4X1M)              0.46       2.88 f
  Domain_1_TOP_U0/RegFile_U2/U203/Y (AO22X1M)             0.32       3.20 f
  Domain_1_TOP_U0/RegFile_U2/RdData_reg[5]/D (SDFFRQX2M)
                                                          0.00       3.20 f
  data arrival time                                                  3.20

  clock scan_clk (rise edge)                            100.00     100.00
  clock network delay (ideal)                             0.00     100.00
  clock uncertainty                                      -0.20      99.80
  Domain_1_TOP_U0/RegFile_U2/RdData_reg[5]/CK (SDFFRQX2M)
                                                          0.00      99.80 r
  library setup time                                     -0.41      99.39
  data required time                                                99.39
  --------------------------------------------------------------------------
  data required time                                                99.39
  data arrival time                                                 -3.20
  --------------------------------------------------------------------------
  slack (MET)                                                       96.20


  Startpoint: Domain_1_TOP_U0/SYS_CTRL_U3/cur_state_reg[1]
              (rising edge-triggered flip-flop clocked by scan_clk)
  Endpoint: Domain_1_TOP_U0/RegFile_U2/RdData_reg[4]
            (rising edge-triggered flip-flop clocked by scan_clk)
  Path Group: scan_clk
  Path Type: max

  Point                                                   Incr       Path
  --------------------------------------------------------------------------
  clock scan_clk (rise edge)                              0.00       0.00
  clock network delay (ideal)                             0.00       0.00
  Domain_1_TOP_U0/SYS_CTRL_U3/cur_state_reg[1]/CK (SDFFRQX2M)
                                                          0.00       0.00 r
  Domain_1_TOP_U0/SYS_CTRL_U3/cur_state_reg[1]/Q (SDFFRQX2M)
                                                          0.43       0.43 r
  Domain_1_TOP_U0/SYS_CTRL_U3/U105/Y (INVX2M)             0.07       0.51 f
  Domain_1_TOP_U0/SYS_CTRL_U3/U41/Y (NOR3X2M)             0.36       0.86 r
  Domain_1_TOP_U0/SYS_CTRL_U3/U67/Y (NAND2X2M)            0.24       1.10 f
  Domain_1_TOP_U0/SYS_CTRL_U3/U46/Y (AND3X2M)             0.26       1.36 f
  Domain_1_TOP_U0/SYS_CTRL_U3/U94/Y (NOR2X2M)             0.22       1.58 r
  Domain_1_TOP_U0/SYS_CTRL_U3/Address[1] (SYS_CTRL_test_1)
                                                          0.00       1.58 r
  Domain_1_TOP_U0/RegFile_U2/Address[1] (RegFile_test_1)
                                                          0.00       1.58 r
  Domain_1_TOP_U0/RegFile_U2/U187/Y (OR2X2M)              0.17       1.75 r
  Domain_1_TOP_U0/RegFile_U2/U158/Y (BUFX2M)              0.10       1.85 r
  Domain_1_TOP_U0/RegFile_U2/U143/Y (INVX2M)              0.21       2.06 f
  Domain_1_TOP_U0/RegFile_U2/U409/Y (AOI22X1M)            0.25       2.31 r
  Domain_1_TOP_U0/RegFile_U2/U410/Y (AOI21X1M)            0.11       2.42 f
  Domain_1_TOP_U0/RegFile_U2/U411/Y (OR4X1M)              0.46       2.88 f
  Domain_1_TOP_U0/RegFile_U2/U202/Y (AO22X1M)             0.32       3.20 f
  Domain_1_TOP_U0/RegFile_U2/RdData_reg[4]/D (SDFFRQX2M)
                                                          0.00       3.20 f
  data arrival time                                                  3.20

  clock scan_clk (rise edge)                            100.00     100.00
  clock network delay (ideal)                             0.00     100.00
  clock uncertainty                                      -0.20      99.80
  Domain_1_TOP_U0/RegFile_U2/RdData_reg[4]/CK (SDFFRQX2M)
                                                          0.00      99.80 r
  library setup time                                     -0.41      99.39
  data required time                                                99.39
  --------------------------------------------------------------------------
  data required time                                                99.39
  data arrival time                                                 -3.20
  --------------------------------------------------------------------------
  slack (MET)                                                       96.20


  Startpoint: Domain_1_TOP_U0/SYS_CTRL_U3/cur_state_reg[1]
              (rising edge-triggered flip-flop clocked by scan_clk)
  Endpoint: Domain_1_TOP_U0/RegFile_U2/RdData_reg[3]
            (rising edge-triggered flip-flop clocked by scan_clk)
  Path Group: scan_clk
  Path Type: max

  Point                                                   Incr       Path
  --------------------------------------------------------------------------
  clock scan_clk (rise edge)                              0.00       0.00
  clock network delay (ideal)                             0.00       0.00
  Domain_1_TOP_U0/SYS_CTRL_U3/cur_state_reg[1]/CK (SDFFRQX2M)
                                                          0.00       0.00 r
  Domain_1_TOP_U0/SYS_CTRL_U3/cur_state_reg[1]/Q (SDFFRQX2M)
                                                          0.43       0.43 r
  Domain_1_TOP_U0/SYS_CTRL_U3/U105/Y (INVX2M)             0.07       0.51 f
  Domain_1_TOP_U0/SYS_CTRL_U3/U41/Y (NOR3X2M)             0.36       0.86 r
  Domain_1_TOP_U0/SYS_CTRL_U3/U67/Y (NAND2X2M)            0.24       1.10 f
  Domain_1_TOP_U0/SYS_CTRL_U3/U46/Y (AND3X2M)             0.26       1.36 f
  Domain_1_TOP_U0/SYS_CTRL_U3/U94/Y (NOR2X2M)             0.22       1.58 r
  Domain_1_TOP_U0/SYS_CTRL_U3/Address[1] (SYS_CTRL_test_1)
                                                          0.00       1.58 r
  Domain_1_TOP_U0/RegFile_U2/Address[1] (RegFile_test_1)
                                                          0.00       1.58 r
  Domain_1_TOP_U0/RegFile_U2/U187/Y (OR2X2M)              0.17       1.75 r
  Domain_1_TOP_U0/RegFile_U2/U158/Y (BUFX2M)              0.10       1.85 r
  Domain_1_TOP_U0/RegFile_U2/U143/Y (INVX2M)              0.21       2.06 f
  Domain_1_TOP_U0/RegFile_U2/U396/Y (AOI22X1M)            0.25       2.31 r
  Domain_1_TOP_U0/RegFile_U2/U397/Y (AOI21X1M)            0.11       2.42 f
  Domain_1_TOP_U0/RegFile_U2/U398/Y (OR4X1M)              0.46       2.88 f
  Domain_1_TOP_U0/RegFile_U2/U201/Y (AO22X1M)             0.32       3.20 f
  Domain_1_TOP_U0/RegFile_U2/RdData_reg[3]/D (SDFFRQX2M)
                                                          0.00       3.20 f
  data arrival time                                                  3.20

  clock scan_clk (rise edge)                            100.00     100.00
  clock network delay (ideal)                             0.00     100.00
  clock uncertainty                                      -0.20      99.80
  Domain_1_TOP_U0/RegFile_U2/RdData_reg[3]/CK (SDFFRQX2M)
                                                          0.00      99.80 r
  library setup time                                     -0.41      99.39
  data required time                                                99.39
  --------------------------------------------------------------------------
  data required time                                                99.39
  data arrival time                                                 -3.20
  --------------------------------------------------------------------------
  slack (MET)                                                       96.20


  Startpoint: Domain_1_TOP_U0/SYS_CTRL_U3/cur_state_reg[1]
              (rising edge-triggered flip-flop clocked by scan_clk)
  Endpoint: Domain_1_TOP_U0/RegFile_U2/RdData_reg[2]
            (rising edge-triggered flip-flop clocked by scan_clk)
  Path Group: scan_clk
  Path Type: max

  Point                                                   Incr       Path
  --------------------------------------------------------------------------
  clock scan_clk (rise edge)                              0.00       0.00
  clock network delay (ideal)                             0.00       0.00
  Domain_1_TOP_U0/SYS_CTRL_U3/cur_state_reg[1]/CK (SDFFRQX2M)
                                                          0.00       0.00 r
  Domain_1_TOP_U0/SYS_CTRL_U3/cur_state_reg[1]/Q (SDFFRQX2M)
                                                          0.43       0.43 r
  Domain_1_TOP_U0/SYS_CTRL_U3/U105/Y (INVX2M)             0.07       0.51 f
  Domain_1_TOP_U0/SYS_CTRL_U3/U41/Y (NOR3X2M)             0.36       0.86 r
  Domain_1_TOP_U0/SYS_CTRL_U3/U67/Y (NAND2X2M)            0.24       1.10 f
  Domain_1_TOP_U0/SYS_CTRL_U3/U46/Y (AND3X2M)             0.26       1.36 f
  Domain_1_TOP_U0/SYS_CTRL_U3/U94/Y (NOR2X2M)             0.22       1.58 r
  Domain_1_TOP_U0/SYS_CTRL_U3/Address[1] (SYS_CTRL_test_1)
                                                          0.00       1.58 r
  Domain_1_TOP_U0/RegFile_U2/Address[1] (RegFile_test_1)
                                                          0.00       1.58 r
  Domain_1_TOP_U0/RegFile_U2/U187/Y (OR2X2M)              0.17       1.75 r
  Domain_1_TOP_U0/RegFile_U2/U158/Y (BUFX2M)              0.10       1.85 r
  Domain_1_TOP_U0/RegFile_U2/U143/Y (INVX2M)              0.21       2.06 f
  Domain_1_TOP_U0/RegFile_U2/U383/Y (AOI22X1M)            0.25       2.31 r
  Domain_1_TOP_U0/RegFile_U2/U384/Y (AOI21X1M)            0.11       2.42 f
  Domain_1_TOP_U0/RegFile_U2/U385/Y (OR4X1M)              0.46       2.88 f
  Domain_1_TOP_U0/RegFile_U2/U200/Y (AO22X1M)             0.32       3.20 f
  Domain_1_TOP_U0/RegFile_U2/RdData_reg[2]/D (SDFFRQX2M)
                                                          0.00       3.20 f
  data arrival time                                                  3.20

  clock scan_clk (rise edge)                            100.00     100.00
  clock network delay (ideal)                             0.00     100.00
  clock uncertainty                                      -0.20      99.80
  Domain_1_TOP_U0/RegFile_U2/RdData_reg[2]/CK (SDFFRQX2M)
                                                          0.00      99.80 r
  library setup time                                     -0.41      99.39
  data required time                                                99.39
  --------------------------------------------------------------------------
  data required time                                                99.39
  data arrival time                                                 -3.20
  --------------------------------------------------------------------------
  slack (MET)                                                       96.20


  Startpoint: Domain_1_TOP_U0/SYS_CTRL_U3/cur_state_reg[1]
              (rising edge-triggered flip-flop clocked by scan_clk)
  Endpoint: Domain_1_TOP_U0/RegFile_U2/RdData_reg[1]
            (rising edge-triggered flip-flop clocked by scan_clk)
  Path Group: scan_clk
  Path Type: max

  Point                                                   Incr       Path
  --------------------------------------------------------------------------
  clock scan_clk (rise edge)                              0.00       0.00
  clock network delay (ideal)                             0.00       0.00
  Domain_1_TOP_U0/SYS_CTRL_U3/cur_state_reg[1]/CK (SDFFRQX2M)
                                                          0.00       0.00 r
  Domain_1_TOP_U0/SYS_CTRL_U3/cur_state_reg[1]/Q (SDFFRQX2M)
                                                          0.43       0.43 r
  Domain_1_TOP_U0/SYS_CTRL_U3/U105/Y (INVX2M)             0.07       0.51 f
  Domain_1_TOP_U0/SYS_CTRL_U3/U41/Y (NOR3X2M)             0.36       0.86 r
  Domain_1_TOP_U0/SYS_CTRL_U3/U67/Y (NAND2X2M)            0.24       1.10 f
  Domain_1_TOP_U0/SYS_CTRL_U3/U46/Y (AND3X2M)             0.26       1.36 f
  Domain_1_TOP_U0/SYS_CTRL_U3/U94/Y (NOR2X2M)             0.22       1.58 r
  Domain_1_TOP_U0/SYS_CTRL_U3/Address[1] (SYS_CTRL_test_1)
                                                          0.00       1.58 r
  Domain_1_TOP_U0/RegFile_U2/Address[1] (RegFile_test_1)
                                                          0.00       1.58 r
  Domain_1_TOP_U0/RegFile_U2/U187/Y (OR2X2M)              0.17       1.75 r
  Domain_1_TOP_U0/RegFile_U2/U158/Y (BUFX2M)              0.10       1.85 r
  Domain_1_TOP_U0/RegFile_U2/U143/Y (INVX2M)              0.21       2.06 f
  Domain_1_TOP_U0/RegFile_U2/U370/Y (AOI22X1M)            0.25       2.31 r
  Domain_1_TOP_U0/RegFile_U2/U371/Y (AOI21X1M)            0.11       2.42 f
  Domain_1_TOP_U0/RegFile_U2/U372/Y (OR4X1M)              0.46       2.88 f
  Domain_1_TOP_U0/RegFile_U2/U199/Y (AO22X1M)             0.32       3.20 f
  Domain_1_TOP_U0/RegFile_U2/RdData_reg[1]/D (SDFFRQX2M)
                                                          0.00       3.20 f
  data arrival time                                                  3.20

  clock scan_clk (rise edge)                            100.00     100.00
  clock network delay (ideal)                             0.00     100.00
  clock uncertainty                                      -0.20      99.80
  Domain_1_TOP_U0/RegFile_U2/RdData_reg[1]/CK (SDFFRQX2M)
                                                          0.00      99.80 r
  library setup time                                     -0.41      99.39
  data required time                                                99.39
  --------------------------------------------------------------------------
  data required time                                                99.39
  data arrival time                                                 -3.20
  --------------------------------------------------------------------------
  slack (MET)                                                       96.20


  Startpoint: Domain_1_TOP_U0/SYS_CTRL_U3/cur_state_reg[1]
              (rising edge-triggered flip-flop clocked by scan_clk)
  Endpoint: Domain_1_TOP_U0/RegFile_U2/RdData_reg[0]
            (rising edge-triggered flip-flop clocked by scan_clk)
  Path Group: scan_clk
  Path Type: max

  Point                                                   Incr       Path
  --------------------------------------------------------------------------
  clock scan_clk (rise edge)                              0.00       0.00
  clock network delay (ideal)                             0.00       0.00
  Domain_1_TOP_U0/SYS_CTRL_U3/cur_state_reg[1]/CK (SDFFRQX2M)
                                                          0.00       0.00 r
  Domain_1_TOP_U0/SYS_CTRL_U3/cur_state_reg[1]/Q (SDFFRQX2M)
                                                          0.43       0.43 r
  Domain_1_TOP_U0/SYS_CTRL_U3/U105/Y (INVX2M)             0.07       0.51 f
  Domain_1_TOP_U0/SYS_CTRL_U3/U41/Y (NOR3X2M)             0.36       0.86 r
  Domain_1_TOP_U0/SYS_CTRL_U3/U67/Y (NAND2X2M)            0.24       1.10 f
  Domain_1_TOP_U0/SYS_CTRL_U3/U46/Y (AND3X2M)             0.26       1.36 f
  Domain_1_TOP_U0/SYS_CTRL_U3/U94/Y (NOR2X2M)             0.22       1.58 r
  Domain_1_TOP_U0/SYS_CTRL_U3/Address[1] (SYS_CTRL_test_1)
                                                          0.00       1.58 r
  Domain_1_TOP_U0/RegFile_U2/Address[1] (RegFile_test_1)
                                                          0.00       1.58 r
  Domain_1_TOP_U0/RegFile_U2/U187/Y (OR2X2M)              0.17       1.75 r
  Domain_1_TOP_U0/RegFile_U2/U158/Y (BUFX2M)              0.10       1.85 r
  Domain_1_TOP_U0/RegFile_U2/U143/Y (INVX2M)              0.21       2.06 f
  Domain_1_TOP_U0/RegFile_U2/U356/Y (AOI22X1M)            0.25       2.31 r
  Domain_1_TOP_U0/RegFile_U2/U358/Y (AOI21X1M)            0.11       2.42 f
  Domain_1_TOP_U0/RegFile_U2/U359/Y (OR4X1M)              0.46       2.88 f
  Domain_1_TOP_U0/RegFile_U2/U198/Y (AO22X1M)             0.32       3.20 f
  Domain_1_TOP_U0/RegFile_U2/RdData_reg[0]/D (SDFFRQX2M)
                                                          0.00       3.20 f
  data arrival time                                                  3.20

  clock scan_clk (rise edge)                            100.00     100.00
  clock network delay (ideal)                             0.00     100.00
  clock uncertainty                                      -0.20      99.80
  Domain_1_TOP_U0/RegFile_U2/RdData_reg[0]/CK (SDFFRQX2M)
                                                          0.00      99.80 r
  library setup time                                     -0.41      99.39
  data required time                                                99.39
  --------------------------------------------------------------------------
  data required time                                                99.39
  data arrival time                                                 -3.20
  --------------------------------------------------------------------------
  slack (MET)                                                       96.20


  Startpoint: Domain_2_TOP_U1/UART_U0/U1/U3/P_DATA_reg[5]
              (rising edge-triggered flip-flop clocked by scan_clk)
  Endpoint: Domain_2_TOP_U1/UART_U0/U1/U1/cur_state_reg[0]
            (rising edge-triggered flip-flop clocked by scan_clk)
  Path Group: scan_clk
  Path Type: max

  Point                                                   Incr       Path
  --------------------------------------------------------------------------
  clock scan_clk (rise edge)                              0.00       0.00
  clock network delay (ideal)                             0.00       0.00
  Domain_2_TOP_U1/UART_U0/U1/U3/P_DATA_reg[5]/CK (SDFFRQX2M)
                                                          0.00       0.00 r
  Domain_2_TOP_U1/UART_U0/U1/U3/P_DATA_reg[5]/Q (SDFFRQX2M)
                                                          0.45       0.45 f
  Domain_2_TOP_U1/UART_U0/U1/U3/P_DATA[5] (desrializer_test_1)
                                                          0.00       0.45 f
  Domain_2_TOP_U1/UART_U0/U1/U6/P_DATA[5] (Parity_Checker)
                                                          0.00       0.45 f
  Domain_2_TOP_U1/UART_U0/U1/U6/U5/Y (XOR3XLM)            0.50       0.95 f
  Domain_2_TOP_U1/UART_U0/U1/U6/U3/Y (XOR3XLM)            0.57       1.52 f
  Domain_2_TOP_U1/UART_U0/U1/U6/U2/Y (NOR2BX4M)           0.69       2.21 r
  Domain_2_TOP_U1/UART_U0/U1/U6/par_err (Parity_Checker)
                                                          0.00       2.21 r
  Domain_2_TOP_U1/UART_U0/U1/U1/par_err (FSM_RX_test_1)
                                                          0.00       2.21 r
  Domain_2_TOP_U1/UART_U0/U1/U1/U6/Y (INVX2M)             0.13       2.33 f
  Domain_2_TOP_U1/UART_U0/U1/U1/U22/Y (AOI32X1M)          0.23       2.57 r
  Domain_2_TOP_U1/UART_U0/U1/U1/U19/Y (OAI31X1M)          0.11       2.68 f
  Domain_2_TOP_U1/UART_U0/U1/U1/cur_state_reg[0]/D (SDFFRQX2M)
                                                          0.00       2.68 f
  data arrival time                                                  2.68

  clock scan_clk (rise edge)                            100.00     100.00
  clock network delay (ideal)                             0.00     100.00
  clock uncertainty                                      -0.20      99.80
  Domain_2_TOP_U1/UART_U0/U1/U1/cur_state_reg[0]/CK (SDFFRQX2M)
                                                          0.00      99.80 r
  library setup time                                     -0.40      99.40
  data required time                                                99.40
  --------------------------------------------------------------------------
  data required time                                                99.40
  data arrival time                                                 -2.68
  --------------------------------------------------------------------------
  slack (MET)                                                       96.72


  Startpoint: Domain_2_TOP_U1/UART_U0/U1/U3/P_DATA_reg[5]
              (rising edge-triggered flip-flop clocked by scan_clk)
  Endpoint: Domain_2_TOP_U1/UART_U0/U1/U1/cur_state_reg[1]
            (rising edge-triggered flip-flop clocked by scan_clk)
  Path Group: scan_clk
  Path Type: max

  Point                                                   Incr       Path
  --------------------------------------------------------------------------
  clock scan_clk (rise edge)                              0.00       0.00
  clock network delay (ideal)                             0.00       0.00
  Domain_2_TOP_U1/UART_U0/U1/U3/P_DATA_reg[5]/CK (SDFFRQX2M)
                                                          0.00       0.00 r
  Domain_2_TOP_U1/UART_U0/U1/U3/P_DATA_reg[5]/Q (SDFFRQX2M)
                                                          0.45       0.45 f
  Domain_2_TOP_U1/UART_U0/U1/U3/P_DATA[5] (desrializer_test_1)
                                                          0.00       0.45 f
  Domain_2_TOP_U1/UART_U0/U1/U6/P_DATA[5] (Parity_Checker)
                                                          0.00       0.45 f
  Domain_2_TOP_U1/UART_U0/U1/U6/U5/Y (XOR3XLM)            0.50       0.95 f
  Domain_2_TOP_U1/UART_U0/U1/U6/U3/Y (XOR3XLM)            0.57       1.52 f
  Domain_2_TOP_U1/UART_U0/U1/U6/U2/Y (NOR2BX4M)           0.69       2.21 r
  Domain_2_TOP_U1/UART_U0/U1/U6/par_err (Parity_Checker)
                                                          0.00       2.21 r
  Domain_2_TOP_U1/UART_U0/U1/U1/par_err (FSM_RX_test_1)
                                                          0.00       2.21 r
  Domain_2_TOP_U1/UART_U0/U1/U1/U6/Y (INVX2M)             0.13       2.33 f
  Domain_2_TOP_U1/UART_U0/U1/U1/U26/Y (OAI21X2M)          0.18       2.52 r
  Domain_2_TOP_U1/UART_U0/U1/U1/U24/Y (OAI2B11X2M)        0.11       2.62 f
  Domain_2_TOP_U1/UART_U0/U1/U1/cur_state_reg[1]/D (SDFFRQX2M)
                                                          0.00       2.62 f
  data arrival time                                                  2.62

  clock scan_clk (rise edge)                            100.00     100.00
  clock network delay (ideal)                             0.00     100.00
  clock uncertainty                                      -0.20      99.80
  Domain_2_TOP_U1/UART_U0/U1/U1/cur_state_reg[1]/CK (SDFFRQX2M)
                                                          0.00      99.80 r
  library setup time                                     -0.40      99.40
  data required time                                                99.40
  --------------------------------------------------------------------------
  data required time                                                99.40
  data arrival time                                                 -2.62
  --------------------------------------------------------------------------
  slack (MET)                                                       96.77


  Startpoint: Domain_1_TOP_U0/SYS_CTRL_U3/cur_state_reg[0]
              (rising edge-triggered flip-flop clocked by scan_clk)
  Endpoint: ASYNC_FIFO_U5/U1/FIFO_MEM_reg[0][7]
            (rising edge-triggered flip-flop clocked by scan_clk)
  Path Group: scan_clk
  Path Type: max

  Point                                                   Incr       Path
  --------------------------------------------------------------------------
  clock scan_clk (rise edge)                              0.00       0.00
  clock network delay (ideal)                             0.00       0.00
  Domain_1_TOP_U0/SYS_CTRL_U3/cur_state_reg[0]/CK (SDFFRQX2M)
                                                          0.00       0.00 r
  Domain_1_TOP_U0/SYS_CTRL_U3/cur_state_reg[0]/Q (SDFFRQX2M)
                                                          0.45       0.45 r
  Domain_1_TOP_U0/SYS_CTRL_U3/U101/Y (INVX2M)             0.11       0.56 f
  Domain_1_TOP_U0/SYS_CTRL_U3/U61/Y (NOR2X2M)             0.25       0.81 r
  Domain_1_TOP_U0/SYS_CTRL_U3/U99/Y (AND4X2M)             0.36       1.17 r
  Domain_1_TOP_U0/SYS_CTRL_U3/U66/Y (NOR2X2M)             0.10       1.27 f
  Domain_1_TOP_U0/SYS_CTRL_U3/U50/Y (AOI21X2M)            0.16       1.43 r
  Domain_1_TOP_U0/SYS_CTRL_U3/WR_INC (SYS_CTRL_test_1)
                                                          0.00       1.43 r
  Domain_1_TOP_U0/WR_INC (Domain_1_TOP_test_1)            0.00       1.43 r
  ASYNC_FIFO_U5/W_INC (ASYNC_FIFO_test_1)                 0.00       1.43 r
  ASYNC_FIFO_U5/U5/Y (NOR2BX2M)                           0.18       1.60 r
  ASYNC_FIFO_U5/U1/wclken (FIFO_MEM_CNTRL_test_1)         0.00       1.60 r
  ASYNC_FIFO_U5/U1/U92/Y (NOR2BX2M)                       0.27       1.87 r
  ASYNC_FIFO_U5/U1/U88/Y (NAND3X2M)                       0.30       2.18 f
  ASYNC_FIFO_U5/U1/U116/Y (OAI2BB2X1M)                    0.31       2.49 f
  ASYNC_FIFO_U5/U1/FIFO_MEM_reg[0][7]/D (SDFFRQX2M)       0.00       2.49 f
  data arrival time                                                  2.49

  clock scan_clk (rise edge)                            100.00     100.00
  clock network delay (ideal)                             0.00     100.00
  clock uncertainty                                      -0.20      99.80
  ASYNC_FIFO_U5/U1/FIFO_MEM_reg[0][7]/CK (SDFFRQX2M)      0.00      99.80 r
  library setup time                                     -0.41      99.39
  data required time                                                99.39
  --------------------------------------------------------------------------
  data required time                                                99.39
  data arrival time                                                 -2.49
  --------------------------------------------------------------------------
  slack (MET)                                                       96.91


  Startpoint: Domain_1_TOP_U0/SYS_CTRL_U3/cur_state_reg[0]
              (rising edge-triggered flip-flop clocked by scan_clk)
  Endpoint: ASYNC_FIFO_U5/U1/FIFO_MEM_reg[0][6]
            (rising edge-triggered flip-flop clocked by scan_clk)
  Path Group: scan_clk
  Path Type: max

  Point                                                   Incr       Path
  --------------------------------------------------------------------------
  clock scan_clk (rise edge)                              0.00       0.00
  clock network delay (ideal)                             0.00       0.00
  Domain_1_TOP_U0/SYS_CTRL_U3/cur_state_reg[0]/CK (SDFFRQX2M)
                                                          0.00       0.00 r
  Domain_1_TOP_U0/SYS_CTRL_U3/cur_state_reg[0]/Q (SDFFRQX2M)
                                                          0.45       0.45 r
  Domain_1_TOP_U0/SYS_CTRL_U3/U101/Y (INVX2M)             0.11       0.56 f
  Domain_1_TOP_U0/SYS_CTRL_U3/U61/Y (NOR2X2M)             0.25       0.81 r
  Domain_1_TOP_U0/SYS_CTRL_U3/U99/Y (AND4X2M)             0.36       1.17 r
  Domain_1_TOP_U0/SYS_CTRL_U3/U66/Y (NOR2X2M)             0.10       1.27 f
  Domain_1_TOP_U0/SYS_CTRL_U3/U50/Y (AOI21X2M)            0.16       1.43 r
  Domain_1_TOP_U0/SYS_CTRL_U3/WR_INC (SYS_CTRL_test_1)
                                                          0.00       1.43 r
  Domain_1_TOP_U0/WR_INC (Domain_1_TOP_test_1)            0.00       1.43 r
  ASYNC_FIFO_U5/W_INC (ASYNC_FIFO_test_1)                 0.00       1.43 r
  ASYNC_FIFO_U5/U5/Y (NOR2BX2M)                           0.18       1.60 r
  ASYNC_FIFO_U5/U1/wclken (FIFO_MEM_CNTRL_test_1)         0.00       1.60 r
  ASYNC_FIFO_U5/U1/U92/Y (NOR2BX2M)                       0.27       1.87 r
  ASYNC_FIFO_U5/U1/U88/Y (NAND3X2M)                       0.30       2.18 f
  ASYNC_FIFO_U5/U1/U115/Y (OAI2BB2X1M)                    0.31       2.49 f
  ASYNC_FIFO_U5/U1/FIFO_MEM_reg[0][6]/D (SDFFRQX2M)       0.00       2.49 f
  data arrival time                                                  2.49

  clock scan_clk (rise edge)                            100.00     100.00
  clock network delay (ideal)                             0.00     100.00
  clock uncertainty                                      -0.20      99.80
  ASYNC_FIFO_U5/U1/FIFO_MEM_reg[0][6]/CK (SDFFRQX2M)      0.00      99.80 r
  library setup time                                     -0.41      99.39
  data required time                                                99.39
  --------------------------------------------------------------------------
  data required time                                                99.39
  data arrival time                                                 -2.49
  --------------------------------------------------------------------------
  slack (MET)                                                       96.91


  Startpoint: Domain_1_TOP_U0/SYS_CTRL_U3/cur_state_reg[0]
              (rising edge-triggered flip-flop clocked by scan_clk)
  Endpoint: ASYNC_FIFO_U5/U1/FIFO_MEM_reg[0][5]
            (rising edge-triggered flip-flop clocked by scan_clk)
  Path Group: scan_clk
  Path Type: max

  Point                                                   Incr       Path
  --------------------------------------------------------------------------
  clock scan_clk (rise edge)                              0.00       0.00
  clock network delay (ideal)                             0.00       0.00
  Domain_1_TOP_U0/SYS_CTRL_U3/cur_state_reg[0]/CK (SDFFRQX2M)
                                                          0.00       0.00 r
  Domain_1_TOP_U0/SYS_CTRL_U3/cur_state_reg[0]/Q (SDFFRQX2M)
                                                          0.45       0.45 r
  Domain_1_TOP_U0/SYS_CTRL_U3/U101/Y (INVX2M)             0.11       0.56 f
  Domain_1_TOP_U0/SYS_CTRL_U3/U61/Y (NOR2X2M)             0.25       0.81 r
  Domain_1_TOP_U0/SYS_CTRL_U3/U99/Y (AND4X2M)             0.36       1.17 r
  Domain_1_TOP_U0/SYS_CTRL_U3/U66/Y (NOR2X2M)             0.10       1.27 f
  Domain_1_TOP_U0/SYS_CTRL_U3/U50/Y (AOI21X2M)            0.16       1.43 r
  Domain_1_TOP_U0/SYS_CTRL_U3/WR_INC (SYS_CTRL_test_1)
                                                          0.00       1.43 r
  Domain_1_TOP_U0/WR_INC (Domain_1_TOP_test_1)            0.00       1.43 r
  ASYNC_FIFO_U5/W_INC (ASYNC_FIFO_test_1)                 0.00       1.43 r
  ASYNC_FIFO_U5/U5/Y (NOR2BX2M)                           0.18       1.60 r
  ASYNC_FIFO_U5/U1/wclken (FIFO_MEM_CNTRL_test_1)         0.00       1.60 r
  ASYNC_FIFO_U5/U1/U92/Y (NOR2BX2M)                       0.27       1.87 r
  ASYNC_FIFO_U5/U1/U88/Y (NAND3X2M)                       0.30       2.18 f
  ASYNC_FIFO_U5/U1/U114/Y (OAI2BB2X1M)                    0.31       2.49 f
  ASYNC_FIFO_U5/U1/FIFO_MEM_reg[0][5]/D (SDFFRQX2M)       0.00       2.49 f
  data arrival time                                                  2.49

  clock scan_clk (rise edge)                            100.00     100.00
  clock network delay (ideal)                             0.00     100.00
  clock uncertainty                                      -0.20      99.80
  ASYNC_FIFO_U5/U1/FIFO_MEM_reg[0][5]/CK (SDFFRQX2M)      0.00      99.80 r
  library setup time                                     -0.41      99.39
  data required time                                                99.39
  --------------------------------------------------------------------------
  data required time                                                99.39
  data arrival time                                                 -2.49
  --------------------------------------------------------------------------
  slack (MET)                                                       96.91


  Startpoint: Domain_1_TOP_U0/SYS_CTRL_U3/cur_state_reg[0]
              (rising edge-triggered flip-flop clocked by scan_clk)
  Endpoint: ASYNC_FIFO_U5/U1/FIFO_MEM_reg[0][4]
            (rising edge-triggered flip-flop clocked by scan_clk)
  Path Group: scan_clk
  Path Type: max

  Point                                                   Incr       Path
  --------------------------------------------------------------------------
  clock scan_clk (rise edge)                              0.00       0.00
  clock network delay (ideal)                             0.00       0.00
  Domain_1_TOP_U0/SYS_CTRL_U3/cur_state_reg[0]/CK (SDFFRQX2M)
                                                          0.00       0.00 r
  Domain_1_TOP_U0/SYS_CTRL_U3/cur_state_reg[0]/Q (SDFFRQX2M)
                                                          0.45       0.45 r
  Domain_1_TOP_U0/SYS_CTRL_U3/U101/Y (INVX2M)             0.11       0.56 f
  Domain_1_TOP_U0/SYS_CTRL_U3/U61/Y (NOR2X2M)             0.25       0.81 r
  Domain_1_TOP_U0/SYS_CTRL_U3/U99/Y (AND4X2M)             0.36       1.17 r
  Domain_1_TOP_U0/SYS_CTRL_U3/U66/Y (NOR2X2M)             0.10       1.27 f
  Domain_1_TOP_U0/SYS_CTRL_U3/U50/Y (AOI21X2M)            0.16       1.43 r
  Domain_1_TOP_U0/SYS_CTRL_U3/WR_INC (SYS_CTRL_test_1)
                                                          0.00       1.43 r
  Domain_1_TOP_U0/WR_INC (Domain_1_TOP_test_1)            0.00       1.43 r
  ASYNC_FIFO_U5/W_INC (ASYNC_FIFO_test_1)                 0.00       1.43 r
  ASYNC_FIFO_U5/U5/Y (NOR2BX2M)                           0.18       1.60 r
  ASYNC_FIFO_U5/U1/wclken (FIFO_MEM_CNTRL_test_1)         0.00       1.60 r
  ASYNC_FIFO_U5/U1/U92/Y (NOR2BX2M)                       0.27       1.87 r
  ASYNC_FIFO_U5/U1/U88/Y (NAND3X2M)                       0.30       2.18 f
  ASYNC_FIFO_U5/U1/U113/Y (OAI2BB2X1M)                    0.31       2.49 f
  ASYNC_FIFO_U5/U1/FIFO_MEM_reg[0][4]/D (SDFFRQX2M)       0.00       2.49 f
  data arrival time                                                  2.49

  clock scan_clk (rise edge)                            100.00     100.00
  clock network delay (ideal)                             0.00     100.00
  clock uncertainty                                      -0.20      99.80
  ASYNC_FIFO_U5/U1/FIFO_MEM_reg[0][4]/CK (SDFFRQX2M)      0.00      99.80 r
  library setup time                                     -0.41      99.39
  data required time                                                99.39
  --------------------------------------------------------------------------
  data required time                                                99.39
  data arrival time                                                 -2.49
  --------------------------------------------------------------------------
  slack (MET)                                                       96.91


  Startpoint: Domain_1_TOP_U0/SYS_CTRL_U3/cur_state_reg[0]
              (rising edge-triggered flip-flop clocked by scan_clk)
  Endpoint: ASYNC_FIFO_U5/U1/FIFO_MEM_reg[0][3]
            (rising edge-triggered flip-flop clocked by scan_clk)
  Path Group: scan_clk
  Path Type: max

  Point                                                   Incr       Path
  --------------------------------------------------------------------------
  clock scan_clk (rise edge)                              0.00       0.00
  clock network delay (ideal)                             0.00       0.00
  Domain_1_TOP_U0/SYS_CTRL_U3/cur_state_reg[0]/CK (SDFFRQX2M)
                                                          0.00       0.00 r
  Domain_1_TOP_U0/SYS_CTRL_U3/cur_state_reg[0]/Q (SDFFRQX2M)
                                                          0.45       0.45 r
  Domain_1_TOP_U0/SYS_CTRL_U3/U101/Y (INVX2M)             0.11       0.56 f
  Domain_1_TOP_U0/SYS_CTRL_U3/U61/Y (NOR2X2M)             0.25       0.81 r
  Domain_1_TOP_U0/SYS_CTRL_U3/U99/Y (AND4X2M)             0.36       1.17 r
  Domain_1_TOP_U0/SYS_CTRL_U3/U66/Y (NOR2X2M)             0.10       1.27 f
  Domain_1_TOP_U0/SYS_CTRL_U3/U50/Y (AOI21X2M)            0.16       1.43 r
  Domain_1_TOP_U0/SYS_CTRL_U3/WR_INC (SYS_CTRL_test_1)
                                                          0.00       1.43 r
  Domain_1_TOP_U0/WR_INC (Domain_1_TOP_test_1)            0.00       1.43 r
  ASYNC_FIFO_U5/W_INC (ASYNC_FIFO_test_1)                 0.00       1.43 r
  ASYNC_FIFO_U5/U5/Y (NOR2BX2M)                           0.18       1.60 r
  ASYNC_FIFO_U5/U1/wclken (FIFO_MEM_CNTRL_test_1)         0.00       1.60 r
  ASYNC_FIFO_U5/U1/U92/Y (NOR2BX2M)                       0.27       1.87 r
  ASYNC_FIFO_U5/U1/U88/Y (NAND3X2M)                       0.30       2.18 f
  ASYNC_FIFO_U5/U1/U112/Y (OAI2BB2X1M)                    0.31       2.49 f
  ASYNC_FIFO_U5/U1/FIFO_MEM_reg[0][3]/D (SDFFRQX2M)       0.00       2.49 f
  data arrival time                                                  2.49

  clock scan_clk (rise edge)                            100.00     100.00
  clock network delay (ideal)                             0.00     100.00
  clock uncertainty                                      -0.20      99.80
  ASYNC_FIFO_U5/U1/FIFO_MEM_reg[0][3]/CK (SDFFRQX2M)      0.00      99.80 r
  library setup time                                     -0.41      99.39
  data required time                                                99.39
  --------------------------------------------------------------------------
  data required time                                                99.39
  data arrival time                                                 -2.49
  --------------------------------------------------------------------------
  slack (MET)                                                       96.91


  Startpoint: Domain_1_TOP_U0/SYS_CTRL_U3/cur_state_reg[0]
              (rising edge-triggered flip-flop clocked by scan_clk)
  Endpoint: ASYNC_FIFO_U5/U1/FIFO_MEM_reg[0][2]
            (rising edge-triggered flip-flop clocked by scan_clk)
  Path Group: scan_clk
  Path Type: max

  Point                                                   Incr       Path
  --------------------------------------------------------------------------
  clock scan_clk (rise edge)                              0.00       0.00
  clock network delay (ideal)                             0.00       0.00
  Domain_1_TOP_U0/SYS_CTRL_U3/cur_state_reg[0]/CK (SDFFRQX2M)
                                                          0.00       0.00 r
  Domain_1_TOP_U0/SYS_CTRL_U3/cur_state_reg[0]/Q (SDFFRQX2M)
                                                          0.45       0.45 r
  Domain_1_TOP_U0/SYS_CTRL_U3/U101/Y (INVX2M)             0.11       0.56 f
  Domain_1_TOP_U0/SYS_CTRL_U3/U61/Y (NOR2X2M)             0.25       0.81 r
  Domain_1_TOP_U0/SYS_CTRL_U3/U99/Y (AND4X2M)             0.36       1.17 r
  Domain_1_TOP_U0/SYS_CTRL_U3/U66/Y (NOR2X2M)             0.10       1.27 f
  Domain_1_TOP_U0/SYS_CTRL_U3/U50/Y (AOI21X2M)            0.16       1.43 r
  Domain_1_TOP_U0/SYS_CTRL_U3/WR_INC (SYS_CTRL_test_1)
                                                          0.00       1.43 r
  Domain_1_TOP_U0/WR_INC (Domain_1_TOP_test_1)            0.00       1.43 r
  ASYNC_FIFO_U5/W_INC (ASYNC_FIFO_test_1)                 0.00       1.43 r
  ASYNC_FIFO_U5/U5/Y (NOR2BX2M)                           0.18       1.60 r
  ASYNC_FIFO_U5/U1/wclken (FIFO_MEM_CNTRL_test_1)         0.00       1.60 r
  ASYNC_FIFO_U5/U1/U92/Y (NOR2BX2M)                       0.27       1.87 r
  ASYNC_FIFO_U5/U1/U88/Y (NAND3X2M)                       0.30       2.18 f
  ASYNC_FIFO_U5/U1/U111/Y (OAI2BB2X1M)                    0.31       2.49 f
  ASYNC_FIFO_U5/U1/FIFO_MEM_reg[0][2]/D (SDFFRQX2M)       0.00       2.49 f
  data arrival time                                                  2.49

  clock scan_clk (rise edge)                            100.00     100.00
  clock network delay (ideal)                             0.00     100.00
  clock uncertainty                                      -0.20      99.80
  ASYNC_FIFO_U5/U1/FIFO_MEM_reg[0][2]/CK (SDFFRQX2M)      0.00      99.80 r
  library setup time                                     -0.41      99.39
  data required time                                                99.39
  --------------------------------------------------------------------------
  data required time                                                99.39
  data arrival time                                                 -2.49
  --------------------------------------------------------------------------
  slack (MET)                                                       96.91


  Startpoint: Domain_1_TOP_U0/SYS_CTRL_U3/cur_state_reg[0]
              (rising edge-triggered flip-flop clocked by scan_clk)
  Endpoint: ASYNC_FIFO_U5/U1/FIFO_MEM_reg[0][1]
            (rising edge-triggered flip-flop clocked by scan_clk)
  Path Group: scan_clk
  Path Type: max

  Point                                                   Incr       Path
  --------------------------------------------------------------------------
  clock scan_clk (rise edge)                              0.00       0.00
  clock network delay (ideal)                             0.00       0.00
  Domain_1_TOP_U0/SYS_CTRL_U3/cur_state_reg[0]/CK (SDFFRQX2M)
                                                          0.00       0.00 r
  Domain_1_TOP_U0/SYS_CTRL_U3/cur_state_reg[0]/Q (SDFFRQX2M)
                                                          0.45       0.45 r
  Domain_1_TOP_U0/SYS_CTRL_U3/U101/Y (INVX2M)             0.11       0.56 f
  Domain_1_TOP_U0/SYS_CTRL_U3/U61/Y (NOR2X2M)             0.25       0.81 r
  Domain_1_TOP_U0/SYS_CTRL_U3/U99/Y (AND4X2M)             0.36       1.17 r
  Domain_1_TOP_U0/SYS_CTRL_U3/U66/Y (NOR2X2M)             0.10       1.27 f
  Domain_1_TOP_U0/SYS_CTRL_U3/U50/Y (AOI21X2M)            0.16       1.43 r
  Domain_1_TOP_U0/SYS_CTRL_U3/WR_INC (SYS_CTRL_test_1)
                                                          0.00       1.43 r
  Domain_1_TOP_U0/WR_INC (Domain_1_TOP_test_1)            0.00       1.43 r
  ASYNC_FIFO_U5/W_INC (ASYNC_FIFO_test_1)                 0.00       1.43 r
  ASYNC_FIFO_U5/U5/Y (NOR2BX2M)                           0.18       1.60 r
  ASYNC_FIFO_U5/U1/wclken (FIFO_MEM_CNTRL_test_1)         0.00       1.60 r
  ASYNC_FIFO_U5/U1/U92/Y (NOR2BX2M)                       0.27       1.87 r
  ASYNC_FIFO_U5/U1/U88/Y (NAND3X2M)                       0.30       2.18 f
  ASYNC_FIFO_U5/U1/U110/Y (OAI2BB2X1M)                    0.31       2.49 f
  ASYNC_FIFO_U5/U1/FIFO_MEM_reg[0][1]/D (SDFFRQX2M)       0.00       2.49 f
  data arrival time                                                  2.49

  clock scan_clk (rise edge)                            100.00     100.00
  clock network delay (ideal)                             0.00     100.00
  clock uncertainty                                      -0.20      99.80
  ASYNC_FIFO_U5/U1/FIFO_MEM_reg[0][1]/CK (SDFFRQX2M)      0.00      99.80 r
  library setup time                                     -0.41      99.39
  data required time                                                99.39
  --------------------------------------------------------------------------
  data required time                                                99.39
  data arrival time                                                 -2.49
  --------------------------------------------------------------------------
  slack (MET)                                                       96.91


  Startpoint: Domain_1_TOP_U0/SYS_CTRL_U3/cur_state_reg[0]
              (rising edge-triggered flip-flop clocked by scan_clk)
  Endpoint: ASYNC_FIFO_U5/U1/FIFO_MEM_reg[0][0]
            (rising edge-triggered flip-flop clocked by scan_clk)
  Path Group: scan_clk
  Path Type: max

  Point                                                   Incr       Path
  --------------------------------------------------------------------------
  clock scan_clk (rise edge)                              0.00       0.00
  clock network delay (ideal)                             0.00       0.00
  Domain_1_TOP_U0/SYS_CTRL_U3/cur_state_reg[0]/CK (SDFFRQX2M)
                                                          0.00       0.00 r
  Domain_1_TOP_U0/SYS_CTRL_U3/cur_state_reg[0]/Q (SDFFRQX2M)
                                                          0.45       0.45 r
  Domain_1_TOP_U0/SYS_CTRL_U3/U101/Y (INVX2M)             0.11       0.56 f
  Domain_1_TOP_U0/SYS_CTRL_U3/U61/Y (NOR2X2M)             0.25       0.81 r
  Domain_1_TOP_U0/SYS_CTRL_U3/U99/Y (AND4X2M)             0.36       1.17 r
  Domain_1_TOP_U0/SYS_CTRL_U3/U66/Y (NOR2X2M)             0.10       1.27 f
  Domain_1_TOP_U0/SYS_CTRL_U3/U50/Y (AOI21X2M)            0.16       1.43 r
  Domain_1_TOP_U0/SYS_CTRL_U3/WR_INC (SYS_CTRL_test_1)
                                                          0.00       1.43 r
  Domain_1_TOP_U0/WR_INC (Domain_1_TOP_test_1)            0.00       1.43 r
  ASYNC_FIFO_U5/W_INC (ASYNC_FIFO_test_1)                 0.00       1.43 r
  ASYNC_FIFO_U5/U5/Y (NOR2BX2M)                           0.18       1.60 r
  ASYNC_FIFO_U5/U1/wclken (FIFO_MEM_CNTRL_test_1)         0.00       1.60 r
  ASYNC_FIFO_U5/U1/U92/Y (NOR2BX2M)                       0.27       1.87 r
  ASYNC_FIFO_U5/U1/U88/Y (NAND3X2M)                       0.30       2.18 f
  ASYNC_FIFO_U5/U1/U109/Y (OAI2BB2X1M)                    0.31       2.49 f
  ASYNC_FIFO_U5/U1/FIFO_MEM_reg[0][0]/D (SDFFRQX2M)       0.00       2.49 f
  data arrival time                                                  2.49

  clock scan_clk (rise edge)                            100.00     100.00
  clock network delay (ideal)                             0.00     100.00
  clock uncertainty                                      -0.20      99.80
  ASYNC_FIFO_U5/U1/FIFO_MEM_reg[0][0]/CK (SDFFRQX2M)      0.00      99.80 r
  library setup time                                     -0.41      99.39
  data required time                                                99.39
  --------------------------------------------------------------------------
  data required time                                                99.39
  data arrival time                                                 -2.49
  --------------------------------------------------------------------------
  slack (MET)                                                       96.91


  Startpoint: Domain_1_TOP_U0/SYS_CTRL_U3/cur_state_reg[0]
              (rising edge-triggered flip-flop clocked by scan_clk)
  Endpoint: ASYNC_FIFO_U5/U1/FIFO_MEM_reg[2][7]
            (rising edge-triggered flip-flop clocked by scan_clk)
  Path Group: scan_clk
  Path Type: max

  Point                                                   Incr       Path
  --------------------------------------------------------------------------
  clock scan_clk (rise edge)                              0.00       0.00
  clock network delay (ideal)                             0.00       0.00
  Domain_1_TOP_U0/SYS_CTRL_U3/cur_state_reg[0]/CK (SDFFRQX2M)
                                                          0.00       0.00 r
  Domain_1_TOP_U0/SYS_CTRL_U3/cur_state_reg[0]/Q (SDFFRQX2M)
                                                          0.45       0.45 r
  Domain_1_TOP_U0/SYS_CTRL_U3/U101/Y (INVX2M)             0.11       0.56 f
  Domain_1_TOP_U0/SYS_CTRL_U3/U61/Y (NOR2X2M)             0.25       0.81 r
  Domain_1_TOP_U0/SYS_CTRL_U3/U99/Y (AND4X2M)             0.36       1.17 r
  Domain_1_TOP_U0/SYS_CTRL_U3/U66/Y (NOR2X2M)             0.10       1.27 f
  Domain_1_TOP_U0/SYS_CTRL_U3/U50/Y (AOI21X2M)            0.16       1.43 r
  Domain_1_TOP_U0/SYS_CTRL_U3/WR_INC (SYS_CTRL_test_1)
                                                          0.00       1.43 r
  Domain_1_TOP_U0/WR_INC (Domain_1_TOP_test_1)            0.00       1.43 r
  ASYNC_FIFO_U5/W_INC (ASYNC_FIFO_test_1)                 0.00       1.43 r
  ASYNC_FIFO_U5/U5/Y (NOR2BX2M)                           0.18       1.60 r
  ASYNC_FIFO_U5/U1/wclken (FIFO_MEM_CNTRL_test_1)         0.00       1.60 r
  ASYNC_FIFO_U5/U1/U92/Y (NOR2BX2M)                       0.27       1.87 r
  ASYNC_FIFO_U5/U1/U167/Y (NAND3X2M)                      0.12       1.99 f
  ASYNC_FIFO_U5/U1/U77/Y (BUFX2M)                         0.23       2.22 f
  ASYNC_FIFO_U5/U1/U155/Y (OAI2BB2X1M)                    0.24       2.47 f
  ASYNC_FIFO_U5/U1/FIFO_MEM_reg[2][7]/D (SDFFRQX2M)       0.00       2.47 f
  data arrival time                                                  2.47

  clock scan_clk (rise edge)                            100.00     100.00
  clock network delay (ideal)                             0.00     100.00
  clock uncertainty                                      -0.20      99.80
  ASYNC_FIFO_U5/U1/FIFO_MEM_reg[2][7]/CK (SDFFRQX2M)      0.00      99.80 r
  library setup time                                     -0.41      99.39
  data required time                                                99.39
  --------------------------------------------------------------------------
  data required time                                                99.39
  data arrival time                                                 -2.47
  --------------------------------------------------------------------------
  slack (MET)                                                       96.93


  Startpoint: Domain_1_TOP_U0/SYS_CTRL_U3/cur_state_reg[0]
              (rising edge-triggered flip-flop clocked by scan_clk)
  Endpoint: ASYNC_FIFO_U5/U1/FIFO_MEM_reg[2][6]
            (rising edge-triggered flip-flop clocked by scan_clk)
  Path Group: scan_clk
  Path Type: max

  Point                                                   Incr       Path
  --------------------------------------------------------------------------
  clock scan_clk (rise edge)                              0.00       0.00
  clock network delay (ideal)                             0.00       0.00
  Domain_1_TOP_U0/SYS_CTRL_U3/cur_state_reg[0]/CK (SDFFRQX2M)
                                                          0.00       0.00 r
  Domain_1_TOP_U0/SYS_CTRL_U3/cur_state_reg[0]/Q (SDFFRQX2M)
                                                          0.45       0.45 r
  Domain_1_TOP_U0/SYS_CTRL_U3/U101/Y (INVX2M)             0.11       0.56 f
  Domain_1_TOP_U0/SYS_CTRL_U3/U61/Y (NOR2X2M)             0.25       0.81 r
  Domain_1_TOP_U0/SYS_CTRL_U3/U99/Y (AND4X2M)             0.36       1.17 r
  Domain_1_TOP_U0/SYS_CTRL_U3/U66/Y (NOR2X2M)             0.10       1.27 f
  Domain_1_TOP_U0/SYS_CTRL_U3/U50/Y (AOI21X2M)            0.16       1.43 r
  Domain_1_TOP_U0/SYS_CTRL_U3/WR_INC (SYS_CTRL_test_1)
                                                          0.00       1.43 r
  Domain_1_TOP_U0/WR_INC (Domain_1_TOP_test_1)            0.00       1.43 r
  ASYNC_FIFO_U5/W_INC (ASYNC_FIFO_test_1)                 0.00       1.43 r
  ASYNC_FIFO_U5/U5/Y (NOR2BX2M)                           0.18       1.60 r
  ASYNC_FIFO_U5/U1/wclken (FIFO_MEM_CNTRL_test_1)         0.00       1.60 r
  ASYNC_FIFO_U5/U1/U92/Y (NOR2BX2M)                       0.27       1.87 r
  ASYNC_FIFO_U5/U1/U167/Y (NAND3X2M)                      0.12       1.99 f
  ASYNC_FIFO_U5/U1/U77/Y (BUFX2M)                         0.23       2.22 f
  ASYNC_FIFO_U5/U1/U154/Y (OAI2BB2X1M)                    0.24       2.47 f
  ASYNC_FIFO_U5/U1/FIFO_MEM_reg[2][6]/D (SDFFRQX2M)       0.00       2.47 f
  data arrival time                                                  2.47

  clock scan_clk (rise edge)                            100.00     100.00
  clock network delay (ideal)                             0.00     100.00
  clock uncertainty                                      -0.20      99.80
  ASYNC_FIFO_U5/U1/FIFO_MEM_reg[2][6]/CK (SDFFRQX2M)      0.00      99.80 r
  library setup time                                     -0.41      99.39
  data required time                                                99.39
  --------------------------------------------------------------------------
  data required time                                                99.39
  data arrival time                                                 -2.47
  --------------------------------------------------------------------------
  slack (MET)                                                       96.93


  Startpoint: Domain_1_TOP_U0/SYS_CTRL_U3/cur_state_reg[0]
              (rising edge-triggered flip-flop clocked by scan_clk)
  Endpoint: ASYNC_FIFO_U5/U1/FIFO_MEM_reg[2][5]
            (rising edge-triggered flip-flop clocked by scan_clk)
  Path Group: scan_clk
  Path Type: max

  Point                                                   Incr       Path
  --------------------------------------------------------------------------
  clock scan_clk (rise edge)                              0.00       0.00
  clock network delay (ideal)                             0.00       0.00
  Domain_1_TOP_U0/SYS_CTRL_U3/cur_state_reg[0]/CK (SDFFRQX2M)
                                                          0.00       0.00 r
  Domain_1_TOP_U0/SYS_CTRL_U3/cur_state_reg[0]/Q (SDFFRQX2M)
                                                          0.45       0.45 r
  Domain_1_TOP_U0/SYS_CTRL_U3/U101/Y (INVX2M)             0.11       0.56 f
  Domain_1_TOP_U0/SYS_CTRL_U3/U61/Y (NOR2X2M)             0.25       0.81 r
  Domain_1_TOP_U0/SYS_CTRL_U3/U99/Y (AND4X2M)             0.36       1.17 r
  Domain_1_TOP_U0/SYS_CTRL_U3/U66/Y (NOR2X2M)             0.10       1.27 f
  Domain_1_TOP_U0/SYS_CTRL_U3/U50/Y (AOI21X2M)            0.16       1.43 r
  Domain_1_TOP_U0/SYS_CTRL_U3/WR_INC (SYS_CTRL_test_1)
                                                          0.00       1.43 r
  Domain_1_TOP_U0/WR_INC (Domain_1_TOP_test_1)            0.00       1.43 r
  ASYNC_FIFO_U5/W_INC (ASYNC_FIFO_test_1)                 0.00       1.43 r
  ASYNC_FIFO_U5/U5/Y (NOR2BX2M)                           0.18       1.60 r
  ASYNC_FIFO_U5/U1/wclken (FIFO_MEM_CNTRL_test_1)         0.00       1.60 r
  ASYNC_FIFO_U5/U1/U92/Y (NOR2BX2M)                       0.27       1.87 r
  ASYNC_FIFO_U5/U1/U167/Y (NAND3X2M)                      0.12       1.99 f
  ASYNC_FIFO_U5/U1/U77/Y (BUFX2M)                         0.23       2.22 f
  ASYNC_FIFO_U5/U1/U153/Y (OAI2BB2X1M)                    0.24       2.47 f
  ASYNC_FIFO_U5/U1/FIFO_MEM_reg[2][5]/D (SDFFRQX2M)       0.00       2.47 f
  data arrival time                                                  2.47

  clock scan_clk (rise edge)                            100.00     100.00
  clock network delay (ideal)                             0.00     100.00
  clock uncertainty                                      -0.20      99.80
  ASYNC_FIFO_U5/U1/FIFO_MEM_reg[2][5]/CK (SDFFRQX2M)      0.00      99.80 r
  library setup time                                     -0.41      99.39
  data required time                                                99.39
  --------------------------------------------------------------------------
  data required time                                                99.39
  data arrival time                                                 -2.47
  --------------------------------------------------------------------------
  slack (MET)                                                       96.93


  Startpoint: Domain_1_TOP_U0/SYS_CTRL_U3/cur_state_reg[0]
              (rising edge-triggered flip-flop clocked by scan_clk)
  Endpoint: ASYNC_FIFO_U5/U1/FIFO_MEM_reg[2][4]
            (rising edge-triggered flip-flop clocked by scan_clk)
  Path Group: scan_clk
  Path Type: max

  Point                                                   Incr       Path
  --------------------------------------------------------------------------
  clock scan_clk (rise edge)                              0.00       0.00
  clock network delay (ideal)                             0.00       0.00
  Domain_1_TOP_U0/SYS_CTRL_U3/cur_state_reg[0]/CK (SDFFRQX2M)
                                                          0.00       0.00 r
  Domain_1_TOP_U0/SYS_CTRL_U3/cur_state_reg[0]/Q (SDFFRQX2M)
                                                          0.45       0.45 r
  Domain_1_TOP_U0/SYS_CTRL_U3/U101/Y (INVX2M)             0.11       0.56 f
  Domain_1_TOP_U0/SYS_CTRL_U3/U61/Y (NOR2X2M)             0.25       0.81 r
  Domain_1_TOP_U0/SYS_CTRL_U3/U99/Y (AND4X2M)             0.36       1.17 r
  Domain_1_TOP_U0/SYS_CTRL_U3/U66/Y (NOR2X2M)             0.10       1.27 f
  Domain_1_TOP_U0/SYS_CTRL_U3/U50/Y (AOI21X2M)            0.16       1.43 r
  Domain_1_TOP_U0/SYS_CTRL_U3/WR_INC (SYS_CTRL_test_1)
                                                          0.00       1.43 r
  Domain_1_TOP_U0/WR_INC (Domain_1_TOP_test_1)            0.00       1.43 r
  ASYNC_FIFO_U5/W_INC (ASYNC_FIFO_test_1)                 0.00       1.43 r
  ASYNC_FIFO_U5/U5/Y (NOR2BX2M)                           0.18       1.60 r
  ASYNC_FIFO_U5/U1/wclken (FIFO_MEM_CNTRL_test_1)         0.00       1.60 r
  ASYNC_FIFO_U5/U1/U92/Y (NOR2BX2M)                       0.27       1.87 r
  ASYNC_FIFO_U5/U1/U167/Y (NAND3X2M)                      0.12       1.99 f
  ASYNC_FIFO_U5/U1/U77/Y (BUFX2M)                         0.23       2.22 f
  ASYNC_FIFO_U5/U1/U152/Y (OAI2BB2X1M)                    0.24       2.47 f
  ASYNC_FIFO_U5/U1/FIFO_MEM_reg[2][4]/D (SDFFRQX2M)       0.00       2.47 f
  data arrival time                                                  2.47

  clock scan_clk (rise edge)                            100.00     100.00
  clock network delay (ideal)                             0.00     100.00
  clock uncertainty                                      -0.20      99.80
  ASYNC_FIFO_U5/U1/FIFO_MEM_reg[2][4]/CK (SDFFRQX2M)      0.00      99.80 r
  library setup time                                     -0.41      99.39
  data required time                                                99.39
  --------------------------------------------------------------------------
  data required time                                                99.39
  data arrival time                                                 -2.47
  --------------------------------------------------------------------------
  slack (MET)                                                       96.93


  Startpoint: Domain_1_TOP_U0/SYS_CTRL_U3/cur_state_reg[0]
              (rising edge-triggered flip-flop clocked by scan_clk)
  Endpoint: ASYNC_FIFO_U5/U1/FIFO_MEM_reg[2][3]
            (rising edge-triggered flip-flop clocked by scan_clk)
  Path Group: scan_clk
  Path Type: max

  Point                                                   Incr       Path
  --------------------------------------------------------------------------
  clock scan_clk (rise edge)                              0.00       0.00
  clock network delay (ideal)                             0.00       0.00
  Domain_1_TOP_U0/SYS_CTRL_U3/cur_state_reg[0]/CK (SDFFRQX2M)
                                                          0.00       0.00 r
  Domain_1_TOP_U0/SYS_CTRL_U3/cur_state_reg[0]/Q (SDFFRQX2M)
                                                          0.45       0.45 r
  Domain_1_TOP_U0/SYS_CTRL_U3/U101/Y (INVX2M)             0.11       0.56 f
  Domain_1_TOP_U0/SYS_CTRL_U3/U61/Y (NOR2X2M)             0.25       0.81 r
  Domain_1_TOP_U0/SYS_CTRL_U3/U99/Y (AND4X2M)             0.36       1.17 r
  Domain_1_TOP_U0/SYS_CTRL_U3/U66/Y (NOR2X2M)             0.10       1.27 f
  Domain_1_TOP_U0/SYS_CTRL_U3/U50/Y (AOI21X2M)            0.16       1.43 r
  Domain_1_TOP_U0/SYS_CTRL_U3/WR_INC (SYS_CTRL_test_1)
                                                          0.00       1.43 r
  Domain_1_TOP_U0/WR_INC (Domain_1_TOP_test_1)            0.00       1.43 r
  ASYNC_FIFO_U5/W_INC (ASYNC_FIFO_test_1)                 0.00       1.43 r
  ASYNC_FIFO_U5/U5/Y (NOR2BX2M)                           0.18       1.60 r
  ASYNC_FIFO_U5/U1/wclken (FIFO_MEM_CNTRL_test_1)         0.00       1.60 r
  ASYNC_FIFO_U5/U1/U92/Y (NOR2BX2M)                       0.27       1.87 r
  ASYNC_FIFO_U5/U1/U167/Y (NAND3X2M)                      0.12       1.99 f
  ASYNC_FIFO_U5/U1/U77/Y (BUFX2M)                         0.23       2.22 f
  ASYNC_FIFO_U5/U1/U151/Y (OAI2BB2X1M)                    0.24       2.47 f
  ASYNC_FIFO_U5/U1/FIFO_MEM_reg[2][3]/D (SDFFRQX2M)       0.00       2.47 f
  data arrival time                                                  2.47

  clock scan_clk (rise edge)                            100.00     100.00
  clock network delay (ideal)                             0.00     100.00
  clock uncertainty                                      -0.20      99.80
  ASYNC_FIFO_U5/U1/FIFO_MEM_reg[2][3]/CK (SDFFRQX2M)      0.00      99.80 r
  library setup time                                     -0.41      99.39
  data required time                                                99.39
  --------------------------------------------------------------------------
  data required time                                                99.39
  data arrival time                                                 -2.47
  --------------------------------------------------------------------------
  slack (MET)                                                       96.93


  Startpoint: Domain_1_TOP_U0/SYS_CTRL_U3/cur_state_reg[0]
              (rising edge-triggered flip-flop clocked by scan_clk)
  Endpoint: ASYNC_FIFO_U5/U1/FIFO_MEM_reg[2][2]
            (rising edge-triggered flip-flop clocked by scan_clk)
  Path Group: scan_clk
  Path Type: max

  Point                                                   Incr       Path
  --------------------------------------------------------------------------
  clock scan_clk (rise edge)                              0.00       0.00
  clock network delay (ideal)                             0.00       0.00
  Domain_1_TOP_U0/SYS_CTRL_U3/cur_state_reg[0]/CK (SDFFRQX2M)
                                                          0.00       0.00 r
  Domain_1_TOP_U0/SYS_CTRL_U3/cur_state_reg[0]/Q (SDFFRQX2M)
                                                          0.45       0.45 r
  Domain_1_TOP_U0/SYS_CTRL_U3/U101/Y (INVX2M)             0.11       0.56 f
  Domain_1_TOP_U0/SYS_CTRL_U3/U61/Y (NOR2X2M)             0.25       0.81 r
  Domain_1_TOP_U0/SYS_CTRL_U3/U99/Y (AND4X2M)             0.36       1.17 r
  Domain_1_TOP_U0/SYS_CTRL_U3/U66/Y (NOR2X2M)             0.10       1.27 f
  Domain_1_TOP_U0/SYS_CTRL_U3/U50/Y (AOI21X2M)            0.16       1.43 r
  Domain_1_TOP_U0/SYS_CTRL_U3/WR_INC (SYS_CTRL_test_1)
                                                          0.00       1.43 r
  Domain_1_TOP_U0/WR_INC (Domain_1_TOP_test_1)            0.00       1.43 r
  ASYNC_FIFO_U5/W_INC (ASYNC_FIFO_test_1)                 0.00       1.43 r
  ASYNC_FIFO_U5/U5/Y (NOR2BX2M)                           0.18       1.60 r
  ASYNC_FIFO_U5/U1/wclken (FIFO_MEM_CNTRL_test_1)         0.00       1.60 r
  ASYNC_FIFO_U5/U1/U92/Y (NOR2BX2M)                       0.27       1.87 r
  ASYNC_FIFO_U5/U1/U167/Y (NAND3X2M)                      0.12       1.99 f
  ASYNC_FIFO_U5/U1/U77/Y (BUFX2M)                         0.23       2.22 f
  ASYNC_FIFO_U5/U1/U150/Y (OAI2BB2X1M)                    0.24       2.47 f
  ASYNC_FIFO_U5/U1/FIFO_MEM_reg[2][2]/D (SDFFRQX2M)       0.00       2.47 f
  data arrival time                                                  2.47

  clock scan_clk (rise edge)                            100.00     100.00
  clock network delay (ideal)                             0.00     100.00
  clock uncertainty                                      -0.20      99.80
  ASYNC_FIFO_U5/U1/FIFO_MEM_reg[2][2]/CK (SDFFRQX2M)      0.00      99.80 r
  library setup time                                     -0.41      99.39
  data required time                                                99.39
  --------------------------------------------------------------------------
  data required time                                                99.39
  data arrival time                                                 -2.47
  --------------------------------------------------------------------------
  slack (MET)                                                       96.93


  Startpoint: Domain_1_TOP_U0/SYS_CTRL_U3/cur_state_reg[0]
              (rising edge-triggered flip-flop clocked by scan_clk)
  Endpoint: ASYNC_FIFO_U5/U1/FIFO_MEM_reg[2][1]
            (rising edge-triggered flip-flop clocked by scan_clk)
  Path Group: scan_clk
  Path Type: max

  Point                                                   Incr       Path
  --------------------------------------------------------------------------
  clock scan_clk (rise edge)                              0.00       0.00
  clock network delay (ideal)                             0.00       0.00
  Domain_1_TOP_U0/SYS_CTRL_U3/cur_state_reg[0]/CK (SDFFRQX2M)
                                                          0.00       0.00 r
  Domain_1_TOP_U0/SYS_CTRL_U3/cur_state_reg[0]/Q (SDFFRQX2M)
                                                          0.45       0.45 r
  Domain_1_TOP_U0/SYS_CTRL_U3/U101/Y (INVX2M)             0.11       0.56 f
  Domain_1_TOP_U0/SYS_CTRL_U3/U61/Y (NOR2X2M)             0.25       0.81 r
  Domain_1_TOP_U0/SYS_CTRL_U3/U99/Y (AND4X2M)             0.36       1.17 r
  Domain_1_TOP_U0/SYS_CTRL_U3/U66/Y (NOR2X2M)             0.10       1.27 f
  Domain_1_TOP_U0/SYS_CTRL_U3/U50/Y (AOI21X2M)            0.16       1.43 r
  Domain_1_TOP_U0/SYS_CTRL_U3/WR_INC (SYS_CTRL_test_1)
                                                          0.00       1.43 r
  Domain_1_TOP_U0/WR_INC (Domain_1_TOP_test_1)            0.00       1.43 r
  ASYNC_FIFO_U5/W_INC (ASYNC_FIFO_test_1)                 0.00       1.43 r
  ASYNC_FIFO_U5/U5/Y (NOR2BX2M)                           0.18       1.60 r
  ASYNC_FIFO_U5/U1/wclken (FIFO_MEM_CNTRL_test_1)         0.00       1.60 r
  ASYNC_FIFO_U5/U1/U92/Y (NOR2BX2M)                       0.27       1.87 r
  ASYNC_FIFO_U5/U1/U167/Y (NAND3X2M)                      0.12       1.99 f
  ASYNC_FIFO_U5/U1/U77/Y (BUFX2M)                         0.23       2.22 f
  ASYNC_FIFO_U5/U1/U149/Y (OAI2BB2X1M)                    0.24       2.47 f
  ASYNC_FIFO_U5/U1/FIFO_MEM_reg[2][1]/D (SDFFRQX2M)       0.00       2.47 f
  data arrival time                                                  2.47

  clock scan_clk (rise edge)                            100.00     100.00
  clock network delay (ideal)                             0.00     100.00
  clock uncertainty                                      -0.20      99.80
  ASYNC_FIFO_U5/U1/FIFO_MEM_reg[2][1]/CK (SDFFRQX2M)      0.00      99.80 r
  library setup time                                     -0.41      99.39
  data required time                                                99.39
  --------------------------------------------------------------------------
  data required time                                                99.39
  data arrival time                                                 -2.47
  --------------------------------------------------------------------------
  slack (MET)                                                       96.93


  Startpoint: Domain_1_TOP_U0/SYS_CTRL_U3/cur_state_reg[0]
              (rising edge-triggered flip-flop clocked by scan_clk)
  Endpoint: ASYNC_FIFO_U5/U1/FIFO_MEM_reg[2][0]
            (rising edge-triggered flip-flop clocked by scan_clk)
  Path Group: scan_clk
  Path Type: max

  Point                                                   Incr       Path
  --------------------------------------------------------------------------
  clock scan_clk (rise edge)                              0.00       0.00
  clock network delay (ideal)                             0.00       0.00
  Domain_1_TOP_U0/SYS_CTRL_U3/cur_state_reg[0]/CK (SDFFRQX2M)
                                                          0.00       0.00 r
  Domain_1_TOP_U0/SYS_CTRL_U3/cur_state_reg[0]/Q (SDFFRQX2M)
                                                          0.45       0.45 r
  Domain_1_TOP_U0/SYS_CTRL_U3/U101/Y (INVX2M)             0.11       0.56 f
  Domain_1_TOP_U0/SYS_CTRL_U3/U61/Y (NOR2X2M)             0.25       0.81 r
  Domain_1_TOP_U0/SYS_CTRL_U3/U99/Y (AND4X2M)             0.36       1.17 r
  Domain_1_TOP_U0/SYS_CTRL_U3/U66/Y (NOR2X2M)             0.10       1.27 f
  Domain_1_TOP_U0/SYS_CTRL_U3/U50/Y (AOI21X2M)            0.16       1.43 r
  Domain_1_TOP_U0/SYS_CTRL_U3/WR_INC (SYS_CTRL_test_1)
                                                          0.00       1.43 r
  Domain_1_TOP_U0/WR_INC (Domain_1_TOP_test_1)            0.00       1.43 r
  ASYNC_FIFO_U5/W_INC (ASYNC_FIFO_test_1)                 0.00       1.43 r
  ASYNC_FIFO_U5/U5/Y (NOR2BX2M)                           0.18       1.60 r
  ASYNC_FIFO_U5/U1/wclken (FIFO_MEM_CNTRL_test_1)         0.00       1.60 r
  ASYNC_FIFO_U5/U1/U92/Y (NOR2BX2M)                       0.27       1.87 r
  ASYNC_FIFO_U5/U1/U167/Y (NAND3X2M)                      0.12       1.99 f
  ASYNC_FIFO_U5/U1/U77/Y (BUFX2M)                         0.23       2.22 f
  ASYNC_FIFO_U5/U1/U148/Y (OAI2BB2X1M)                    0.24       2.47 f
  ASYNC_FIFO_U5/U1/FIFO_MEM_reg[2][0]/D (SDFFRQX2M)       0.00       2.47 f
  data arrival time                                                  2.47

  clock scan_clk (rise edge)                            100.00     100.00
  clock network delay (ideal)                             0.00     100.00
  clock uncertainty                                      -0.20      99.80
  ASYNC_FIFO_U5/U1/FIFO_MEM_reg[2][0]/CK (SDFFRQX2M)      0.00      99.80 r
  library setup time                                     -0.41      99.39
  data required time                                                99.39
  --------------------------------------------------------------------------
  data required time                                                99.39
  data arrival time                                                 -2.47
  --------------------------------------------------------------------------
  slack (MET)                                                       96.93


  Startpoint: Domain_1_TOP_U0/SYS_CTRL_U3/cur_state_reg[0]
              (rising edge-triggered flip-flop clocked by scan_clk)
  Endpoint: ASYNC_FIFO_U5/U1/FIFO_MEM_reg[3][7]
            (rising edge-triggered flip-flop clocked by scan_clk)
  Path Group: scan_clk
  Path Type: max

  Point                                                   Incr       Path
  --------------------------------------------------------------------------
  clock scan_clk (rise edge)                              0.00       0.00
  clock network delay (ideal)                             0.00       0.00
  Domain_1_TOP_U0/SYS_CTRL_U3/cur_state_reg[0]/CK (SDFFRQX2M)
                                                          0.00       0.00 r
  Domain_1_TOP_U0/SYS_CTRL_U3/cur_state_reg[0]/Q (SDFFRQX2M)
                                                          0.45       0.45 r
  Domain_1_TOP_U0/SYS_CTRL_U3/U101/Y (INVX2M)             0.11       0.56 f
  Domain_1_TOP_U0/SYS_CTRL_U3/U61/Y (NOR2X2M)             0.25       0.81 r
  Domain_1_TOP_U0/SYS_CTRL_U3/U99/Y (AND4X2M)             0.36       1.17 r
  Domain_1_TOP_U0/SYS_CTRL_U3/U66/Y (NOR2X2M)             0.10       1.27 f
  Domain_1_TOP_U0/SYS_CTRL_U3/U50/Y (AOI21X2M)            0.16       1.43 r
  Domain_1_TOP_U0/SYS_CTRL_U3/WR_INC (SYS_CTRL_test_1)
                                                          0.00       1.43 r
  Domain_1_TOP_U0/WR_INC (Domain_1_TOP_test_1)            0.00       1.43 r
  ASYNC_FIFO_U5/W_INC (ASYNC_FIFO_test_1)                 0.00       1.43 r
  ASYNC_FIFO_U5/U5/Y (NOR2BX2M)                           0.18       1.60 r
  ASYNC_FIFO_U5/U1/wclken (FIFO_MEM_CNTRL_test_1)         0.00       1.60 r
  ASYNC_FIFO_U5/U1/U92/Y (NOR2BX2M)                       0.27       1.87 r
  ASYNC_FIFO_U5/U1/U166/Y (NAND3X2M)                      0.12       1.99 f
  ASYNC_FIFO_U5/U1/U76/Y (BUFX2M)                         0.23       2.22 f
  ASYNC_FIFO_U5/U1/U147/Y (OAI2BB2X1M)                    0.24       2.47 f
  ASYNC_FIFO_U5/U1/FIFO_MEM_reg[3][7]/D (SDFFRQX2M)       0.00       2.47 f
  data arrival time                                                  2.47

  clock scan_clk (rise edge)                            100.00     100.00
  clock network delay (ideal)                             0.00     100.00
  clock uncertainty                                      -0.20      99.80
  ASYNC_FIFO_U5/U1/FIFO_MEM_reg[3][7]/CK (SDFFRQX2M)      0.00      99.80 r
  library setup time                                     -0.41      99.39
  data required time                                                99.39
  --------------------------------------------------------------------------
  data required time                                                99.39
  data arrival time                                                 -2.47
  --------------------------------------------------------------------------
  slack (MET)                                                       96.93


  Startpoint: Domain_1_TOP_U0/SYS_CTRL_U3/cur_state_reg[0]
              (rising edge-triggered flip-flop clocked by scan_clk)
  Endpoint: ASYNC_FIFO_U5/U1/FIFO_MEM_reg[3][6]
            (rising edge-triggered flip-flop clocked by scan_clk)
  Path Group: scan_clk
  Path Type: max

  Point                                                   Incr       Path
  --------------------------------------------------------------------------
  clock scan_clk (rise edge)                              0.00       0.00
  clock network delay (ideal)                             0.00       0.00
  Domain_1_TOP_U0/SYS_CTRL_U3/cur_state_reg[0]/CK (SDFFRQX2M)
                                                          0.00       0.00 r
  Domain_1_TOP_U0/SYS_CTRL_U3/cur_state_reg[0]/Q (SDFFRQX2M)
                                                          0.45       0.45 r
  Domain_1_TOP_U0/SYS_CTRL_U3/U101/Y (INVX2M)             0.11       0.56 f
  Domain_1_TOP_U0/SYS_CTRL_U3/U61/Y (NOR2X2M)             0.25       0.81 r
  Domain_1_TOP_U0/SYS_CTRL_U3/U99/Y (AND4X2M)             0.36       1.17 r
  Domain_1_TOP_U0/SYS_CTRL_U3/U66/Y (NOR2X2M)             0.10       1.27 f
  Domain_1_TOP_U0/SYS_CTRL_U3/U50/Y (AOI21X2M)            0.16       1.43 r
  Domain_1_TOP_U0/SYS_CTRL_U3/WR_INC (SYS_CTRL_test_1)
                                                          0.00       1.43 r
  Domain_1_TOP_U0/WR_INC (Domain_1_TOP_test_1)            0.00       1.43 r
  ASYNC_FIFO_U5/W_INC (ASYNC_FIFO_test_1)                 0.00       1.43 r
  ASYNC_FIFO_U5/U5/Y (NOR2BX2M)                           0.18       1.60 r
  ASYNC_FIFO_U5/U1/wclken (FIFO_MEM_CNTRL_test_1)         0.00       1.60 r
  ASYNC_FIFO_U5/U1/U92/Y (NOR2BX2M)                       0.27       1.87 r
  ASYNC_FIFO_U5/U1/U166/Y (NAND3X2M)                      0.12       1.99 f
  ASYNC_FIFO_U5/U1/U76/Y (BUFX2M)                         0.23       2.22 f
  ASYNC_FIFO_U5/U1/U146/Y (OAI2BB2X1M)                    0.24       2.47 f
  ASYNC_FIFO_U5/U1/FIFO_MEM_reg[3][6]/D (SDFFRQX2M)       0.00       2.47 f
  data arrival time                                                  2.47

  clock scan_clk (rise edge)                            100.00     100.00
  clock network delay (ideal)                             0.00     100.00
  clock uncertainty                                      -0.20      99.80
  ASYNC_FIFO_U5/U1/FIFO_MEM_reg[3][6]/CK (SDFFRQX2M)      0.00      99.80 r
  library setup time                                     -0.41      99.39
  data required time                                                99.39
  --------------------------------------------------------------------------
  data required time                                                99.39
  data arrival time                                                 -2.47
  --------------------------------------------------------------------------
  slack (MET)                                                       96.93


  Startpoint: Domain_1_TOP_U0/SYS_CTRL_U3/cur_state_reg[0]
              (rising edge-triggered flip-flop clocked by scan_clk)
  Endpoint: ASYNC_FIFO_U5/U1/FIFO_MEM_reg[3][5]
            (rising edge-triggered flip-flop clocked by scan_clk)
  Path Group: scan_clk
  Path Type: max

  Point                                                   Incr       Path
  --------------------------------------------------------------------------
  clock scan_clk (rise edge)                              0.00       0.00
  clock network delay (ideal)                             0.00       0.00
  Domain_1_TOP_U0/SYS_CTRL_U3/cur_state_reg[0]/CK (SDFFRQX2M)
                                                          0.00       0.00 r
  Domain_1_TOP_U0/SYS_CTRL_U3/cur_state_reg[0]/Q (SDFFRQX2M)
                                                          0.45       0.45 r
  Domain_1_TOP_U0/SYS_CTRL_U3/U101/Y (INVX2M)             0.11       0.56 f
  Domain_1_TOP_U0/SYS_CTRL_U3/U61/Y (NOR2X2M)             0.25       0.81 r
  Domain_1_TOP_U0/SYS_CTRL_U3/U99/Y (AND4X2M)             0.36       1.17 r
  Domain_1_TOP_U0/SYS_CTRL_U3/U66/Y (NOR2X2M)             0.10       1.27 f
  Domain_1_TOP_U0/SYS_CTRL_U3/U50/Y (AOI21X2M)            0.16       1.43 r
  Domain_1_TOP_U0/SYS_CTRL_U3/WR_INC (SYS_CTRL_test_1)
                                                          0.00       1.43 r
  Domain_1_TOP_U0/WR_INC (Domain_1_TOP_test_1)            0.00       1.43 r
  ASYNC_FIFO_U5/W_INC (ASYNC_FIFO_test_1)                 0.00       1.43 r
  ASYNC_FIFO_U5/U5/Y (NOR2BX2M)                           0.18       1.60 r
  ASYNC_FIFO_U5/U1/wclken (FIFO_MEM_CNTRL_test_1)         0.00       1.60 r
  ASYNC_FIFO_U5/U1/U92/Y (NOR2BX2M)                       0.27       1.87 r
  ASYNC_FIFO_U5/U1/U166/Y (NAND3X2M)                      0.12       1.99 f
  ASYNC_FIFO_U5/U1/U76/Y (BUFX2M)                         0.23       2.22 f
  ASYNC_FIFO_U5/U1/U145/Y (OAI2BB2X1M)                    0.24       2.47 f
  ASYNC_FIFO_U5/U1/FIFO_MEM_reg[3][5]/D (SDFFRQX2M)       0.00       2.47 f
  data arrival time                                                  2.47

  clock scan_clk (rise edge)                            100.00     100.00
  clock network delay (ideal)                             0.00     100.00
  clock uncertainty                                      -0.20      99.80
  ASYNC_FIFO_U5/U1/FIFO_MEM_reg[3][5]/CK (SDFFRQX2M)      0.00      99.80 r
  library setup time                                     -0.41      99.39
  data required time                                                99.39
  --------------------------------------------------------------------------
  data required time                                                99.39
  data arrival time                                                 -2.47
  --------------------------------------------------------------------------
  slack (MET)                                                       96.93


  Startpoint: Domain_1_TOP_U0/SYS_CTRL_U3/cur_state_reg[0]
              (rising edge-triggered flip-flop clocked by scan_clk)
  Endpoint: ASYNC_FIFO_U5/U1/FIFO_MEM_reg[3][4]
            (rising edge-triggered flip-flop clocked by scan_clk)
  Path Group: scan_clk
  Path Type: max

  Point                                                   Incr       Path
  --------------------------------------------------------------------------
  clock scan_clk (rise edge)                              0.00       0.00
  clock network delay (ideal)                             0.00       0.00
  Domain_1_TOP_U0/SYS_CTRL_U3/cur_state_reg[0]/CK (SDFFRQX2M)
                                                          0.00       0.00 r
  Domain_1_TOP_U0/SYS_CTRL_U3/cur_state_reg[0]/Q (SDFFRQX2M)
                                                          0.45       0.45 r
  Domain_1_TOP_U0/SYS_CTRL_U3/U101/Y (INVX2M)             0.11       0.56 f
  Domain_1_TOP_U0/SYS_CTRL_U3/U61/Y (NOR2X2M)             0.25       0.81 r
  Domain_1_TOP_U0/SYS_CTRL_U3/U99/Y (AND4X2M)             0.36       1.17 r
  Domain_1_TOP_U0/SYS_CTRL_U3/U66/Y (NOR2X2M)             0.10       1.27 f
  Domain_1_TOP_U0/SYS_CTRL_U3/U50/Y (AOI21X2M)            0.16       1.43 r
  Domain_1_TOP_U0/SYS_CTRL_U3/WR_INC (SYS_CTRL_test_1)
                                                          0.00       1.43 r
  Domain_1_TOP_U0/WR_INC (Domain_1_TOP_test_1)            0.00       1.43 r
  ASYNC_FIFO_U5/W_INC (ASYNC_FIFO_test_1)                 0.00       1.43 r
  ASYNC_FIFO_U5/U5/Y (NOR2BX2M)                           0.18       1.60 r
  ASYNC_FIFO_U5/U1/wclken (FIFO_MEM_CNTRL_test_1)         0.00       1.60 r
  ASYNC_FIFO_U5/U1/U92/Y (NOR2BX2M)                       0.27       1.87 r
  ASYNC_FIFO_U5/U1/U166/Y (NAND3X2M)                      0.12       1.99 f
  ASYNC_FIFO_U5/U1/U76/Y (BUFX2M)                         0.23       2.22 f
  ASYNC_FIFO_U5/U1/U144/Y (OAI2BB2X1M)                    0.24       2.47 f
  ASYNC_FIFO_U5/U1/FIFO_MEM_reg[3][4]/D (SDFFRQX2M)       0.00       2.47 f
  data arrival time                                                  2.47

  clock scan_clk (rise edge)                            100.00     100.00
  clock network delay (ideal)                             0.00     100.00
  clock uncertainty                                      -0.20      99.80
  ASYNC_FIFO_U5/U1/FIFO_MEM_reg[3][4]/CK (SDFFRQX2M)      0.00      99.80 r
  library setup time                                     -0.41      99.39
  data required time                                                99.39
  --------------------------------------------------------------------------
  data required time                                                99.39
  data arrival time                                                 -2.47
  --------------------------------------------------------------------------
  slack (MET)                                                       96.93


  Startpoint: Domain_1_TOP_U0/SYS_CTRL_U3/cur_state_reg[0]
              (rising edge-triggered flip-flop clocked by scan_clk)
  Endpoint: ASYNC_FIFO_U5/U1/FIFO_MEM_reg[3][3]
            (rising edge-triggered flip-flop clocked by scan_clk)
  Path Group: scan_clk
  Path Type: max

  Point                                                   Incr       Path
  --------------------------------------------------------------------------
  clock scan_clk (rise edge)                              0.00       0.00
  clock network delay (ideal)                             0.00       0.00
  Domain_1_TOP_U0/SYS_CTRL_U3/cur_state_reg[0]/CK (SDFFRQX2M)
                                                          0.00       0.00 r
  Domain_1_TOP_U0/SYS_CTRL_U3/cur_state_reg[0]/Q (SDFFRQX2M)
                                                          0.45       0.45 r
  Domain_1_TOP_U0/SYS_CTRL_U3/U101/Y (INVX2M)             0.11       0.56 f
  Domain_1_TOP_U0/SYS_CTRL_U3/U61/Y (NOR2X2M)             0.25       0.81 r
  Domain_1_TOP_U0/SYS_CTRL_U3/U99/Y (AND4X2M)             0.36       1.17 r
  Domain_1_TOP_U0/SYS_CTRL_U3/U66/Y (NOR2X2M)             0.10       1.27 f
  Domain_1_TOP_U0/SYS_CTRL_U3/U50/Y (AOI21X2M)            0.16       1.43 r
  Domain_1_TOP_U0/SYS_CTRL_U3/WR_INC (SYS_CTRL_test_1)
                                                          0.00       1.43 r
  Domain_1_TOP_U0/WR_INC (Domain_1_TOP_test_1)            0.00       1.43 r
  ASYNC_FIFO_U5/W_INC (ASYNC_FIFO_test_1)                 0.00       1.43 r
  ASYNC_FIFO_U5/U5/Y (NOR2BX2M)                           0.18       1.60 r
  ASYNC_FIFO_U5/U1/wclken (FIFO_MEM_CNTRL_test_1)         0.00       1.60 r
  ASYNC_FIFO_U5/U1/U92/Y (NOR2BX2M)                       0.27       1.87 r
  ASYNC_FIFO_U5/U1/U166/Y (NAND3X2M)                      0.12       1.99 f
  ASYNC_FIFO_U5/U1/U76/Y (BUFX2M)                         0.23       2.22 f
  ASYNC_FIFO_U5/U1/U143/Y (OAI2BB2X1M)                    0.24       2.47 f
  ASYNC_FIFO_U5/U1/FIFO_MEM_reg[3][3]/D (SDFFRQX2M)       0.00       2.47 f
  data arrival time                                                  2.47

  clock scan_clk (rise edge)                            100.00     100.00
  clock network delay (ideal)                             0.00     100.00
  clock uncertainty                                      -0.20      99.80
  ASYNC_FIFO_U5/U1/FIFO_MEM_reg[3][3]/CK (SDFFRQX2M)      0.00      99.80 r
  library setup time                                     -0.41      99.39
  data required time                                                99.39
  --------------------------------------------------------------------------
  data required time                                                99.39
  data arrival time                                                 -2.47
  --------------------------------------------------------------------------
  slack (MET)                                                       96.93


  Startpoint: Domain_1_TOP_U0/SYS_CTRL_U3/cur_state_reg[0]
              (rising edge-triggered flip-flop clocked by scan_clk)
  Endpoint: ASYNC_FIFO_U5/U1/FIFO_MEM_reg[3][2]
            (rising edge-triggered flip-flop clocked by scan_clk)
  Path Group: scan_clk
  Path Type: max

  Point                                                   Incr       Path
  --------------------------------------------------------------------------
  clock scan_clk (rise edge)                              0.00       0.00
  clock network delay (ideal)                             0.00       0.00
  Domain_1_TOP_U0/SYS_CTRL_U3/cur_state_reg[0]/CK (SDFFRQX2M)
                                                          0.00       0.00 r
  Domain_1_TOP_U0/SYS_CTRL_U3/cur_state_reg[0]/Q (SDFFRQX2M)
                                                          0.45       0.45 r
  Domain_1_TOP_U0/SYS_CTRL_U3/U101/Y (INVX2M)             0.11       0.56 f
  Domain_1_TOP_U0/SYS_CTRL_U3/U61/Y (NOR2X2M)             0.25       0.81 r
  Domain_1_TOP_U0/SYS_CTRL_U3/U99/Y (AND4X2M)             0.36       1.17 r
  Domain_1_TOP_U0/SYS_CTRL_U3/U66/Y (NOR2X2M)             0.10       1.27 f
  Domain_1_TOP_U0/SYS_CTRL_U3/U50/Y (AOI21X2M)            0.16       1.43 r
  Domain_1_TOP_U0/SYS_CTRL_U3/WR_INC (SYS_CTRL_test_1)
                                                          0.00       1.43 r
  Domain_1_TOP_U0/WR_INC (Domain_1_TOP_test_1)            0.00       1.43 r
  ASYNC_FIFO_U5/W_INC (ASYNC_FIFO_test_1)                 0.00       1.43 r
  ASYNC_FIFO_U5/U5/Y (NOR2BX2M)                           0.18       1.60 r
  ASYNC_FIFO_U5/U1/wclken (FIFO_MEM_CNTRL_test_1)         0.00       1.60 r
  ASYNC_FIFO_U5/U1/U92/Y (NOR2BX2M)                       0.27       1.87 r
  ASYNC_FIFO_U5/U1/U166/Y (NAND3X2M)                      0.12       1.99 f
  ASYNC_FIFO_U5/U1/U76/Y (BUFX2M)                         0.23       2.22 f
  ASYNC_FIFO_U5/U1/U142/Y (OAI2BB2X1M)                    0.24       2.47 f
  ASYNC_FIFO_U5/U1/FIFO_MEM_reg[3][2]/D (SDFFRQX2M)       0.00       2.47 f
  data arrival time                                                  2.47

  clock scan_clk (rise edge)                            100.00     100.00
  clock network delay (ideal)                             0.00     100.00
  clock uncertainty                                      -0.20      99.80
  ASYNC_FIFO_U5/U1/FIFO_MEM_reg[3][2]/CK (SDFFRQX2M)      0.00      99.80 r
  library setup time                                     -0.41      99.39
  data required time                                                99.39
  --------------------------------------------------------------------------
  data required time                                                99.39
  data arrival time                                                 -2.47
  --------------------------------------------------------------------------
  slack (MET)                                                       96.93


  Startpoint: Domain_1_TOP_U0/SYS_CTRL_U3/cur_state_reg[0]
              (rising edge-triggered flip-flop clocked by scan_clk)
  Endpoint: ASYNC_FIFO_U5/U1/FIFO_MEM_reg[3][1]
            (rising edge-triggered flip-flop clocked by scan_clk)
  Path Group: scan_clk
  Path Type: max

  Point                                                   Incr       Path
  --------------------------------------------------------------------------
  clock scan_clk (rise edge)                              0.00       0.00
  clock network delay (ideal)                             0.00       0.00
  Domain_1_TOP_U0/SYS_CTRL_U3/cur_state_reg[0]/CK (SDFFRQX2M)
                                                          0.00       0.00 r
  Domain_1_TOP_U0/SYS_CTRL_U3/cur_state_reg[0]/Q (SDFFRQX2M)
                                                          0.45       0.45 r
  Domain_1_TOP_U0/SYS_CTRL_U3/U101/Y (INVX2M)             0.11       0.56 f
  Domain_1_TOP_U0/SYS_CTRL_U3/U61/Y (NOR2X2M)             0.25       0.81 r
  Domain_1_TOP_U0/SYS_CTRL_U3/U99/Y (AND4X2M)             0.36       1.17 r
  Domain_1_TOP_U0/SYS_CTRL_U3/U66/Y (NOR2X2M)             0.10       1.27 f
  Domain_1_TOP_U0/SYS_CTRL_U3/U50/Y (AOI21X2M)            0.16       1.43 r
  Domain_1_TOP_U0/SYS_CTRL_U3/WR_INC (SYS_CTRL_test_1)
                                                          0.00       1.43 r
  Domain_1_TOP_U0/WR_INC (Domain_1_TOP_test_1)            0.00       1.43 r
  ASYNC_FIFO_U5/W_INC (ASYNC_FIFO_test_1)                 0.00       1.43 r
  ASYNC_FIFO_U5/U5/Y (NOR2BX2M)                           0.18       1.60 r
  ASYNC_FIFO_U5/U1/wclken (FIFO_MEM_CNTRL_test_1)         0.00       1.60 r
  ASYNC_FIFO_U5/U1/U92/Y (NOR2BX2M)                       0.27       1.87 r
  ASYNC_FIFO_U5/U1/U166/Y (NAND3X2M)                      0.12       1.99 f
  ASYNC_FIFO_U5/U1/U76/Y (BUFX2M)                         0.23       2.22 f
  ASYNC_FIFO_U5/U1/U141/Y (OAI2BB2X1M)                    0.24       2.47 f
  ASYNC_FIFO_U5/U1/FIFO_MEM_reg[3][1]/D (SDFFRQX2M)       0.00       2.47 f
  data arrival time                                                  2.47

  clock scan_clk (rise edge)                            100.00     100.00
  clock network delay (ideal)                             0.00     100.00
  clock uncertainty                                      -0.20      99.80
  ASYNC_FIFO_U5/U1/FIFO_MEM_reg[3][1]/CK (SDFFRQX2M)      0.00      99.80 r
  library setup time                                     -0.41      99.39
  data required time                                                99.39
  --------------------------------------------------------------------------
  data required time                                                99.39
  data arrival time                                                 -2.47
  --------------------------------------------------------------------------
  slack (MET)                                                       96.93


  Startpoint: Domain_1_TOP_U0/SYS_CTRL_U3/cur_state_reg[0]
              (rising edge-triggered flip-flop clocked by scan_clk)
  Endpoint: ASYNC_FIFO_U5/U1/FIFO_MEM_reg[3][0]
            (rising edge-triggered flip-flop clocked by scan_clk)
  Path Group: scan_clk
  Path Type: max

  Point                                                   Incr       Path
  --------------------------------------------------------------------------
  clock scan_clk (rise edge)                              0.00       0.00
  clock network delay (ideal)                             0.00       0.00
  Domain_1_TOP_U0/SYS_CTRL_U3/cur_state_reg[0]/CK (SDFFRQX2M)
                                                          0.00       0.00 r
  Domain_1_TOP_U0/SYS_CTRL_U3/cur_state_reg[0]/Q (SDFFRQX2M)
                                                          0.45       0.45 r
  Domain_1_TOP_U0/SYS_CTRL_U3/U101/Y (INVX2M)             0.11       0.56 f
  Domain_1_TOP_U0/SYS_CTRL_U3/U61/Y (NOR2X2M)             0.25       0.81 r
  Domain_1_TOP_U0/SYS_CTRL_U3/U99/Y (AND4X2M)             0.36       1.17 r
  Domain_1_TOP_U0/SYS_CTRL_U3/U66/Y (NOR2X2M)             0.10       1.27 f
  Domain_1_TOP_U0/SYS_CTRL_U3/U50/Y (AOI21X2M)            0.16       1.43 r
  Domain_1_TOP_U0/SYS_CTRL_U3/WR_INC (SYS_CTRL_test_1)
                                                          0.00       1.43 r
  Domain_1_TOP_U0/WR_INC (Domain_1_TOP_test_1)            0.00       1.43 r
  ASYNC_FIFO_U5/W_INC (ASYNC_FIFO_test_1)                 0.00       1.43 r
  ASYNC_FIFO_U5/U5/Y (NOR2BX2M)                           0.18       1.60 r
  ASYNC_FIFO_U5/U1/wclken (FIFO_MEM_CNTRL_test_1)         0.00       1.60 r
  ASYNC_FIFO_U5/U1/U92/Y (NOR2BX2M)                       0.27       1.87 r
  ASYNC_FIFO_U5/U1/U166/Y (NAND3X2M)                      0.12       1.99 f
  ASYNC_FIFO_U5/U1/U76/Y (BUFX2M)                         0.23       2.22 f
  ASYNC_FIFO_U5/U1/U140/Y (OAI2BB2X1M)                    0.24       2.47 f
  ASYNC_FIFO_U5/U1/FIFO_MEM_reg[3][0]/D (SDFFRQX2M)       0.00       2.47 f
  data arrival time                                                  2.47

  clock scan_clk (rise edge)                            100.00     100.00
  clock network delay (ideal)                             0.00     100.00
  clock uncertainty                                      -0.20      99.80
  ASYNC_FIFO_U5/U1/FIFO_MEM_reg[3][0]/CK (SDFFRQX2M)      0.00      99.80 r
  library setup time                                     -0.41      99.39
  data required time                                                99.39
  --------------------------------------------------------------------------
  data required time                                                99.39
  data arrival time                                                 -2.47
  --------------------------------------------------------------------------
  slack (MET)                                                       96.93


  Startpoint: Domain_1_TOP_U0/SYS_CTRL_U3/cur_state_reg[1]
              (rising edge-triggered flip-flop clocked by scan_clk)
  Endpoint: Domain_1_TOP_U0/RegFile_U2/regArr_reg[3][5]
            (rising edge-triggered flip-flop clocked by scan_clk)
  Path Group: scan_clk
  Path Type: max

  Point                                                   Incr       Path
  --------------------------------------------------------------------------
  clock scan_clk (rise edge)                              0.00       0.00
  clock network delay (ideal)                             0.00       0.00
  Domain_1_TOP_U0/SYS_CTRL_U3/cur_state_reg[1]/CK (SDFFRQX2M)
                                                          0.00       0.00 r
  Domain_1_TOP_U0/SYS_CTRL_U3/cur_state_reg[1]/Q (SDFFRQX2M)
                                                          0.43       0.43 r
  Domain_1_TOP_U0/SYS_CTRL_U3/U105/Y (INVX2M)             0.07       0.51 f
  Domain_1_TOP_U0/SYS_CTRL_U3/U41/Y (NOR3X2M)             0.36       0.86 r
  Domain_1_TOP_U0/SYS_CTRL_U3/U67/Y (NAND2X2M)            0.24       1.10 f
  Domain_1_TOP_U0/SYS_CTRL_U3/U46/Y (AND3X2M)             0.26       1.36 f
  Domain_1_TOP_U0/SYS_CTRL_U3/U94/Y (NOR2X2M)             0.22       1.58 r
  Domain_1_TOP_U0/SYS_CTRL_U3/Address[1] (SYS_CTRL_test_1)
                                                          0.00       1.58 r
  Domain_1_TOP_U0/RegFile_U2/Address[1] (RegFile_test_1)
                                                          0.00       1.58 r
  Domain_1_TOP_U0/RegFile_U2/U196/Y (INVX2M)              0.11       1.69 f
  Domain_1_TOP_U0/RegFile_U2/U140/Y (NOR2X2M)             0.22       1.91 r
  Domain_1_TOP_U0/RegFile_U2/U163/Y (NAND2X2M)            0.24       2.15 f
  Domain_1_TOP_U0/RegFile_U2/U277/Y (OAI2BB2X1M)          0.28       2.44 f
  Domain_1_TOP_U0/RegFile_U2/regArr_reg[3][5]/D (SDFFSQX2M)
                                                          0.00       2.44 f
  data arrival time                                                  2.44

  clock scan_clk (rise edge)                            100.00     100.00
  clock network delay (ideal)                             0.00     100.00
  clock uncertainty                                      -0.20      99.80
  Domain_1_TOP_U0/RegFile_U2/regArr_reg[3][5]/CK (SDFFSQX2M)
                                                          0.00      99.80 r
  library setup time                                     -0.43      99.37
  data required time                                                99.37
  --------------------------------------------------------------------------
  data required time                                                99.37
  data arrival time                                                 -2.44
  --------------------------------------------------------------------------
  slack (MET)                                                       96.93


  Startpoint: Domain_1_TOP_U0/SYS_CTRL_U3/cur_state_reg[1]
              (rising edge-triggered flip-flop clocked by scan_clk)
  Endpoint: Domain_1_TOP_U0/RegFile_U2/regArr_reg[2][7]
            (rising edge-triggered flip-flop clocked by scan_clk)
  Path Group: scan_clk
  Path Type: max

  Point                                                   Incr       Path
  --------------------------------------------------------------------------
  clock scan_clk (rise edge)                              0.00       0.00
  clock network delay (ideal)                             0.00       0.00
  Domain_1_TOP_U0/SYS_CTRL_U3/cur_state_reg[1]/CK (SDFFRQX2M)
                                                          0.00       0.00 r
  Domain_1_TOP_U0/SYS_CTRL_U3/cur_state_reg[1]/Q (SDFFRQX2M)
                                                          0.43       0.43 r
  Domain_1_TOP_U0/SYS_CTRL_U3/U105/Y (INVX2M)             0.07       0.51 f
  Domain_1_TOP_U0/SYS_CTRL_U3/U41/Y (NOR3X2M)             0.36       0.86 r
  Domain_1_TOP_U0/SYS_CTRL_U3/U67/Y (NAND2X2M)            0.24       1.10 f
  Domain_1_TOP_U0/SYS_CTRL_U3/U46/Y (AND3X2M)             0.26       1.36 f
  Domain_1_TOP_U0/SYS_CTRL_U3/U94/Y (NOR2X2M)             0.22       1.58 r
  Domain_1_TOP_U0/SYS_CTRL_U3/Address[1] (SYS_CTRL_test_1)
                                                          0.00       1.58 r
  Domain_1_TOP_U0/RegFile_U2/Address[1] (RegFile_test_1)
                                                          0.00       1.58 r
  Domain_1_TOP_U0/RegFile_U2/U196/Y (INVX2M)              0.11       1.69 f
  Domain_1_TOP_U0/RegFile_U2/U140/Y (NOR2X2M)             0.22       1.91 r
  Domain_1_TOP_U0/RegFile_U2/U162/Y (NAND2X2M)            0.24       2.15 f
  Domain_1_TOP_U0/RegFile_U2/U276/Y (OAI2BB2X1M)          0.28       2.44 f
  Domain_1_TOP_U0/RegFile_U2/regArr_reg[2][7]/D (SDFFSQX2M)
                                                          0.00       2.44 f
  data arrival time                                                  2.44

  clock scan_clk (rise edge)                            100.00     100.00
  clock network delay (ideal)                             0.00     100.00
  clock uncertainty                                      -0.20      99.80
  Domain_1_TOP_U0/RegFile_U2/regArr_reg[2][7]/CK (SDFFSQX2M)
                                                          0.00      99.80 r
  library setup time                                     -0.43      99.37
  data required time                                                99.37
  --------------------------------------------------------------------------
  data required time                                                99.37
  data arrival time                                                 -2.44
  --------------------------------------------------------------------------
  slack (MET)                                                       96.93


  Startpoint: Domain_1_TOP_U0/SYS_CTRL_U3/cur_state_reg[0]
              (rising edge-triggered flip-flop clocked by scan_clk)
  Endpoint: ASYNC_FIFO_U5/U1/FIFO_MEM_reg[1][7]
            (rising edge-triggered flip-flop clocked by scan_clk)
  Path Group: scan_clk
  Path Type: max

  Point                                                   Incr       Path
  --------------------------------------------------------------------------
  clock scan_clk (rise edge)                              0.00       0.00
  clock network delay (ideal)                             0.00       0.00
  Domain_1_TOP_U0/SYS_CTRL_U3/cur_state_reg[0]/CK (SDFFRQX2M)
                                                          0.00       0.00 r
  Domain_1_TOP_U0/SYS_CTRL_U3/cur_state_reg[0]/Q (SDFFRQX2M)
                                                          0.45       0.45 r
  Domain_1_TOP_U0/SYS_CTRL_U3/U101/Y (INVX2M)             0.11       0.56 f
  Domain_1_TOP_U0/SYS_CTRL_U3/U61/Y (NOR2X2M)             0.25       0.81 r
  Domain_1_TOP_U0/SYS_CTRL_U3/U99/Y (AND4X2M)             0.36       1.17 r
  Domain_1_TOP_U0/SYS_CTRL_U3/U66/Y (NOR2X2M)             0.10       1.27 f
  Domain_1_TOP_U0/SYS_CTRL_U3/U50/Y (AOI21X2M)            0.16       1.43 r
  Domain_1_TOP_U0/SYS_CTRL_U3/WR_INC (SYS_CTRL_test_1)
                                                          0.00       1.43 r
  Domain_1_TOP_U0/WR_INC (Domain_1_TOP_test_1)            0.00       1.43 r
  ASYNC_FIFO_U5/W_INC (ASYNC_FIFO_test_1)                 0.00       1.43 r
  ASYNC_FIFO_U5/U5/Y (NOR2BX2M)                           0.18       1.60 r
  ASYNC_FIFO_U5/U1/wclken (FIFO_MEM_CNTRL_test_1)         0.00       1.60 r
  ASYNC_FIFO_U5/U1/U92/Y (NOR2BX2M)                       0.27       1.87 r
  ASYNC_FIFO_U5/U1/U168/Y (NAND3X2M)                      0.12       1.99 f
  ASYNC_FIFO_U5/U1/U78/Y (BUFX2M)                         0.23       2.22 f
  ASYNC_FIFO_U5/U1/U163/Y (OAI2BB2X1M)                    0.24       2.46 f
  ASYNC_FIFO_U5/U1/FIFO_MEM_reg[1][7]/D (SDFFRQX2M)       0.00       2.46 f
  data arrival time                                                  2.46

  clock scan_clk (rise edge)                            100.00     100.00
  clock network delay (ideal)                             0.00     100.00
  clock uncertainty                                      -0.20      99.80
  ASYNC_FIFO_U5/U1/FIFO_MEM_reg[1][7]/CK (SDFFRQX2M)      0.00      99.80 r
  library setup time                                     -0.41      99.39
  data required time                                                99.39
  --------------------------------------------------------------------------
  data required time                                                99.39
  data arrival time                                                 -2.46
  --------------------------------------------------------------------------
  slack (MET)                                                       96.93


  Startpoint: Domain_1_TOP_U0/SYS_CTRL_U3/cur_state_reg[0]
              (rising edge-triggered flip-flop clocked by scan_clk)
  Endpoint: ASYNC_FIFO_U5/U1/FIFO_MEM_reg[1][6]
            (rising edge-triggered flip-flop clocked by scan_clk)
  Path Group: scan_clk
  Path Type: max

  Point                                                   Incr       Path
  --------------------------------------------------------------------------
  clock scan_clk (rise edge)                              0.00       0.00
  clock network delay (ideal)                             0.00       0.00
  Domain_1_TOP_U0/SYS_CTRL_U3/cur_state_reg[0]/CK (SDFFRQX2M)
                                                          0.00       0.00 r
  Domain_1_TOP_U0/SYS_CTRL_U3/cur_state_reg[0]/Q (SDFFRQX2M)
                                                          0.45       0.45 r
  Domain_1_TOP_U0/SYS_CTRL_U3/U101/Y (INVX2M)             0.11       0.56 f
  Domain_1_TOP_U0/SYS_CTRL_U3/U61/Y (NOR2X2M)             0.25       0.81 r
  Domain_1_TOP_U0/SYS_CTRL_U3/U99/Y (AND4X2M)             0.36       1.17 r
  Domain_1_TOP_U0/SYS_CTRL_U3/U66/Y (NOR2X2M)             0.10       1.27 f
  Domain_1_TOP_U0/SYS_CTRL_U3/U50/Y (AOI21X2M)            0.16       1.43 r
  Domain_1_TOP_U0/SYS_CTRL_U3/WR_INC (SYS_CTRL_test_1)
                                                          0.00       1.43 r
  Domain_1_TOP_U0/WR_INC (Domain_1_TOP_test_1)            0.00       1.43 r
  ASYNC_FIFO_U5/W_INC (ASYNC_FIFO_test_1)                 0.00       1.43 r
  ASYNC_FIFO_U5/U5/Y (NOR2BX2M)                           0.18       1.60 r
  ASYNC_FIFO_U5/U1/wclken (FIFO_MEM_CNTRL_test_1)         0.00       1.60 r
  ASYNC_FIFO_U5/U1/U92/Y (NOR2BX2M)                       0.27       1.87 r
  ASYNC_FIFO_U5/U1/U168/Y (NAND3X2M)                      0.12       1.99 f
  ASYNC_FIFO_U5/U1/U78/Y (BUFX2M)                         0.23       2.22 f
  ASYNC_FIFO_U5/U1/U162/Y (OAI2BB2X1M)                    0.24       2.46 f
  ASYNC_FIFO_U5/U1/FIFO_MEM_reg[1][6]/D (SDFFRQX2M)       0.00       2.46 f
  data arrival time                                                  2.46

  clock scan_clk (rise edge)                            100.00     100.00
  clock network delay (ideal)                             0.00     100.00
  clock uncertainty                                      -0.20      99.80
  ASYNC_FIFO_U5/U1/FIFO_MEM_reg[1][6]/CK (SDFFRQX2M)      0.00      99.80 r
  library setup time                                     -0.41      99.39
  data required time                                                99.39
  --------------------------------------------------------------------------
  data required time                                                99.39
  data arrival time                                                 -2.46
  --------------------------------------------------------------------------
  slack (MET)                                                       96.93


  Startpoint: Domain_1_TOP_U0/SYS_CTRL_U3/cur_state_reg[0]
              (rising edge-triggered flip-flop clocked by scan_clk)
  Endpoint: ASYNC_FIFO_U5/U1/FIFO_MEM_reg[1][5]
            (rising edge-triggered flip-flop clocked by scan_clk)
  Path Group: scan_clk
  Path Type: max

  Point                                                   Incr       Path
  --------------------------------------------------------------------------
  clock scan_clk (rise edge)                              0.00       0.00
  clock network delay (ideal)                             0.00       0.00
  Domain_1_TOP_U0/SYS_CTRL_U3/cur_state_reg[0]/CK (SDFFRQX2M)
                                                          0.00       0.00 r
  Domain_1_TOP_U0/SYS_CTRL_U3/cur_state_reg[0]/Q (SDFFRQX2M)
                                                          0.45       0.45 r
  Domain_1_TOP_U0/SYS_CTRL_U3/U101/Y (INVX2M)             0.11       0.56 f
  Domain_1_TOP_U0/SYS_CTRL_U3/U61/Y (NOR2X2M)             0.25       0.81 r
  Domain_1_TOP_U0/SYS_CTRL_U3/U99/Y (AND4X2M)             0.36       1.17 r
  Domain_1_TOP_U0/SYS_CTRL_U3/U66/Y (NOR2X2M)             0.10       1.27 f
  Domain_1_TOP_U0/SYS_CTRL_U3/U50/Y (AOI21X2M)            0.16       1.43 r
  Domain_1_TOP_U0/SYS_CTRL_U3/WR_INC (SYS_CTRL_test_1)
                                                          0.00       1.43 r
  Domain_1_TOP_U0/WR_INC (Domain_1_TOP_test_1)            0.00       1.43 r
  ASYNC_FIFO_U5/W_INC (ASYNC_FIFO_test_1)                 0.00       1.43 r
  ASYNC_FIFO_U5/U5/Y (NOR2BX2M)                           0.18       1.60 r
  ASYNC_FIFO_U5/U1/wclken (FIFO_MEM_CNTRL_test_1)         0.00       1.60 r
  ASYNC_FIFO_U5/U1/U92/Y (NOR2BX2M)                       0.27       1.87 r
  ASYNC_FIFO_U5/U1/U168/Y (NAND3X2M)                      0.12       1.99 f
  ASYNC_FIFO_U5/U1/U78/Y (BUFX2M)                         0.23       2.22 f
  ASYNC_FIFO_U5/U1/U161/Y (OAI2BB2X1M)                    0.24       2.46 f
  ASYNC_FIFO_U5/U1/FIFO_MEM_reg[1][5]/D (SDFFRQX2M)       0.00       2.46 f
  data arrival time                                                  2.46

  clock scan_clk (rise edge)                            100.00     100.00
  clock network delay (ideal)                             0.00     100.00
  clock uncertainty                                      -0.20      99.80
  ASYNC_FIFO_U5/U1/FIFO_MEM_reg[1][5]/CK (SDFFRQX2M)      0.00      99.80 r
  library setup time                                     -0.41      99.39
  data required time                                                99.39
  --------------------------------------------------------------------------
  data required time                                                99.39
  data arrival time                                                 -2.46
  --------------------------------------------------------------------------
  slack (MET)                                                       96.93


  Startpoint: Domain_1_TOP_U0/SYS_CTRL_U3/cur_state_reg[0]
              (rising edge-triggered flip-flop clocked by scan_clk)
  Endpoint: ASYNC_FIFO_U5/U1/FIFO_MEM_reg[1][4]
            (rising edge-triggered flip-flop clocked by scan_clk)
  Path Group: scan_clk
  Path Type: max

  Point                                                   Incr       Path
  --------------------------------------------------------------------------
  clock scan_clk (rise edge)                              0.00       0.00
  clock network delay (ideal)                             0.00       0.00
  Domain_1_TOP_U0/SYS_CTRL_U3/cur_state_reg[0]/CK (SDFFRQX2M)
                                                          0.00       0.00 r
  Domain_1_TOP_U0/SYS_CTRL_U3/cur_state_reg[0]/Q (SDFFRQX2M)
                                                          0.45       0.45 r
  Domain_1_TOP_U0/SYS_CTRL_U3/U101/Y (INVX2M)             0.11       0.56 f
  Domain_1_TOP_U0/SYS_CTRL_U3/U61/Y (NOR2X2M)             0.25       0.81 r
  Domain_1_TOP_U0/SYS_CTRL_U3/U99/Y (AND4X2M)             0.36       1.17 r
  Domain_1_TOP_U0/SYS_CTRL_U3/U66/Y (NOR2X2M)             0.10       1.27 f
  Domain_1_TOP_U0/SYS_CTRL_U3/U50/Y (AOI21X2M)            0.16       1.43 r
  Domain_1_TOP_U0/SYS_CTRL_U3/WR_INC (SYS_CTRL_test_1)
                                                          0.00       1.43 r
  Domain_1_TOP_U0/WR_INC (Domain_1_TOP_test_1)            0.00       1.43 r
  ASYNC_FIFO_U5/W_INC (ASYNC_FIFO_test_1)                 0.00       1.43 r
  ASYNC_FIFO_U5/U5/Y (NOR2BX2M)                           0.18       1.60 r
  ASYNC_FIFO_U5/U1/wclken (FIFO_MEM_CNTRL_test_1)         0.00       1.60 r
  ASYNC_FIFO_U5/U1/U92/Y (NOR2BX2M)                       0.27       1.87 r
  ASYNC_FIFO_U5/U1/U168/Y (NAND3X2M)                      0.12       1.99 f
  ASYNC_FIFO_U5/U1/U78/Y (BUFX2M)                         0.23       2.22 f
  ASYNC_FIFO_U5/U1/U160/Y (OAI2BB2X1M)                    0.24       2.46 f
  ASYNC_FIFO_U5/U1/FIFO_MEM_reg[1][4]/D (SDFFRQX2M)       0.00       2.46 f
  data arrival time                                                  2.46

  clock scan_clk (rise edge)                            100.00     100.00
  clock network delay (ideal)                             0.00     100.00
  clock uncertainty                                      -0.20      99.80
  ASYNC_FIFO_U5/U1/FIFO_MEM_reg[1][4]/CK (SDFFRQX2M)      0.00      99.80 r
  library setup time                                     -0.41      99.39
  data required time                                                99.39
  --------------------------------------------------------------------------
  data required time                                                99.39
  data arrival time                                                 -2.46
  --------------------------------------------------------------------------
  slack (MET)                                                       96.93


  Startpoint: Domain_1_TOP_U0/SYS_CTRL_U3/cur_state_reg[0]
              (rising edge-triggered flip-flop clocked by scan_clk)
  Endpoint: ASYNC_FIFO_U5/U1/FIFO_MEM_reg[1][3]
            (rising edge-triggered flip-flop clocked by scan_clk)
  Path Group: scan_clk
  Path Type: max

  Point                                                   Incr       Path
  --------------------------------------------------------------------------
  clock scan_clk (rise edge)                              0.00       0.00
  clock network delay (ideal)                             0.00       0.00
  Domain_1_TOP_U0/SYS_CTRL_U3/cur_state_reg[0]/CK (SDFFRQX2M)
                                                          0.00       0.00 r
  Domain_1_TOP_U0/SYS_CTRL_U3/cur_state_reg[0]/Q (SDFFRQX2M)
                                                          0.45       0.45 r
  Domain_1_TOP_U0/SYS_CTRL_U3/U101/Y (INVX2M)             0.11       0.56 f
  Domain_1_TOP_U0/SYS_CTRL_U3/U61/Y (NOR2X2M)             0.25       0.81 r
  Domain_1_TOP_U0/SYS_CTRL_U3/U99/Y (AND4X2M)             0.36       1.17 r
  Domain_1_TOP_U0/SYS_CTRL_U3/U66/Y (NOR2X2M)             0.10       1.27 f
  Domain_1_TOP_U0/SYS_CTRL_U3/U50/Y (AOI21X2M)            0.16       1.43 r
  Domain_1_TOP_U0/SYS_CTRL_U3/WR_INC (SYS_CTRL_test_1)
                                                          0.00       1.43 r
  Domain_1_TOP_U0/WR_INC (Domain_1_TOP_test_1)            0.00       1.43 r
  ASYNC_FIFO_U5/W_INC (ASYNC_FIFO_test_1)                 0.00       1.43 r
  ASYNC_FIFO_U5/U5/Y (NOR2BX2M)                           0.18       1.60 r
  ASYNC_FIFO_U5/U1/wclken (FIFO_MEM_CNTRL_test_1)         0.00       1.60 r
  ASYNC_FIFO_U5/U1/U92/Y (NOR2BX2M)                       0.27       1.87 r
  ASYNC_FIFO_U5/U1/U168/Y (NAND3X2M)                      0.12       1.99 f
  ASYNC_FIFO_U5/U1/U78/Y (BUFX2M)                         0.23       2.22 f
  ASYNC_FIFO_U5/U1/U159/Y (OAI2BB2X1M)                    0.24       2.46 f
  ASYNC_FIFO_U5/U1/FIFO_MEM_reg[1][3]/D (SDFFRQX2M)       0.00       2.46 f
  data arrival time                                                  2.46

  clock scan_clk (rise edge)                            100.00     100.00
  clock network delay (ideal)                             0.00     100.00
  clock uncertainty                                      -0.20      99.80
  ASYNC_FIFO_U5/U1/FIFO_MEM_reg[1][3]/CK (SDFFRQX2M)      0.00      99.80 r
  library setup time                                     -0.41      99.39
  data required time                                                99.39
  --------------------------------------------------------------------------
  data required time                                                99.39
  data arrival time                                                 -2.46
  --------------------------------------------------------------------------
  slack (MET)                                                       96.93


  Startpoint: Domain_1_TOP_U0/SYS_CTRL_U3/cur_state_reg[0]
              (rising edge-triggered flip-flop clocked by scan_clk)
  Endpoint: ASYNC_FIFO_U5/U1/FIFO_MEM_reg[1][2]
            (rising edge-triggered flip-flop clocked by scan_clk)
  Path Group: scan_clk
  Path Type: max

  Point                                                   Incr       Path
  --------------------------------------------------------------------------
  clock scan_clk (rise edge)                              0.00       0.00
  clock network delay (ideal)                             0.00       0.00
  Domain_1_TOP_U0/SYS_CTRL_U3/cur_state_reg[0]/CK (SDFFRQX2M)
                                                          0.00       0.00 r
  Domain_1_TOP_U0/SYS_CTRL_U3/cur_state_reg[0]/Q (SDFFRQX2M)
                                                          0.45       0.45 r
  Domain_1_TOP_U0/SYS_CTRL_U3/U101/Y (INVX2M)             0.11       0.56 f
  Domain_1_TOP_U0/SYS_CTRL_U3/U61/Y (NOR2X2M)             0.25       0.81 r
  Domain_1_TOP_U0/SYS_CTRL_U3/U99/Y (AND4X2M)             0.36       1.17 r
  Domain_1_TOP_U0/SYS_CTRL_U3/U66/Y (NOR2X2M)             0.10       1.27 f
  Domain_1_TOP_U0/SYS_CTRL_U3/U50/Y (AOI21X2M)            0.16       1.43 r
  Domain_1_TOP_U0/SYS_CTRL_U3/WR_INC (SYS_CTRL_test_1)
                                                          0.00       1.43 r
  Domain_1_TOP_U0/WR_INC (Domain_1_TOP_test_1)            0.00       1.43 r
  ASYNC_FIFO_U5/W_INC (ASYNC_FIFO_test_1)                 0.00       1.43 r
  ASYNC_FIFO_U5/U5/Y (NOR2BX2M)                           0.18       1.60 r
  ASYNC_FIFO_U5/U1/wclken (FIFO_MEM_CNTRL_test_1)         0.00       1.60 r
  ASYNC_FIFO_U5/U1/U92/Y (NOR2BX2M)                       0.27       1.87 r
  ASYNC_FIFO_U5/U1/U168/Y (NAND3X2M)                      0.12       1.99 f
  ASYNC_FIFO_U5/U1/U78/Y (BUFX2M)                         0.23       2.22 f
  ASYNC_FIFO_U5/U1/U158/Y (OAI2BB2X1M)                    0.24       2.46 f
  ASYNC_FIFO_U5/U1/FIFO_MEM_reg[1][2]/D (SDFFRQX2M)       0.00       2.46 f
  data arrival time                                                  2.46

  clock scan_clk (rise edge)                            100.00     100.00
  clock network delay (ideal)                             0.00     100.00
  clock uncertainty                                      -0.20      99.80
  ASYNC_FIFO_U5/U1/FIFO_MEM_reg[1][2]/CK (SDFFRQX2M)      0.00      99.80 r
  library setup time                                     -0.41      99.39
  data required time                                                99.39
  --------------------------------------------------------------------------
  data required time                                                99.39
  data arrival time                                                 -2.46
  --------------------------------------------------------------------------
  slack (MET)                                                       96.93


  Startpoint: Domain_1_TOP_U0/SYS_CTRL_U3/cur_state_reg[0]
              (rising edge-triggered flip-flop clocked by scan_clk)
  Endpoint: ASYNC_FIFO_U5/U1/FIFO_MEM_reg[1][1]
            (rising edge-triggered flip-flop clocked by scan_clk)
  Path Group: scan_clk
  Path Type: max

  Point                                                   Incr       Path
  --------------------------------------------------------------------------
  clock scan_clk (rise edge)                              0.00       0.00
  clock network delay (ideal)                             0.00       0.00
  Domain_1_TOP_U0/SYS_CTRL_U3/cur_state_reg[0]/CK (SDFFRQX2M)
                                                          0.00       0.00 r
  Domain_1_TOP_U0/SYS_CTRL_U3/cur_state_reg[0]/Q (SDFFRQX2M)
                                                          0.45       0.45 r
  Domain_1_TOP_U0/SYS_CTRL_U3/U101/Y (INVX2M)             0.11       0.56 f
  Domain_1_TOP_U0/SYS_CTRL_U3/U61/Y (NOR2X2M)             0.25       0.81 r
  Domain_1_TOP_U0/SYS_CTRL_U3/U99/Y (AND4X2M)             0.36       1.17 r
  Domain_1_TOP_U0/SYS_CTRL_U3/U66/Y (NOR2X2M)             0.10       1.27 f
  Domain_1_TOP_U0/SYS_CTRL_U3/U50/Y (AOI21X2M)            0.16       1.43 r
  Domain_1_TOP_U0/SYS_CTRL_U3/WR_INC (SYS_CTRL_test_1)
                                                          0.00       1.43 r
  Domain_1_TOP_U0/WR_INC (Domain_1_TOP_test_1)            0.00       1.43 r
  ASYNC_FIFO_U5/W_INC (ASYNC_FIFO_test_1)                 0.00       1.43 r
  ASYNC_FIFO_U5/U5/Y (NOR2BX2M)                           0.18       1.60 r
  ASYNC_FIFO_U5/U1/wclken (FIFO_MEM_CNTRL_test_1)         0.00       1.60 r
  ASYNC_FIFO_U5/U1/U92/Y (NOR2BX2M)                       0.27       1.87 r
  ASYNC_FIFO_U5/U1/U168/Y (NAND3X2M)                      0.12       1.99 f
  ASYNC_FIFO_U5/U1/U78/Y (BUFX2M)                         0.23       2.22 f
  ASYNC_FIFO_U5/U1/U157/Y (OAI2BB2X1M)                    0.24       2.46 f
  ASYNC_FIFO_U5/U1/FIFO_MEM_reg[1][1]/D (SDFFRQX2M)       0.00       2.46 f
  data arrival time                                                  2.46

  clock scan_clk (rise edge)                            100.00     100.00
  clock network delay (ideal)                             0.00     100.00
  clock uncertainty                                      -0.20      99.80
  ASYNC_FIFO_U5/U1/FIFO_MEM_reg[1][1]/CK (SDFFRQX2M)      0.00      99.80 r
  library setup time                                     -0.41      99.39
  data required time                                                99.39
  --------------------------------------------------------------------------
  data required time                                                99.39
  data arrival time                                                 -2.46
  --------------------------------------------------------------------------
  slack (MET)                                                       96.93


  Startpoint: Domain_1_TOP_U0/SYS_CTRL_U3/cur_state_reg[0]
              (rising edge-triggered flip-flop clocked by scan_clk)
  Endpoint: ASYNC_FIFO_U5/U1/FIFO_MEM_reg[1][0]
            (rising edge-triggered flip-flop clocked by scan_clk)
  Path Group: scan_clk
  Path Type: max

  Point                                                   Incr       Path
  --------------------------------------------------------------------------
  clock scan_clk (rise edge)                              0.00       0.00
  clock network delay (ideal)                             0.00       0.00
  Domain_1_TOP_U0/SYS_CTRL_U3/cur_state_reg[0]/CK (SDFFRQX2M)
                                                          0.00       0.00 r
  Domain_1_TOP_U0/SYS_CTRL_U3/cur_state_reg[0]/Q (SDFFRQX2M)
                                                          0.45       0.45 r
  Domain_1_TOP_U0/SYS_CTRL_U3/U101/Y (INVX2M)             0.11       0.56 f
  Domain_1_TOP_U0/SYS_CTRL_U3/U61/Y (NOR2X2M)             0.25       0.81 r
  Domain_1_TOP_U0/SYS_CTRL_U3/U99/Y (AND4X2M)             0.36       1.17 r
  Domain_1_TOP_U0/SYS_CTRL_U3/U66/Y (NOR2X2M)             0.10       1.27 f
  Domain_1_TOP_U0/SYS_CTRL_U3/U50/Y (AOI21X2M)            0.16       1.43 r
  Domain_1_TOP_U0/SYS_CTRL_U3/WR_INC (SYS_CTRL_test_1)
                                                          0.00       1.43 r
  Domain_1_TOP_U0/WR_INC (Domain_1_TOP_test_1)            0.00       1.43 r
  ASYNC_FIFO_U5/W_INC (ASYNC_FIFO_test_1)                 0.00       1.43 r
  ASYNC_FIFO_U5/U5/Y (NOR2BX2M)                           0.18       1.60 r
  ASYNC_FIFO_U5/U1/wclken (FIFO_MEM_CNTRL_test_1)         0.00       1.60 r
  ASYNC_FIFO_U5/U1/U92/Y (NOR2BX2M)                       0.27       1.87 r
  ASYNC_FIFO_U5/U1/U168/Y (NAND3X2M)                      0.12       1.99 f
  ASYNC_FIFO_U5/U1/U78/Y (BUFX2M)                         0.23       2.22 f
  ASYNC_FIFO_U5/U1/U156/Y (OAI2BB2X1M)                    0.24       2.46 f
  ASYNC_FIFO_U5/U1/FIFO_MEM_reg[1][0]/D (SDFFRQX2M)       0.00       2.46 f
  data arrival time                                                  2.46

  clock scan_clk (rise edge)                            100.00     100.00
  clock network delay (ideal)                             0.00     100.00
  clock uncertainty                                      -0.20      99.80
  ASYNC_FIFO_U5/U1/FIFO_MEM_reg[1][0]/CK (SDFFRQX2M)      0.00      99.80 r
  library setup time                                     -0.41      99.39
  data required time                                                99.39
  --------------------------------------------------------------------------
  data required time                                                99.39
  data arrival time                                                 -2.46
  --------------------------------------------------------------------------
  slack (MET)                                                       96.93


  Startpoint: Domain_1_TOP_U0/SYS_CTRL_U3/cur_state_reg[1]
              (rising edge-triggered flip-flop clocked by scan_clk)
  Endpoint: Domain_1_TOP_U0/RegFile_U2/regArr_reg[11][7]
            (rising edge-triggered flip-flop clocked by scan_clk)
  Path Group: scan_clk
  Path Type: max

  Point                                                   Incr       Path
  --------------------------------------------------------------------------
  clock scan_clk (rise edge)                              0.00       0.00
  clock network delay (ideal)                             0.00       0.00
  Domain_1_TOP_U0/SYS_CTRL_U3/cur_state_reg[1]/CK (SDFFRQX2M)
                                                          0.00       0.00 r
  Domain_1_TOP_U0/SYS_CTRL_U3/cur_state_reg[1]/Q (SDFFRQX2M)
                                                          0.43       0.43 r
  Domain_1_TOP_U0/SYS_CTRL_U3/U105/Y (INVX2M)             0.07       0.51 f
  Domain_1_TOP_U0/SYS_CTRL_U3/U41/Y (NOR3X2M)             0.36       0.86 r
  Domain_1_TOP_U0/SYS_CTRL_U3/U67/Y (NAND2X2M)            0.24       1.10 f
  Domain_1_TOP_U0/SYS_CTRL_U3/U46/Y (AND3X2M)             0.26       1.36 f
  Domain_1_TOP_U0/SYS_CTRL_U3/U98/Y (NOR2X2M)             0.22       1.59 r
  Domain_1_TOP_U0/SYS_CTRL_U3/Address[3] (SYS_CTRL_test_1)
                                                          0.00       1.59 r
  Domain_1_TOP_U0/RegFile_U2/Address[3] (RegFile_test_1)
                                                          0.00       1.59 r
  Domain_1_TOP_U0/RegFile_U2/U197/Y (AND2X2M)             0.18       1.77 r
  Domain_1_TOP_U0/RegFile_U2/U192/Y (AND2X2M)             0.19       1.96 r
  Domain_1_TOP_U0/RegFile_U2/U171/Y (NAND2X2M)            0.20       2.16 f
  Domain_1_TOP_U0/RegFile_U2/U275/Y (OAI2BB2X1M)          0.28       2.43 f
  Domain_1_TOP_U0/RegFile_U2/regArr_reg[11][7]/D (SDFFRQX2M)
                                                          0.00       2.43 f
  data arrival time                                                  2.43

  clock scan_clk (rise edge)                            100.00     100.00
  clock network delay (ideal)                             0.00     100.00
  clock uncertainty                                      -0.20      99.80
  Domain_1_TOP_U0/RegFile_U2/regArr_reg[11][7]/CK (SDFFRQX2M)
                                                          0.00      99.80 r
  library setup time                                     -0.41      99.39
  data required time                                                99.39
  --------------------------------------------------------------------------
  data required time                                                99.39
  data arrival time                                                 -2.43
  --------------------------------------------------------------------------
  slack (MET)                                                       96.96


  Startpoint: Domain_1_TOP_U0/SYS_CTRL_U3/cur_state_reg[1]
              (rising edge-triggered flip-flop clocked by scan_clk)
  Endpoint: Domain_1_TOP_U0/RegFile_U2/regArr_reg[11][6]
            (rising edge-triggered flip-flop clocked by scan_clk)
  Path Group: scan_clk
  Path Type: max

  Point                                                   Incr       Path
  --------------------------------------------------------------------------
  clock scan_clk (rise edge)                              0.00       0.00
  clock network delay (ideal)                             0.00       0.00
  Domain_1_TOP_U0/SYS_CTRL_U3/cur_state_reg[1]/CK (SDFFRQX2M)
                                                          0.00       0.00 r
  Domain_1_TOP_U0/SYS_CTRL_U3/cur_state_reg[1]/Q (SDFFRQX2M)
                                                          0.43       0.43 r
  Domain_1_TOP_U0/SYS_CTRL_U3/U105/Y (INVX2M)             0.07       0.51 f
  Domain_1_TOP_U0/SYS_CTRL_U3/U41/Y (NOR3X2M)             0.36       0.86 r
  Domain_1_TOP_U0/SYS_CTRL_U3/U67/Y (NAND2X2M)            0.24       1.10 f
  Domain_1_TOP_U0/SYS_CTRL_U3/U46/Y (AND3X2M)             0.26       1.36 f
  Domain_1_TOP_U0/SYS_CTRL_U3/U98/Y (NOR2X2M)             0.22       1.59 r
  Domain_1_TOP_U0/SYS_CTRL_U3/Address[3] (SYS_CTRL_test_1)
                                                          0.00       1.59 r
  Domain_1_TOP_U0/RegFile_U2/Address[3] (RegFile_test_1)
                                                          0.00       1.59 r
  Domain_1_TOP_U0/RegFile_U2/U197/Y (AND2X2M)             0.18       1.77 r
  Domain_1_TOP_U0/RegFile_U2/U192/Y (AND2X2M)             0.19       1.96 r
  Domain_1_TOP_U0/RegFile_U2/U171/Y (NAND2X2M)            0.20       2.16 f
  Domain_1_TOP_U0/RegFile_U2/U274/Y (OAI2BB2X1M)          0.28       2.43 f
  Domain_1_TOP_U0/RegFile_U2/regArr_reg[11][6]/D (SDFFRQX2M)
                                                          0.00       2.43 f
  data arrival time                                                  2.43

  clock scan_clk (rise edge)                            100.00     100.00
  clock network delay (ideal)                             0.00     100.00
  clock uncertainty                                      -0.20      99.80
  Domain_1_TOP_U0/RegFile_U2/regArr_reg[11][6]/CK (SDFFRQX2M)
                                                          0.00      99.80 r
  library setup time                                     -0.41      99.39
  data required time                                                99.39
  --------------------------------------------------------------------------
  data required time                                                99.39
  data arrival time                                                 -2.43
  --------------------------------------------------------------------------
  slack (MET)                                                       96.96


  Startpoint: Domain_1_TOP_U0/SYS_CTRL_U3/cur_state_reg[1]
              (rising edge-triggered flip-flop clocked by scan_clk)
  Endpoint: Domain_1_TOP_U0/RegFile_U2/regArr_reg[11][5]
            (rising edge-triggered flip-flop clocked by scan_clk)
  Path Group: scan_clk
  Path Type: max

  Point                                                   Incr       Path
  --------------------------------------------------------------------------
  clock scan_clk (rise edge)                              0.00       0.00
  clock network delay (ideal)                             0.00       0.00
  Domain_1_TOP_U0/SYS_CTRL_U3/cur_state_reg[1]/CK (SDFFRQX2M)
                                                          0.00       0.00 r
  Domain_1_TOP_U0/SYS_CTRL_U3/cur_state_reg[1]/Q (SDFFRQX2M)
                                                          0.43       0.43 r
  Domain_1_TOP_U0/SYS_CTRL_U3/U105/Y (INVX2M)             0.07       0.51 f
  Domain_1_TOP_U0/SYS_CTRL_U3/U41/Y (NOR3X2M)             0.36       0.86 r
  Domain_1_TOP_U0/SYS_CTRL_U3/U67/Y (NAND2X2M)            0.24       1.10 f
  Domain_1_TOP_U0/SYS_CTRL_U3/U46/Y (AND3X2M)             0.26       1.36 f
  Domain_1_TOP_U0/SYS_CTRL_U3/U98/Y (NOR2X2M)             0.22       1.59 r
  Domain_1_TOP_U0/SYS_CTRL_U3/Address[3] (SYS_CTRL_test_1)
                                                          0.00       1.59 r
  Domain_1_TOP_U0/RegFile_U2/Address[3] (RegFile_test_1)
                                                          0.00       1.59 r
  Domain_1_TOP_U0/RegFile_U2/U197/Y (AND2X2M)             0.18       1.77 r
  Domain_1_TOP_U0/RegFile_U2/U192/Y (AND2X2M)             0.19       1.96 r
  Domain_1_TOP_U0/RegFile_U2/U171/Y (NAND2X2M)            0.20       2.16 f
  Domain_1_TOP_U0/RegFile_U2/U273/Y (OAI2BB2X1M)          0.28       2.43 f
  Domain_1_TOP_U0/RegFile_U2/regArr_reg[11][5]/D (SDFFRQX2M)
                                                          0.00       2.43 f
  data arrival time                                                  2.43

  clock scan_clk (rise edge)                            100.00     100.00
  clock network delay (ideal)                             0.00     100.00
  clock uncertainty                                      -0.20      99.80
  Domain_1_TOP_U0/RegFile_U2/regArr_reg[11][5]/CK (SDFFRQX2M)
                                                          0.00      99.80 r
  library setup time                                     -0.41      99.39
  data required time                                                99.39
  --------------------------------------------------------------------------
  data required time                                                99.39
  data arrival time                                                 -2.43
  --------------------------------------------------------------------------
  slack (MET)                                                       96.96


  Startpoint: Domain_1_TOP_U0/SYS_CTRL_U3/cur_state_reg[1]
              (rising edge-triggered flip-flop clocked by scan_clk)
  Endpoint: Domain_1_TOP_U0/RegFile_U2/regArr_reg[11][4]
            (rising edge-triggered flip-flop clocked by scan_clk)
  Path Group: scan_clk
  Path Type: max

  Point                                                   Incr       Path
  --------------------------------------------------------------------------
  clock scan_clk (rise edge)                              0.00       0.00
  clock network delay (ideal)                             0.00       0.00
  Domain_1_TOP_U0/SYS_CTRL_U3/cur_state_reg[1]/CK (SDFFRQX2M)
                                                          0.00       0.00 r
  Domain_1_TOP_U0/SYS_CTRL_U3/cur_state_reg[1]/Q (SDFFRQX2M)
                                                          0.43       0.43 r
  Domain_1_TOP_U0/SYS_CTRL_U3/U105/Y (INVX2M)             0.07       0.51 f
  Domain_1_TOP_U0/SYS_CTRL_U3/U41/Y (NOR3X2M)             0.36       0.86 r
  Domain_1_TOP_U0/SYS_CTRL_U3/U67/Y (NAND2X2M)            0.24       1.10 f
  Domain_1_TOP_U0/SYS_CTRL_U3/U46/Y (AND3X2M)             0.26       1.36 f
  Domain_1_TOP_U0/SYS_CTRL_U3/U98/Y (NOR2X2M)             0.22       1.59 r
  Domain_1_TOP_U0/SYS_CTRL_U3/Address[3] (SYS_CTRL_test_1)
                                                          0.00       1.59 r
  Domain_1_TOP_U0/RegFile_U2/Address[3] (RegFile_test_1)
                                                          0.00       1.59 r
  Domain_1_TOP_U0/RegFile_U2/U197/Y (AND2X2M)             0.18       1.77 r
  Domain_1_TOP_U0/RegFile_U2/U192/Y (AND2X2M)             0.19       1.96 r
  Domain_1_TOP_U0/RegFile_U2/U171/Y (NAND2X2M)            0.20       2.16 f
  Domain_1_TOP_U0/RegFile_U2/U272/Y (OAI2BB2X1M)          0.28       2.43 f
  Domain_1_TOP_U0/RegFile_U2/regArr_reg[11][4]/D (SDFFRQX2M)
                                                          0.00       2.43 f
  data arrival time                                                  2.43

  clock scan_clk (rise edge)                            100.00     100.00
  clock network delay (ideal)                             0.00     100.00
  clock uncertainty                                      -0.20      99.80
  Domain_1_TOP_U0/RegFile_U2/regArr_reg[11][4]/CK (SDFFRQX2M)
                                                          0.00      99.80 r
  library setup time                                     -0.41      99.39
  data required time                                                99.39
  --------------------------------------------------------------------------
  data required time                                                99.39
  data arrival time                                                 -2.43
  --------------------------------------------------------------------------
  slack (MET)                                                       96.96


  Startpoint: Domain_1_TOP_U0/SYS_CTRL_U3/cur_state_reg[1]
              (rising edge-triggered flip-flop clocked by scan_clk)
  Endpoint: Domain_1_TOP_U0/RegFile_U2/regArr_reg[11][3]
            (rising edge-triggered flip-flop clocked by scan_clk)
  Path Group: scan_clk
  Path Type: max

  Point                                                   Incr       Path
  --------------------------------------------------------------------------
  clock scan_clk (rise edge)                              0.00       0.00
  clock network delay (ideal)                             0.00       0.00
  Domain_1_TOP_U0/SYS_CTRL_U3/cur_state_reg[1]/CK (SDFFRQX2M)
                                                          0.00       0.00 r
  Domain_1_TOP_U0/SYS_CTRL_U3/cur_state_reg[1]/Q (SDFFRQX2M)
                                                          0.43       0.43 r
  Domain_1_TOP_U0/SYS_CTRL_U3/U105/Y (INVX2M)             0.07       0.51 f
  Domain_1_TOP_U0/SYS_CTRL_U3/U41/Y (NOR3X2M)             0.36       0.86 r
  Domain_1_TOP_U0/SYS_CTRL_U3/U67/Y (NAND2X2M)            0.24       1.10 f
  Domain_1_TOP_U0/SYS_CTRL_U3/U46/Y (AND3X2M)             0.26       1.36 f
  Domain_1_TOP_U0/SYS_CTRL_U3/U98/Y (NOR2X2M)             0.22       1.59 r
  Domain_1_TOP_U0/SYS_CTRL_U3/Address[3] (SYS_CTRL_test_1)
                                                          0.00       1.59 r
  Domain_1_TOP_U0/RegFile_U2/Address[3] (RegFile_test_1)
                                                          0.00       1.59 r
  Domain_1_TOP_U0/RegFile_U2/U197/Y (AND2X2M)             0.18       1.77 r
  Domain_1_TOP_U0/RegFile_U2/U192/Y (AND2X2M)             0.19       1.96 r
  Domain_1_TOP_U0/RegFile_U2/U171/Y (NAND2X2M)            0.20       2.16 f
  Domain_1_TOP_U0/RegFile_U2/U271/Y (OAI2BB2X1M)          0.28       2.43 f
  Domain_1_TOP_U0/RegFile_U2/regArr_reg[11][3]/D (SDFFRQX2M)
                                                          0.00       2.43 f
  data arrival time                                                  2.43

  clock scan_clk (rise edge)                            100.00     100.00
  clock network delay (ideal)                             0.00     100.00
  clock uncertainty                                      -0.20      99.80
  Domain_1_TOP_U0/RegFile_U2/regArr_reg[11][3]/CK (SDFFRQX2M)
                                                          0.00      99.80 r
  library setup time                                     -0.41      99.39
  data required time                                                99.39
  --------------------------------------------------------------------------
  data required time                                                99.39
  data arrival time                                                 -2.43
  --------------------------------------------------------------------------
  slack (MET)                                                       96.96


  Startpoint: Domain_1_TOP_U0/SYS_CTRL_U3/cur_state_reg[1]
              (rising edge-triggered flip-flop clocked by scan_clk)
  Endpoint: Domain_1_TOP_U0/RegFile_U2/regArr_reg[11][2]
            (rising edge-triggered flip-flop clocked by scan_clk)
  Path Group: scan_clk
  Path Type: max

  Point                                                   Incr       Path
  --------------------------------------------------------------------------
  clock scan_clk (rise edge)                              0.00       0.00
  clock network delay (ideal)                             0.00       0.00
  Domain_1_TOP_U0/SYS_CTRL_U3/cur_state_reg[1]/CK (SDFFRQX2M)
                                                          0.00       0.00 r
  Domain_1_TOP_U0/SYS_CTRL_U3/cur_state_reg[1]/Q (SDFFRQX2M)
                                                          0.43       0.43 r
  Domain_1_TOP_U0/SYS_CTRL_U3/U105/Y (INVX2M)             0.07       0.51 f
  Domain_1_TOP_U0/SYS_CTRL_U3/U41/Y (NOR3X2M)             0.36       0.86 r
  Domain_1_TOP_U0/SYS_CTRL_U3/U67/Y (NAND2X2M)            0.24       1.10 f
  Domain_1_TOP_U0/SYS_CTRL_U3/U46/Y (AND3X2M)             0.26       1.36 f
  Domain_1_TOP_U0/SYS_CTRL_U3/U98/Y (NOR2X2M)             0.22       1.59 r
  Domain_1_TOP_U0/SYS_CTRL_U3/Address[3] (SYS_CTRL_test_1)
                                                          0.00       1.59 r
  Domain_1_TOP_U0/RegFile_U2/Address[3] (RegFile_test_1)
                                                          0.00       1.59 r
  Domain_1_TOP_U0/RegFile_U2/U197/Y (AND2X2M)             0.18       1.77 r
  Domain_1_TOP_U0/RegFile_U2/U192/Y (AND2X2M)             0.19       1.96 r
  Domain_1_TOP_U0/RegFile_U2/U171/Y (NAND2X2M)            0.20       2.16 f
  Domain_1_TOP_U0/RegFile_U2/U270/Y (OAI2BB2X1M)          0.28       2.43 f
  Domain_1_TOP_U0/RegFile_U2/regArr_reg[11][2]/D (SDFFRQX2M)
                                                          0.00       2.43 f
  data arrival time                                                  2.43

  clock scan_clk (rise edge)                            100.00     100.00
  clock network delay (ideal)                             0.00     100.00
  clock uncertainty                                      -0.20      99.80
  Domain_1_TOP_U0/RegFile_U2/regArr_reg[11][2]/CK (SDFFRQX2M)
                                                          0.00      99.80 r
  library setup time                                     -0.41      99.39
  data required time                                                99.39
  --------------------------------------------------------------------------
  data required time                                                99.39
  data arrival time                                                 -2.43
  --------------------------------------------------------------------------
  slack (MET)                                                       96.96


  Startpoint: Domain_1_TOP_U0/SYS_CTRL_U3/cur_state_reg[1]
              (rising edge-triggered flip-flop clocked by scan_clk)
  Endpoint: Domain_1_TOP_U0/RegFile_U2/regArr_reg[11][1]
            (rising edge-triggered flip-flop clocked by scan_clk)
  Path Group: scan_clk
  Path Type: max

  Point                                                   Incr       Path
  --------------------------------------------------------------------------
  clock scan_clk (rise edge)                              0.00       0.00
  clock network delay (ideal)                             0.00       0.00
  Domain_1_TOP_U0/SYS_CTRL_U3/cur_state_reg[1]/CK (SDFFRQX2M)
                                                          0.00       0.00 r
  Domain_1_TOP_U0/SYS_CTRL_U3/cur_state_reg[1]/Q (SDFFRQX2M)
                                                          0.43       0.43 r
  Domain_1_TOP_U0/SYS_CTRL_U3/U105/Y (INVX2M)             0.07       0.51 f
  Domain_1_TOP_U0/SYS_CTRL_U3/U41/Y (NOR3X2M)             0.36       0.86 r
  Domain_1_TOP_U0/SYS_CTRL_U3/U67/Y (NAND2X2M)            0.24       1.10 f
  Domain_1_TOP_U0/SYS_CTRL_U3/U46/Y (AND3X2M)             0.26       1.36 f
  Domain_1_TOP_U0/SYS_CTRL_U3/U98/Y (NOR2X2M)             0.22       1.59 r
  Domain_1_TOP_U0/SYS_CTRL_U3/Address[3] (SYS_CTRL_test_1)
                                                          0.00       1.59 r
  Domain_1_TOP_U0/RegFile_U2/Address[3] (RegFile_test_1)
                                                          0.00       1.59 r
  Domain_1_TOP_U0/RegFile_U2/U197/Y (AND2X2M)             0.18       1.77 r
  Domain_1_TOP_U0/RegFile_U2/U192/Y (AND2X2M)             0.19       1.96 r
  Domain_1_TOP_U0/RegFile_U2/U171/Y (NAND2X2M)            0.20       2.16 f
  Domain_1_TOP_U0/RegFile_U2/U269/Y (OAI2BB2X1M)          0.28       2.43 f
  Domain_1_TOP_U0/RegFile_U2/regArr_reg[11][1]/D (SDFFRQX2M)
                                                          0.00       2.43 f
  data arrival time                                                  2.43

  clock scan_clk (rise edge)                            100.00     100.00
  clock network delay (ideal)                             0.00     100.00
  clock uncertainty                                      -0.20      99.80
  Domain_1_TOP_U0/RegFile_U2/regArr_reg[11][1]/CK (SDFFRQX2M)
                                                          0.00      99.80 r
  library setup time                                     -0.41      99.39
  data required time                                                99.39
  --------------------------------------------------------------------------
  data required time                                                99.39
  data arrival time                                                 -2.43
  --------------------------------------------------------------------------
  slack (MET)                                                       96.96


  Startpoint: Domain_1_TOP_U0/SYS_CTRL_U3/cur_state_reg[1]
              (rising edge-triggered flip-flop clocked by scan_clk)
  Endpoint: Domain_1_TOP_U0/RegFile_U2/regArr_reg[11][0]
            (rising edge-triggered flip-flop clocked by scan_clk)
  Path Group: scan_clk
  Path Type: max

  Point                                                   Incr       Path
  --------------------------------------------------------------------------
  clock scan_clk (rise edge)                              0.00       0.00
  clock network delay (ideal)                             0.00       0.00
  Domain_1_TOP_U0/SYS_CTRL_U3/cur_state_reg[1]/CK (SDFFRQX2M)
                                                          0.00       0.00 r
  Domain_1_TOP_U0/SYS_CTRL_U3/cur_state_reg[1]/Q (SDFFRQX2M)
                                                          0.43       0.43 r
  Domain_1_TOP_U0/SYS_CTRL_U3/U105/Y (INVX2M)             0.07       0.51 f
  Domain_1_TOP_U0/SYS_CTRL_U3/U41/Y (NOR3X2M)             0.36       0.86 r
  Domain_1_TOP_U0/SYS_CTRL_U3/U67/Y (NAND2X2M)            0.24       1.10 f
  Domain_1_TOP_U0/SYS_CTRL_U3/U46/Y (AND3X2M)             0.26       1.36 f
  Domain_1_TOP_U0/SYS_CTRL_U3/U98/Y (NOR2X2M)             0.22       1.59 r
  Domain_1_TOP_U0/SYS_CTRL_U3/Address[3] (SYS_CTRL_test_1)
                                                          0.00       1.59 r
  Domain_1_TOP_U0/RegFile_U2/Address[3] (RegFile_test_1)
                                                          0.00       1.59 r
  Domain_1_TOP_U0/RegFile_U2/U197/Y (AND2X2M)             0.18       1.77 r
  Domain_1_TOP_U0/RegFile_U2/U192/Y (AND2X2M)             0.19       1.96 r
  Domain_1_TOP_U0/RegFile_U2/U171/Y (NAND2X2M)            0.20       2.16 f
  Domain_1_TOP_U0/RegFile_U2/U268/Y (OAI2BB2X1M)          0.28       2.43 f
  Domain_1_TOP_U0/RegFile_U2/regArr_reg[11][0]/D (SDFFRQX2M)
                                                          0.00       2.43 f
  data arrival time                                                  2.43

  clock scan_clk (rise edge)                            100.00     100.00
  clock network delay (ideal)                             0.00     100.00
  clock uncertainty                                      -0.20      99.80
  Domain_1_TOP_U0/RegFile_U2/regArr_reg[11][0]/CK (SDFFRQX2M)
                                                          0.00      99.80 r
  library setup time                                     -0.41      99.39
  data required time                                                99.39
  --------------------------------------------------------------------------
  data required time                                                99.39
  data arrival time                                                 -2.43
  --------------------------------------------------------------------------
  slack (MET)                                                       96.96


  Startpoint: Domain_1_TOP_U0/SYS_CTRL_U3/cur_state_reg[1]
              (rising edge-triggered flip-flop clocked by scan_clk)
  Endpoint: Domain_1_TOP_U0/RegFile_U2/regArr_reg[9][7]
            (rising edge-triggered flip-flop clocked by scan_clk)
  Path Group: scan_clk
  Path Type: max

  Point                                                   Incr       Path
  --------------------------------------------------------------------------
  clock scan_clk (rise edge)                              0.00       0.00
  clock network delay (ideal)                             0.00       0.00
  Domain_1_TOP_U0/SYS_CTRL_U3/cur_state_reg[1]/CK (SDFFRQX2M)
                                                          0.00       0.00 r
  Domain_1_TOP_U0/SYS_CTRL_U3/cur_state_reg[1]/Q (SDFFRQX2M)
                                                          0.43       0.43 r
  Domain_1_TOP_U0/SYS_CTRL_U3/U105/Y (INVX2M)             0.07       0.51 f
  Domain_1_TOP_U0/SYS_CTRL_U3/U41/Y (NOR3X2M)             0.36       0.86 r
  Domain_1_TOP_U0/SYS_CTRL_U3/U67/Y (NAND2X2M)            0.24       1.10 f
  Domain_1_TOP_U0/SYS_CTRL_U3/U46/Y (AND3X2M)             0.26       1.36 f
  Domain_1_TOP_U0/SYS_CTRL_U3/U98/Y (NOR2X2M)             0.22       1.59 r
  Domain_1_TOP_U0/SYS_CTRL_U3/Address[3] (SYS_CTRL_test_1)
                                                          0.00       1.59 r
  Domain_1_TOP_U0/RegFile_U2/Address[3] (RegFile_test_1)
                                                          0.00       1.59 r
  Domain_1_TOP_U0/RegFile_U2/U197/Y (AND2X2M)             0.18       1.77 r
  Domain_1_TOP_U0/RegFile_U2/U192/Y (AND2X2M)             0.19       1.96 r
  Domain_1_TOP_U0/RegFile_U2/U169/Y (NAND2X2M)            0.20       2.16 f
  Domain_1_TOP_U0/RegFile_U2/U259/Y (OAI2BB2X1M)          0.28       2.43 f
  Domain_1_TOP_U0/RegFile_U2/regArr_reg[9][7]/D (SDFFRQX2M)
                                                          0.00       2.43 f
  data arrival time                                                  2.43

  clock scan_clk (rise edge)                            100.00     100.00
  clock network delay (ideal)                             0.00     100.00
  clock uncertainty                                      -0.20      99.80
  Domain_1_TOP_U0/RegFile_U2/regArr_reg[9][7]/CK (SDFFRQX2M)
                                                          0.00      99.80 r
  library setup time                                     -0.41      99.39
  data required time                                                99.39
  --------------------------------------------------------------------------
  data required time                                                99.39
  data arrival time                                                 -2.43
  --------------------------------------------------------------------------
  slack (MET)                                                       96.96


  Startpoint: Domain_1_TOP_U0/SYS_CTRL_U3/cur_state_reg[1]
              (rising edge-triggered flip-flop clocked by scan_clk)
  Endpoint: Domain_1_TOP_U0/RegFile_U2/regArr_reg[9][6]
            (rising edge-triggered flip-flop clocked by scan_clk)
  Path Group: scan_clk
  Path Type: max

  Point                                                   Incr       Path
  --------------------------------------------------------------------------
  clock scan_clk (rise edge)                              0.00       0.00
  clock network delay (ideal)                             0.00       0.00
  Domain_1_TOP_U0/SYS_CTRL_U3/cur_state_reg[1]/CK (SDFFRQX2M)
                                                          0.00       0.00 r
  Domain_1_TOP_U0/SYS_CTRL_U3/cur_state_reg[1]/Q (SDFFRQX2M)
                                                          0.43       0.43 r
  Domain_1_TOP_U0/SYS_CTRL_U3/U105/Y (INVX2M)             0.07       0.51 f
  Domain_1_TOP_U0/SYS_CTRL_U3/U41/Y (NOR3X2M)             0.36       0.86 r
  Domain_1_TOP_U0/SYS_CTRL_U3/U67/Y (NAND2X2M)            0.24       1.10 f
  Domain_1_TOP_U0/SYS_CTRL_U3/U46/Y (AND3X2M)             0.26       1.36 f
  Domain_1_TOP_U0/SYS_CTRL_U3/U98/Y (NOR2X2M)             0.22       1.59 r
  Domain_1_TOP_U0/SYS_CTRL_U3/Address[3] (SYS_CTRL_test_1)
                                                          0.00       1.59 r
  Domain_1_TOP_U0/RegFile_U2/Address[3] (RegFile_test_1)
                                                          0.00       1.59 r
  Domain_1_TOP_U0/RegFile_U2/U197/Y (AND2X2M)             0.18       1.77 r
  Domain_1_TOP_U0/RegFile_U2/U192/Y (AND2X2M)             0.19       1.96 r
  Domain_1_TOP_U0/RegFile_U2/U169/Y (NAND2X2M)            0.20       2.16 f
  Domain_1_TOP_U0/RegFile_U2/U258/Y (OAI2BB2X1M)          0.28       2.43 f
  Domain_1_TOP_U0/RegFile_U2/regArr_reg[9][6]/D (SDFFRQX2M)
                                                          0.00       2.43 f
  data arrival time                                                  2.43

  clock scan_clk (rise edge)                            100.00     100.00
  clock network delay (ideal)                             0.00     100.00
  clock uncertainty                                      -0.20      99.80
  Domain_1_TOP_U0/RegFile_U2/regArr_reg[9][6]/CK (SDFFRQX2M)
                                                          0.00      99.80 r
  library setup time                                     -0.41      99.39
  data required time                                                99.39
  --------------------------------------------------------------------------
  data required time                                                99.39
  data arrival time                                                 -2.43
  --------------------------------------------------------------------------
  slack (MET)                                                       96.96


  Startpoint: Domain_1_TOP_U0/SYS_CTRL_U3/cur_state_reg[1]
              (rising edge-triggered flip-flop clocked by scan_clk)
  Endpoint: Domain_1_TOP_U0/RegFile_U2/regArr_reg[9][5]
            (rising edge-triggered flip-flop clocked by scan_clk)
  Path Group: scan_clk
  Path Type: max

  Point                                                   Incr       Path
  --------------------------------------------------------------------------
  clock scan_clk (rise edge)                              0.00       0.00
  clock network delay (ideal)                             0.00       0.00
  Domain_1_TOP_U0/SYS_CTRL_U3/cur_state_reg[1]/CK (SDFFRQX2M)
                                                          0.00       0.00 r
  Domain_1_TOP_U0/SYS_CTRL_U3/cur_state_reg[1]/Q (SDFFRQX2M)
                                                          0.43       0.43 r
  Domain_1_TOP_U0/SYS_CTRL_U3/U105/Y (INVX2M)             0.07       0.51 f
  Domain_1_TOP_U0/SYS_CTRL_U3/U41/Y (NOR3X2M)             0.36       0.86 r
  Domain_1_TOP_U0/SYS_CTRL_U3/U67/Y (NAND2X2M)            0.24       1.10 f
  Domain_1_TOP_U0/SYS_CTRL_U3/U46/Y (AND3X2M)             0.26       1.36 f
  Domain_1_TOP_U0/SYS_CTRL_U3/U98/Y (NOR2X2M)             0.22       1.59 r
  Domain_1_TOP_U0/SYS_CTRL_U3/Address[3] (SYS_CTRL_test_1)
                                                          0.00       1.59 r
  Domain_1_TOP_U0/RegFile_U2/Address[3] (RegFile_test_1)
                                                          0.00       1.59 r
  Domain_1_TOP_U0/RegFile_U2/U197/Y (AND2X2M)             0.18       1.77 r
  Domain_1_TOP_U0/RegFile_U2/U192/Y (AND2X2M)             0.19       1.96 r
  Domain_1_TOP_U0/RegFile_U2/U169/Y (NAND2X2M)            0.20       2.16 f
  Domain_1_TOP_U0/RegFile_U2/U257/Y (OAI2BB2X1M)          0.28       2.43 f
  Domain_1_TOP_U0/RegFile_U2/regArr_reg[9][5]/D (SDFFRQX2M)
                                                          0.00       2.43 f
  data arrival time                                                  2.43

  clock scan_clk (rise edge)                            100.00     100.00
  clock network delay (ideal)                             0.00     100.00
  clock uncertainty                                      -0.20      99.80
  Domain_1_TOP_U0/RegFile_U2/regArr_reg[9][5]/CK (SDFFRQX2M)
                                                          0.00      99.80 r
  library setup time                                     -0.41      99.39
  data required time                                                99.39
  --------------------------------------------------------------------------
  data required time                                                99.39
  data arrival time                                                 -2.43
  --------------------------------------------------------------------------
  slack (MET)                                                       96.96


  Startpoint: Domain_1_TOP_U0/SYS_CTRL_U3/cur_state_reg[1]
              (rising edge-triggered flip-flop clocked by scan_clk)
  Endpoint: Domain_1_TOP_U0/RegFile_U2/regArr_reg[9][4]
            (rising edge-triggered flip-flop clocked by scan_clk)
  Path Group: scan_clk
  Path Type: max

  Point                                                   Incr       Path
  --------------------------------------------------------------------------
  clock scan_clk (rise edge)                              0.00       0.00
  clock network delay (ideal)                             0.00       0.00
  Domain_1_TOP_U0/SYS_CTRL_U3/cur_state_reg[1]/CK (SDFFRQX2M)
                                                          0.00       0.00 r
  Domain_1_TOP_U0/SYS_CTRL_U3/cur_state_reg[1]/Q (SDFFRQX2M)
                                                          0.43       0.43 r
  Domain_1_TOP_U0/SYS_CTRL_U3/U105/Y (INVX2M)             0.07       0.51 f
  Domain_1_TOP_U0/SYS_CTRL_U3/U41/Y (NOR3X2M)             0.36       0.86 r
  Domain_1_TOP_U0/SYS_CTRL_U3/U67/Y (NAND2X2M)            0.24       1.10 f
  Domain_1_TOP_U0/SYS_CTRL_U3/U46/Y (AND3X2M)             0.26       1.36 f
  Domain_1_TOP_U0/SYS_CTRL_U3/U98/Y (NOR2X2M)             0.22       1.59 r
  Domain_1_TOP_U0/SYS_CTRL_U3/Address[3] (SYS_CTRL_test_1)
                                                          0.00       1.59 r
  Domain_1_TOP_U0/RegFile_U2/Address[3] (RegFile_test_1)
                                                          0.00       1.59 r
  Domain_1_TOP_U0/RegFile_U2/U197/Y (AND2X2M)             0.18       1.77 r
  Domain_1_TOP_U0/RegFile_U2/U192/Y (AND2X2M)             0.19       1.96 r
  Domain_1_TOP_U0/RegFile_U2/U169/Y (NAND2X2M)            0.20       2.16 f
  Domain_1_TOP_U0/RegFile_U2/U256/Y (OAI2BB2X1M)          0.28       2.43 f
  Domain_1_TOP_U0/RegFile_U2/regArr_reg[9][4]/D (SDFFRQX2M)
                                                          0.00       2.43 f
  data arrival time                                                  2.43

  clock scan_clk (rise edge)                            100.00     100.00
  clock network delay (ideal)                             0.00     100.00
  clock uncertainty                                      -0.20      99.80
  Domain_1_TOP_U0/RegFile_U2/regArr_reg[9][4]/CK (SDFFRQX2M)
                                                          0.00      99.80 r
  library setup time                                     -0.41      99.39
  data required time                                                99.39
  --------------------------------------------------------------------------
  data required time                                                99.39
  data arrival time                                                 -2.43
  --------------------------------------------------------------------------
  slack (MET)                                                       96.96


  Startpoint: Domain_1_TOP_U0/SYS_CTRL_U3/cur_state_reg[1]
              (rising edge-triggered flip-flop clocked by scan_clk)
  Endpoint: Domain_1_TOP_U0/RegFile_U2/regArr_reg[9][3]
            (rising edge-triggered flip-flop clocked by scan_clk)
  Path Group: scan_clk
  Path Type: max

  Point                                                   Incr       Path
  --------------------------------------------------------------------------
  clock scan_clk (rise edge)                              0.00       0.00
  clock network delay (ideal)                             0.00       0.00
  Domain_1_TOP_U0/SYS_CTRL_U3/cur_state_reg[1]/CK (SDFFRQX2M)
                                                          0.00       0.00 r
  Domain_1_TOP_U0/SYS_CTRL_U3/cur_state_reg[1]/Q (SDFFRQX2M)
                                                          0.43       0.43 r
  Domain_1_TOP_U0/SYS_CTRL_U3/U105/Y (INVX2M)             0.07       0.51 f
  Domain_1_TOP_U0/SYS_CTRL_U3/U41/Y (NOR3X2M)             0.36       0.86 r
  Domain_1_TOP_U0/SYS_CTRL_U3/U67/Y (NAND2X2M)            0.24       1.10 f
  Domain_1_TOP_U0/SYS_CTRL_U3/U46/Y (AND3X2M)             0.26       1.36 f
  Domain_1_TOP_U0/SYS_CTRL_U3/U98/Y (NOR2X2M)             0.22       1.59 r
  Domain_1_TOP_U0/SYS_CTRL_U3/Address[3] (SYS_CTRL_test_1)
                                                          0.00       1.59 r
  Domain_1_TOP_U0/RegFile_U2/Address[3] (RegFile_test_1)
                                                          0.00       1.59 r
  Domain_1_TOP_U0/RegFile_U2/U197/Y (AND2X2M)             0.18       1.77 r
  Domain_1_TOP_U0/RegFile_U2/U192/Y (AND2X2M)             0.19       1.96 r
  Domain_1_TOP_U0/RegFile_U2/U169/Y (NAND2X2M)            0.20       2.16 f
  Domain_1_TOP_U0/RegFile_U2/U255/Y (OAI2BB2X1M)          0.28       2.43 f
  Domain_1_TOP_U0/RegFile_U2/regArr_reg[9][3]/D (SDFFRQX2M)
                                                          0.00       2.43 f
  data arrival time                                                  2.43

  clock scan_clk (rise edge)                            100.00     100.00
  clock network delay (ideal)                             0.00     100.00
  clock uncertainty                                      -0.20      99.80
  Domain_1_TOP_U0/RegFile_U2/regArr_reg[9][3]/CK (SDFFRQX2M)
                                                          0.00      99.80 r
  library setup time                                     -0.41      99.39
  data required time                                                99.39
  --------------------------------------------------------------------------
  data required time                                                99.39
  data arrival time                                                 -2.43
  --------------------------------------------------------------------------
  slack (MET)                                                       96.96


  Startpoint: Domain_1_TOP_U0/SYS_CTRL_U3/cur_state_reg[1]
              (rising edge-triggered flip-flop clocked by scan_clk)
  Endpoint: Domain_1_TOP_U0/RegFile_U2/regArr_reg[9][2]
            (rising edge-triggered flip-flop clocked by scan_clk)
  Path Group: scan_clk
  Path Type: max

  Point                                                   Incr       Path
  --------------------------------------------------------------------------
  clock scan_clk (rise edge)                              0.00       0.00
  clock network delay (ideal)                             0.00       0.00
  Domain_1_TOP_U0/SYS_CTRL_U3/cur_state_reg[1]/CK (SDFFRQX2M)
                                                          0.00       0.00 r
  Domain_1_TOP_U0/SYS_CTRL_U3/cur_state_reg[1]/Q (SDFFRQX2M)
                                                          0.43       0.43 r
  Domain_1_TOP_U0/SYS_CTRL_U3/U105/Y (INVX2M)             0.07       0.51 f
  Domain_1_TOP_U0/SYS_CTRL_U3/U41/Y (NOR3X2M)             0.36       0.86 r
  Domain_1_TOP_U0/SYS_CTRL_U3/U67/Y (NAND2X2M)            0.24       1.10 f
  Domain_1_TOP_U0/SYS_CTRL_U3/U46/Y (AND3X2M)             0.26       1.36 f
  Domain_1_TOP_U0/SYS_CTRL_U3/U98/Y (NOR2X2M)             0.22       1.59 r
  Domain_1_TOP_U0/SYS_CTRL_U3/Address[3] (SYS_CTRL_test_1)
                                                          0.00       1.59 r
  Domain_1_TOP_U0/RegFile_U2/Address[3] (RegFile_test_1)
                                                          0.00       1.59 r
  Domain_1_TOP_U0/RegFile_U2/U197/Y (AND2X2M)             0.18       1.77 r
  Domain_1_TOP_U0/RegFile_U2/U192/Y (AND2X2M)             0.19       1.96 r
  Domain_1_TOP_U0/RegFile_U2/U169/Y (NAND2X2M)            0.20       2.16 f
  Domain_1_TOP_U0/RegFile_U2/U254/Y (OAI2BB2X1M)          0.28       2.43 f
  Domain_1_TOP_U0/RegFile_U2/regArr_reg[9][2]/D (SDFFRQX2M)
                                                          0.00       2.43 f
  data arrival time                                                  2.43

  clock scan_clk (rise edge)                            100.00     100.00
  clock network delay (ideal)                             0.00     100.00
  clock uncertainty                                      -0.20      99.80
  Domain_1_TOP_U0/RegFile_U2/regArr_reg[9][2]/CK (SDFFRQX2M)
                                                          0.00      99.80 r
  library setup time                                     -0.41      99.39
  data required time                                                99.39
  --------------------------------------------------------------------------
  data required time                                                99.39
  data arrival time                                                 -2.43
  --------------------------------------------------------------------------
  slack (MET)                                                       96.96


  Startpoint: Domain_1_TOP_U0/SYS_CTRL_U3/cur_state_reg[1]
              (rising edge-triggered flip-flop clocked by scan_clk)
  Endpoint: Domain_1_TOP_U0/RegFile_U2/regArr_reg[9][1]
            (rising edge-triggered flip-flop clocked by scan_clk)
  Path Group: scan_clk
  Path Type: max

  Point                                                   Incr       Path
  --------------------------------------------------------------------------
  clock scan_clk (rise edge)                              0.00       0.00
  clock network delay (ideal)                             0.00       0.00
  Domain_1_TOP_U0/SYS_CTRL_U3/cur_state_reg[1]/CK (SDFFRQX2M)
                                                          0.00       0.00 r
  Domain_1_TOP_U0/SYS_CTRL_U3/cur_state_reg[1]/Q (SDFFRQX2M)
                                                          0.43       0.43 r
  Domain_1_TOP_U0/SYS_CTRL_U3/U105/Y (INVX2M)             0.07       0.51 f
  Domain_1_TOP_U0/SYS_CTRL_U3/U41/Y (NOR3X2M)             0.36       0.86 r
  Domain_1_TOP_U0/SYS_CTRL_U3/U67/Y (NAND2X2M)            0.24       1.10 f
  Domain_1_TOP_U0/SYS_CTRL_U3/U46/Y (AND3X2M)             0.26       1.36 f
  Domain_1_TOP_U0/SYS_CTRL_U3/U98/Y (NOR2X2M)             0.22       1.59 r
  Domain_1_TOP_U0/SYS_CTRL_U3/Address[3] (SYS_CTRL_test_1)
                                                          0.00       1.59 r
  Domain_1_TOP_U0/RegFile_U2/Address[3] (RegFile_test_1)
                                                          0.00       1.59 r
  Domain_1_TOP_U0/RegFile_U2/U197/Y (AND2X2M)             0.18       1.77 r
  Domain_1_TOP_U0/RegFile_U2/U192/Y (AND2X2M)             0.19       1.96 r
  Domain_1_TOP_U0/RegFile_U2/U169/Y (NAND2X2M)            0.20       2.16 f
  Domain_1_TOP_U0/RegFile_U2/U253/Y (OAI2BB2X1M)          0.28       2.43 f
  Domain_1_TOP_U0/RegFile_U2/regArr_reg[9][1]/D (SDFFRQX2M)
                                                          0.00       2.43 f
  data arrival time                                                  2.43

  clock scan_clk (rise edge)                            100.00     100.00
  clock network delay (ideal)                             0.00     100.00
  clock uncertainty                                      -0.20      99.80
  Domain_1_TOP_U0/RegFile_U2/regArr_reg[9][1]/CK (SDFFRQX2M)
                                                          0.00      99.80 r
  library setup time                                     -0.41      99.39
  data required time                                                99.39
  --------------------------------------------------------------------------
  data required time                                                99.39
  data arrival time                                                 -2.43
  --------------------------------------------------------------------------
  slack (MET)                                                       96.96


  Startpoint: Domain_1_TOP_U0/SYS_CTRL_U3/cur_state_reg[1]
              (rising edge-triggered flip-flop clocked by scan_clk)
  Endpoint: Domain_1_TOP_U0/RegFile_U2/regArr_reg[9][0]
            (rising edge-triggered flip-flop clocked by scan_clk)
  Path Group: scan_clk
  Path Type: max

  Point                                                   Incr       Path
  --------------------------------------------------------------------------
  clock scan_clk (rise edge)                              0.00       0.00
  clock network delay (ideal)                             0.00       0.00
  Domain_1_TOP_U0/SYS_CTRL_U3/cur_state_reg[1]/CK (SDFFRQX2M)
                                                          0.00       0.00 r
  Domain_1_TOP_U0/SYS_CTRL_U3/cur_state_reg[1]/Q (SDFFRQX2M)
                                                          0.43       0.43 r
  Domain_1_TOP_U0/SYS_CTRL_U3/U105/Y (INVX2M)             0.07       0.51 f
  Domain_1_TOP_U0/SYS_CTRL_U3/U41/Y (NOR3X2M)             0.36       0.86 r
  Domain_1_TOP_U0/SYS_CTRL_U3/U67/Y (NAND2X2M)            0.24       1.10 f
  Domain_1_TOP_U0/SYS_CTRL_U3/U46/Y (AND3X2M)             0.26       1.36 f
  Domain_1_TOP_U0/SYS_CTRL_U3/U98/Y (NOR2X2M)             0.22       1.59 r
  Domain_1_TOP_U0/SYS_CTRL_U3/Address[3] (SYS_CTRL_test_1)
                                                          0.00       1.59 r
  Domain_1_TOP_U0/RegFile_U2/Address[3] (RegFile_test_1)
                                                          0.00       1.59 r
  Domain_1_TOP_U0/RegFile_U2/U197/Y (AND2X2M)             0.18       1.77 r
  Domain_1_TOP_U0/RegFile_U2/U192/Y (AND2X2M)             0.19       1.96 r
  Domain_1_TOP_U0/RegFile_U2/U169/Y (NAND2X2M)            0.20       2.16 f
  Domain_1_TOP_U0/RegFile_U2/U252/Y (OAI2BB2X1M)          0.28       2.43 f
  Domain_1_TOP_U0/RegFile_U2/regArr_reg[9][0]/D (SDFFRQX2M)
                                                          0.00       2.43 f
  data arrival time                                                  2.43

  clock scan_clk (rise edge)                            100.00     100.00
  clock network delay (ideal)                             0.00     100.00
  clock uncertainty                                      -0.20      99.80
  Domain_1_TOP_U0/RegFile_U2/regArr_reg[9][0]/CK (SDFFRQX2M)
                                                          0.00      99.80 r
  library setup time                                     -0.41      99.39
  data required time                                                99.39
  --------------------------------------------------------------------------
  data required time                                                99.39
  data arrival time                                                 -2.43
  --------------------------------------------------------------------------
  slack (MET)                                                       96.96


  Startpoint: Domain_1_TOP_U0/SYS_CTRL_U3/cur_state_reg[1]
              (rising edge-triggered flip-flop clocked by scan_clk)
  Endpoint: Domain_1_TOP_U0/RegFile_U2/regArr_reg[10][7]
            (rising edge-triggered flip-flop clocked by scan_clk)
  Path Group: scan_clk
  Path Type: max

  Point                                                   Incr       Path
  --------------------------------------------------------------------------
  clock scan_clk (rise edge)                              0.00       0.00
  clock network delay (ideal)                             0.00       0.00
  Domain_1_TOP_U0/SYS_CTRL_U3/cur_state_reg[1]/CK (SDFFRQX2M)
                                                          0.00       0.00 r
  Domain_1_TOP_U0/SYS_CTRL_U3/cur_state_reg[1]/Q (SDFFRQX2M)
                                                          0.43       0.43 r
  Domain_1_TOP_U0/SYS_CTRL_U3/U105/Y (INVX2M)             0.07       0.51 f
  Domain_1_TOP_U0/SYS_CTRL_U3/U41/Y (NOR3X2M)             0.36       0.86 r
  Domain_1_TOP_U0/SYS_CTRL_U3/U67/Y (NAND2X2M)            0.24       1.10 f
  Domain_1_TOP_U0/SYS_CTRL_U3/U46/Y (AND3X2M)             0.26       1.36 f
  Domain_1_TOP_U0/SYS_CTRL_U3/U98/Y (NOR2X2M)             0.22       1.59 r
  Domain_1_TOP_U0/SYS_CTRL_U3/Address[3] (SYS_CTRL_test_1)
                                                          0.00       1.59 r
  Domain_1_TOP_U0/RegFile_U2/Address[3] (RegFile_test_1)
                                                          0.00       1.59 r
  Domain_1_TOP_U0/RegFile_U2/U197/Y (AND2X2M)             0.18       1.77 r
  Domain_1_TOP_U0/RegFile_U2/U178/Y (AND2X2M)             0.19       1.96 r
  Domain_1_TOP_U0/RegFile_U2/U170/Y (NAND2X2M)            0.20       2.16 f
  Domain_1_TOP_U0/RegFile_U2/U267/Y (OAI2BB2X1M)          0.28       2.43 f
  Domain_1_TOP_U0/RegFile_U2/regArr_reg[10][7]/D (SDFFRQX2M)
                                                          0.00       2.43 f
  data arrival time                                                  2.43

  clock scan_clk (rise edge)                            100.00     100.00
  clock network delay (ideal)                             0.00     100.00
  clock uncertainty                                      -0.20      99.80
  Domain_1_TOP_U0/RegFile_U2/regArr_reg[10][7]/CK (SDFFRQX2M)
                                                          0.00      99.80 r
  library setup time                                     -0.41      99.39
  data required time                                                99.39
  --------------------------------------------------------------------------
  data required time                                                99.39
  data arrival time                                                 -2.43
  --------------------------------------------------------------------------
  slack (MET)                                                       96.96


  Startpoint: Domain_1_TOP_U0/SYS_CTRL_U3/cur_state_reg[1]
              (rising edge-triggered flip-flop clocked by scan_clk)
  Endpoint: Domain_1_TOP_U0/RegFile_U2/regArr_reg[10][6]
            (rising edge-triggered flip-flop clocked by scan_clk)
  Path Group: scan_clk
  Path Type: max

  Point                                                   Incr       Path
  --------------------------------------------------------------------------
  clock scan_clk (rise edge)                              0.00       0.00
  clock network delay (ideal)                             0.00       0.00
  Domain_1_TOP_U0/SYS_CTRL_U3/cur_state_reg[1]/CK (SDFFRQX2M)
                                                          0.00       0.00 r
  Domain_1_TOP_U0/SYS_CTRL_U3/cur_state_reg[1]/Q (SDFFRQX2M)
                                                          0.43       0.43 r
  Domain_1_TOP_U0/SYS_CTRL_U3/U105/Y (INVX2M)             0.07       0.51 f
  Domain_1_TOP_U0/SYS_CTRL_U3/U41/Y (NOR3X2M)             0.36       0.86 r
  Domain_1_TOP_U0/SYS_CTRL_U3/U67/Y (NAND2X2M)            0.24       1.10 f
  Domain_1_TOP_U0/SYS_CTRL_U3/U46/Y (AND3X2M)             0.26       1.36 f
  Domain_1_TOP_U0/SYS_CTRL_U3/U98/Y (NOR2X2M)             0.22       1.59 r
  Domain_1_TOP_U0/SYS_CTRL_U3/Address[3] (SYS_CTRL_test_1)
                                                          0.00       1.59 r
  Domain_1_TOP_U0/RegFile_U2/Address[3] (RegFile_test_1)
                                                          0.00       1.59 r
  Domain_1_TOP_U0/RegFile_U2/U197/Y (AND2X2M)             0.18       1.77 r
  Domain_1_TOP_U0/RegFile_U2/U178/Y (AND2X2M)             0.19       1.96 r
  Domain_1_TOP_U0/RegFile_U2/U170/Y (NAND2X2M)            0.20       2.16 f
  Domain_1_TOP_U0/RegFile_U2/U266/Y (OAI2BB2X1M)          0.28       2.43 f
  Domain_1_TOP_U0/RegFile_U2/regArr_reg[10][6]/D (SDFFRQX2M)
                                                          0.00       2.43 f
  data arrival time                                                  2.43

  clock scan_clk (rise edge)                            100.00     100.00
  clock network delay (ideal)                             0.00     100.00
  clock uncertainty                                      -0.20      99.80
  Domain_1_TOP_U0/RegFile_U2/regArr_reg[10][6]/CK (SDFFRQX2M)
                                                          0.00      99.80 r
  library setup time                                     -0.41      99.39
  data required time                                                99.39
  --------------------------------------------------------------------------
  data required time                                                99.39
  data arrival time                                                 -2.43
  --------------------------------------------------------------------------
  slack (MET)                                                       96.96


  Startpoint: Domain_1_TOP_U0/SYS_CTRL_U3/cur_state_reg[1]
              (rising edge-triggered flip-flop clocked by scan_clk)
  Endpoint: Domain_1_TOP_U0/RegFile_U2/regArr_reg[10][5]
            (rising edge-triggered flip-flop clocked by scan_clk)
  Path Group: scan_clk
  Path Type: max

  Point                                                   Incr       Path
  --------------------------------------------------------------------------
  clock scan_clk (rise edge)                              0.00       0.00
  clock network delay (ideal)                             0.00       0.00
  Domain_1_TOP_U0/SYS_CTRL_U3/cur_state_reg[1]/CK (SDFFRQX2M)
                                                          0.00       0.00 r
  Domain_1_TOP_U0/SYS_CTRL_U3/cur_state_reg[1]/Q (SDFFRQX2M)
                                                          0.43       0.43 r
  Domain_1_TOP_U0/SYS_CTRL_U3/U105/Y (INVX2M)             0.07       0.51 f
  Domain_1_TOP_U0/SYS_CTRL_U3/U41/Y (NOR3X2M)             0.36       0.86 r
  Domain_1_TOP_U0/SYS_CTRL_U3/U67/Y (NAND2X2M)            0.24       1.10 f
  Domain_1_TOP_U0/SYS_CTRL_U3/U46/Y (AND3X2M)             0.26       1.36 f
  Domain_1_TOP_U0/SYS_CTRL_U3/U98/Y (NOR2X2M)             0.22       1.59 r
  Domain_1_TOP_U0/SYS_CTRL_U3/Address[3] (SYS_CTRL_test_1)
                                                          0.00       1.59 r
  Domain_1_TOP_U0/RegFile_U2/Address[3] (RegFile_test_1)
                                                          0.00       1.59 r
  Domain_1_TOP_U0/RegFile_U2/U197/Y (AND2X2M)             0.18       1.77 r
  Domain_1_TOP_U0/RegFile_U2/U178/Y (AND2X2M)             0.19       1.96 r
  Domain_1_TOP_U0/RegFile_U2/U170/Y (NAND2X2M)            0.20       2.16 f
  Domain_1_TOP_U0/RegFile_U2/U265/Y (OAI2BB2X1M)          0.28       2.43 f
  Domain_1_TOP_U0/RegFile_U2/regArr_reg[10][5]/D (SDFFRQX2M)
                                                          0.00       2.43 f
  data arrival time                                                  2.43

  clock scan_clk (rise edge)                            100.00     100.00
  clock network delay (ideal)                             0.00     100.00
  clock uncertainty                                      -0.20      99.80
  Domain_1_TOP_U0/RegFile_U2/regArr_reg[10][5]/CK (SDFFRQX2M)
                                                          0.00      99.80 r
  library setup time                                     -0.41      99.39
  data required time                                                99.39
  --------------------------------------------------------------------------
  data required time                                                99.39
  data arrival time                                                 -2.43
  --------------------------------------------------------------------------
  slack (MET)                                                       96.96


  Startpoint: Domain_1_TOP_U0/SYS_CTRL_U3/cur_state_reg[1]
              (rising edge-triggered flip-flop clocked by scan_clk)
  Endpoint: Domain_1_TOP_U0/RegFile_U2/regArr_reg[10][4]
            (rising edge-triggered flip-flop clocked by scan_clk)
  Path Group: scan_clk
  Path Type: max

  Point                                                   Incr       Path
  --------------------------------------------------------------------------
  clock scan_clk (rise edge)                              0.00       0.00
  clock network delay (ideal)                             0.00       0.00
  Domain_1_TOP_U0/SYS_CTRL_U3/cur_state_reg[1]/CK (SDFFRQX2M)
                                                          0.00       0.00 r
  Domain_1_TOP_U0/SYS_CTRL_U3/cur_state_reg[1]/Q (SDFFRQX2M)
                                                          0.43       0.43 r
  Domain_1_TOP_U0/SYS_CTRL_U3/U105/Y (INVX2M)             0.07       0.51 f
  Domain_1_TOP_U0/SYS_CTRL_U3/U41/Y (NOR3X2M)             0.36       0.86 r
  Domain_1_TOP_U0/SYS_CTRL_U3/U67/Y (NAND2X2M)            0.24       1.10 f
  Domain_1_TOP_U0/SYS_CTRL_U3/U46/Y (AND3X2M)             0.26       1.36 f
  Domain_1_TOP_U0/SYS_CTRL_U3/U98/Y (NOR2X2M)             0.22       1.59 r
  Domain_1_TOP_U0/SYS_CTRL_U3/Address[3] (SYS_CTRL_test_1)
                                                          0.00       1.59 r
  Domain_1_TOP_U0/RegFile_U2/Address[3] (RegFile_test_1)
                                                          0.00       1.59 r
  Domain_1_TOP_U0/RegFile_U2/U197/Y (AND2X2M)             0.18       1.77 r
  Domain_1_TOP_U0/RegFile_U2/U178/Y (AND2X2M)             0.19       1.96 r
  Domain_1_TOP_U0/RegFile_U2/U170/Y (NAND2X2M)            0.20       2.16 f
  Domain_1_TOP_U0/RegFile_U2/U264/Y (OAI2BB2X1M)          0.28       2.43 f
  Domain_1_TOP_U0/RegFile_U2/regArr_reg[10][4]/D (SDFFRQX2M)
                                                          0.00       2.43 f
  data arrival time                                                  2.43

  clock scan_clk (rise edge)                            100.00     100.00
  clock network delay (ideal)                             0.00     100.00
  clock uncertainty                                      -0.20      99.80
  Domain_1_TOP_U0/RegFile_U2/regArr_reg[10][4]/CK (SDFFRQX2M)
                                                          0.00      99.80 r
  library setup time                                     -0.41      99.39
  data required time                                                99.39
  --------------------------------------------------------------------------
  data required time                                                99.39
  data arrival time                                                 -2.43
  --------------------------------------------------------------------------
  slack (MET)                                                       96.96


  Startpoint: Domain_1_TOP_U0/SYS_CTRL_U3/cur_state_reg[1]
              (rising edge-triggered flip-flop clocked by scan_clk)
  Endpoint: Domain_1_TOP_U0/RegFile_U2/regArr_reg[10][3]
            (rising edge-triggered flip-flop clocked by scan_clk)
  Path Group: scan_clk
  Path Type: max

  Point                                                   Incr       Path
  --------------------------------------------------------------------------
  clock scan_clk (rise edge)                              0.00       0.00
  clock network delay (ideal)                             0.00       0.00
  Domain_1_TOP_U0/SYS_CTRL_U3/cur_state_reg[1]/CK (SDFFRQX2M)
                                                          0.00       0.00 r
  Domain_1_TOP_U0/SYS_CTRL_U3/cur_state_reg[1]/Q (SDFFRQX2M)
                                                          0.43       0.43 r
  Domain_1_TOP_U0/SYS_CTRL_U3/U105/Y (INVX2M)             0.07       0.51 f
  Domain_1_TOP_U0/SYS_CTRL_U3/U41/Y (NOR3X2M)             0.36       0.86 r
  Domain_1_TOP_U0/SYS_CTRL_U3/U67/Y (NAND2X2M)            0.24       1.10 f
  Domain_1_TOP_U0/SYS_CTRL_U3/U46/Y (AND3X2M)             0.26       1.36 f
  Domain_1_TOP_U0/SYS_CTRL_U3/U98/Y (NOR2X2M)             0.22       1.59 r
  Domain_1_TOP_U0/SYS_CTRL_U3/Address[3] (SYS_CTRL_test_1)
                                                          0.00       1.59 r
  Domain_1_TOP_U0/RegFile_U2/Address[3] (RegFile_test_1)
                                                          0.00       1.59 r
  Domain_1_TOP_U0/RegFile_U2/U197/Y (AND2X2M)             0.18       1.77 r
  Domain_1_TOP_U0/RegFile_U2/U178/Y (AND2X2M)             0.19       1.96 r
  Domain_1_TOP_U0/RegFile_U2/U170/Y (NAND2X2M)            0.20       2.16 f
  Domain_1_TOP_U0/RegFile_U2/U263/Y (OAI2BB2X1M)          0.28       2.43 f
  Domain_1_TOP_U0/RegFile_U2/regArr_reg[10][3]/D (SDFFRQX2M)
                                                          0.00       2.43 f
  data arrival time                                                  2.43

  clock scan_clk (rise edge)                            100.00     100.00
  clock network delay (ideal)                             0.00     100.00
  clock uncertainty                                      -0.20      99.80
  Domain_1_TOP_U0/RegFile_U2/regArr_reg[10][3]/CK (SDFFRQX2M)
                                                          0.00      99.80 r
  library setup time                                     -0.41      99.39
  data required time                                                99.39
  --------------------------------------------------------------------------
  data required time                                                99.39
  data arrival time                                                 -2.43
  --------------------------------------------------------------------------
  slack (MET)                                                       96.96


  Startpoint: Domain_1_TOP_U0/SYS_CTRL_U3/cur_state_reg[1]
              (rising edge-triggered flip-flop clocked by scan_clk)
  Endpoint: Domain_1_TOP_U0/RegFile_U2/regArr_reg[10][2]
            (rising edge-triggered flip-flop clocked by scan_clk)
  Path Group: scan_clk
  Path Type: max

  Point                                                   Incr       Path
  --------------------------------------------------------------------------
  clock scan_clk (rise edge)                              0.00       0.00
  clock network delay (ideal)                             0.00       0.00
  Domain_1_TOP_U0/SYS_CTRL_U3/cur_state_reg[1]/CK (SDFFRQX2M)
                                                          0.00       0.00 r
  Domain_1_TOP_U0/SYS_CTRL_U3/cur_state_reg[1]/Q (SDFFRQX2M)
                                                          0.43       0.43 r
  Domain_1_TOP_U0/SYS_CTRL_U3/U105/Y (INVX2M)             0.07       0.51 f
  Domain_1_TOP_U0/SYS_CTRL_U3/U41/Y (NOR3X2M)             0.36       0.86 r
  Domain_1_TOP_U0/SYS_CTRL_U3/U67/Y (NAND2X2M)            0.24       1.10 f
  Domain_1_TOP_U0/SYS_CTRL_U3/U46/Y (AND3X2M)             0.26       1.36 f
  Domain_1_TOP_U0/SYS_CTRL_U3/U98/Y (NOR2X2M)             0.22       1.59 r
  Domain_1_TOP_U0/SYS_CTRL_U3/Address[3] (SYS_CTRL_test_1)
                                                          0.00       1.59 r
  Domain_1_TOP_U0/RegFile_U2/Address[3] (RegFile_test_1)
                                                          0.00       1.59 r
  Domain_1_TOP_U0/RegFile_U2/U197/Y (AND2X2M)             0.18       1.77 r
  Domain_1_TOP_U0/RegFile_U2/U178/Y (AND2X2M)             0.19       1.96 r
  Domain_1_TOP_U0/RegFile_U2/U170/Y (NAND2X2M)            0.20       2.16 f
  Domain_1_TOP_U0/RegFile_U2/U262/Y (OAI2BB2X1M)          0.28       2.43 f
  Domain_1_TOP_U0/RegFile_U2/regArr_reg[10][2]/D (SDFFRQX2M)
                                                          0.00       2.43 f
  data arrival time                                                  2.43

  clock scan_clk (rise edge)                            100.00     100.00
  clock network delay (ideal)                             0.00     100.00
  clock uncertainty                                      -0.20      99.80
  Domain_1_TOP_U0/RegFile_U2/regArr_reg[10][2]/CK (SDFFRQX2M)
                                                          0.00      99.80 r
  library setup time                                     -0.41      99.39
  data required time                                                99.39
  --------------------------------------------------------------------------
  data required time                                                99.39
  data arrival time                                                 -2.43
  --------------------------------------------------------------------------
  slack (MET)                                                       96.96


  Startpoint: Domain_1_TOP_U0/SYS_CTRL_U3/cur_state_reg[1]
              (rising edge-triggered flip-flop clocked by scan_clk)
  Endpoint: Domain_1_TOP_U0/RegFile_U2/regArr_reg[10][1]
            (rising edge-triggered flip-flop clocked by scan_clk)
  Path Group: scan_clk
  Path Type: max

  Point                                                   Incr       Path
  --------------------------------------------------------------------------
  clock scan_clk (rise edge)                              0.00       0.00
  clock network delay (ideal)                             0.00       0.00
  Domain_1_TOP_U0/SYS_CTRL_U3/cur_state_reg[1]/CK (SDFFRQX2M)
                                                          0.00       0.00 r
  Domain_1_TOP_U0/SYS_CTRL_U3/cur_state_reg[1]/Q (SDFFRQX2M)
                                                          0.43       0.43 r
  Domain_1_TOP_U0/SYS_CTRL_U3/U105/Y (INVX2M)             0.07       0.51 f
  Domain_1_TOP_U0/SYS_CTRL_U3/U41/Y (NOR3X2M)             0.36       0.86 r
  Domain_1_TOP_U0/SYS_CTRL_U3/U67/Y (NAND2X2M)            0.24       1.10 f
  Domain_1_TOP_U0/SYS_CTRL_U3/U46/Y (AND3X2M)             0.26       1.36 f
  Domain_1_TOP_U0/SYS_CTRL_U3/U98/Y (NOR2X2M)             0.22       1.59 r
  Domain_1_TOP_U0/SYS_CTRL_U3/Address[3] (SYS_CTRL_test_1)
                                                          0.00       1.59 r
  Domain_1_TOP_U0/RegFile_U2/Address[3] (RegFile_test_1)
                                                          0.00       1.59 r
  Domain_1_TOP_U0/RegFile_U2/U197/Y (AND2X2M)             0.18       1.77 r
  Domain_1_TOP_U0/RegFile_U2/U178/Y (AND2X2M)             0.19       1.96 r
  Domain_1_TOP_U0/RegFile_U2/U170/Y (NAND2X2M)            0.20       2.16 f
  Domain_1_TOP_U0/RegFile_U2/U261/Y (OAI2BB2X1M)          0.28       2.43 f
  Domain_1_TOP_U0/RegFile_U2/regArr_reg[10][1]/D (SDFFRQX2M)
                                                          0.00       2.43 f
  data arrival time                                                  2.43

  clock scan_clk (rise edge)                            100.00     100.00
  clock network delay (ideal)                             0.00     100.00
  clock uncertainty                                      -0.20      99.80
  Domain_1_TOP_U0/RegFile_U2/regArr_reg[10][1]/CK (SDFFRQX2M)
                                                          0.00      99.80 r
  library setup time                                     -0.41      99.39
  data required time                                                99.39
  --------------------------------------------------------------------------
  data required time                                                99.39
  data arrival time                                                 -2.43
  --------------------------------------------------------------------------
  slack (MET)                                                       96.96


  Startpoint: Domain_1_TOP_U0/SYS_CTRL_U3/cur_state_reg[1]
              (rising edge-triggered flip-flop clocked by scan_clk)
  Endpoint: Domain_1_TOP_U0/RegFile_U2/regArr_reg[10][0]
            (rising edge-triggered flip-flop clocked by scan_clk)
  Path Group: scan_clk
  Path Type: max

  Point                                                   Incr       Path
  --------------------------------------------------------------------------
  clock scan_clk (rise edge)                              0.00       0.00
  clock network delay (ideal)                             0.00       0.00
  Domain_1_TOP_U0/SYS_CTRL_U3/cur_state_reg[1]/CK (SDFFRQX2M)
                                                          0.00       0.00 r
  Domain_1_TOP_U0/SYS_CTRL_U3/cur_state_reg[1]/Q (SDFFRQX2M)
                                                          0.43       0.43 r
  Domain_1_TOP_U0/SYS_CTRL_U3/U105/Y (INVX2M)             0.07       0.51 f
  Domain_1_TOP_U0/SYS_CTRL_U3/U41/Y (NOR3X2M)             0.36       0.86 r
  Domain_1_TOP_U0/SYS_CTRL_U3/U67/Y (NAND2X2M)            0.24       1.10 f
  Domain_1_TOP_U0/SYS_CTRL_U3/U46/Y (AND3X2M)             0.26       1.36 f
  Domain_1_TOP_U0/SYS_CTRL_U3/U98/Y (NOR2X2M)             0.22       1.59 r
  Domain_1_TOP_U0/SYS_CTRL_U3/Address[3] (SYS_CTRL_test_1)
                                                          0.00       1.59 r
  Domain_1_TOP_U0/RegFile_U2/Address[3] (RegFile_test_1)
                                                          0.00       1.59 r
  Domain_1_TOP_U0/RegFile_U2/U197/Y (AND2X2M)             0.18       1.77 r
  Domain_1_TOP_U0/RegFile_U2/U178/Y (AND2X2M)             0.19       1.96 r
  Domain_1_TOP_U0/RegFile_U2/U170/Y (NAND2X2M)            0.20       2.16 f
  Domain_1_TOP_U0/RegFile_U2/U260/Y (OAI2BB2X1M)          0.28       2.43 f
  Domain_1_TOP_U0/RegFile_U2/regArr_reg[10][0]/D (SDFFRQX2M)
                                                          0.00       2.43 f
  data arrival time                                                  2.43

  clock scan_clk (rise edge)                            100.00     100.00
  clock network delay (ideal)                             0.00     100.00
  clock uncertainty                                      -0.20      99.80
  Domain_1_TOP_U0/RegFile_U2/regArr_reg[10][0]/CK (SDFFRQX2M)
                                                          0.00      99.80 r
  library setup time                                     -0.41      99.39
  data required time                                                99.39
  --------------------------------------------------------------------------
  data required time                                                99.39
  data arrival time                                                 -2.43
  --------------------------------------------------------------------------
  slack (MET)                                                       96.96


  Startpoint: Domain_1_TOP_U0/SYS_CTRL_U3/cur_state_reg[1]
              (rising edge-triggered flip-flop clocked by scan_clk)
  Endpoint: Domain_1_TOP_U0/RegFile_U2/regArr_reg[8][7]
            (rising edge-triggered flip-flop clocked by scan_clk)
  Path Group: scan_clk
  Path Type: max

  Point                                                   Incr       Path
  --------------------------------------------------------------------------
  clock scan_clk (rise edge)                              0.00       0.00
  clock network delay (ideal)                             0.00       0.00
  Domain_1_TOP_U0/SYS_CTRL_U3/cur_state_reg[1]/CK (SDFFRQX2M)
                                                          0.00       0.00 r
  Domain_1_TOP_U0/SYS_CTRL_U3/cur_state_reg[1]/Q (SDFFRQX2M)
                                                          0.43       0.43 r
  Domain_1_TOP_U0/SYS_CTRL_U3/U105/Y (INVX2M)             0.07       0.51 f
  Domain_1_TOP_U0/SYS_CTRL_U3/U41/Y (NOR3X2M)             0.36       0.86 r
  Domain_1_TOP_U0/SYS_CTRL_U3/U67/Y (NAND2X2M)            0.24       1.10 f
  Domain_1_TOP_U0/SYS_CTRL_U3/U46/Y (AND3X2M)             0.26       1.36 f
  Domain_1_TOP_U0/SYS_CTRL_U3/U98/Y (NOR2X2M)             0.22       1.59 r
  Domain_1_TOP_U0/SYS_CTRL_U3/Address[3] (SYS_CTRL_test_1)
                                                          0.00       1.59 r
  Domain_1_TOP_U0/RegFile_U2/Address[3] (RegFile_test_1)
                                                          0.00       1.59 r
  Domain_1_TOP_U0/RegFile_U2/U197/Y (AND2X2M)             0.18       1.77 r
  Domain_1_TOP_U0/RegFile_U2/U178/Y (AND2X2M)             0.19       1.96 r
  Domain_1_TOP_U0/RegFile_U2/U168/Y (NAND2X2M)            0.20       2.16 f
  Domain_1_TOP_U0/RegFile_U2/U251/Y (OAI2BB2X1M)          0.28       2.43 f
  Domain_1_TOP_U0/RegFile_U2/regArr_reg[8][7]/D (SDFFRQX2M)
                                                          0.00       2.43 f
  data arrival time                                                  2.43

  clock scan_clk (rise edge)                            100.00     100.00
  clock network delay (ideal)                             0.00     100.00
  clock uncertainty                                      -0.20      99.80
  Domain_1_TOP_U0/RegFile_U2/regArr_reg[8][7]/CK (SDFFRQX2M)
                                                          0.00      99.80 r
  library setup time                                     -0.41      99.39
  data required time                                                99.39
  --------------------------------------------------------------------------
  data required time                                                99.39
  data arrival time                                                 -2.43
  --------------------------------------------------------------------------
  slack (MET)                                                       96.96


  Startpoint: Domain_1_TOP_U0/SYS_CTRL_U3/cur_state_reg[1]
              (rising edge-triggered flip-flop clocked by scan_clk)
  Endpoint: Domain_1_TOP_U0/RegFile_U2/regArr_reg[8][6]
            (rising edge-triggered flip-flop clocked by scan_clk)
  Path Group: scan_clk
  Path Type: max

  Point                                                   Incr       Path
  --------------------------------------------------------------------------
  clock scan_clk (rise edge)                              0.00       0.00
  clock network delay (ideal)                             0.00       0.00
  Domain_1_TOP_U0/SYS_CTRL_U3/cur_state_reg[1]/CK (SDFFRQX2M)
                                                          0.00       0.00 r
  Domain_1_TOP_U0/SYS_CTRL_U3/cur_state_reg[1]/Q (SDFFRQX2M)
                                                          0.43       0.43 r
  Domain_1_TOP_U0/SYS_CTRL_U3/U105/Y (INVX2M)             0.07       0.51 f
  Domain_1_TOP_U0/SYS_CTRL_U3/U41/Y (NOR3X2M)             0.36       0.86 r
  Domain_1_TOP_U0/SYS_CTRL_U3/U67/Y (NAND2X2M)            0.24       1.10 f
  Domain_1_TOP_U0/SYS_CTRL_U3/U46/Y (AND3X2M)             0.26       1.36 f
  Domain_1_TOP_U0/SYS_CTRL_U3/U98/Y (NOR2X2M)             0.22       1.59 r
  Domain_1_TOP_U0/SYS_CTRL_U3/Address[3] (SYS_CTRL_test_1)
                                                          0.00       1.59 r
  Domain_1_TOP_U0/RegFile_U2/Address[3] (RegFile_test_1)
                                                          0.00       1.59 r
  Domain_1_TOP_U0/RegFile_U2/U197/Y (AND2X2M)             0.18       1.77 r
  Domain_1_TOP_U0/RegFile_U2/U178/Y (AND2X2M)             0.19       1.96 r
  Domain_1_TOP_U0/RegFile_U2/U168/Y (NAND2X2M)            0.20       2.16 f
  Domain_1_TOP_U0/RegFile_U2/U250/Y (OAI2BB2X1M)          0.28       2.43 f
  Domain_1_TOP_U0/RegFile_U2/regArr_reg[8][6]/D (SDFFRQX2M)
                                                          0.00       2.43 f
  data arrival time                                                  2.43

  clock scan_clk (rise edge)                            100.00     100.00
  clock network delay (ideal)                             0.00     100.00
  clock uncertainty                                      -0.20      99.80
  Domain_1_TOP_U0/RegFile_U2/regArr_reg[8][6]/CK (SDFFRQX2M)
                                                          0.00      99.80 r
  library setup time                                     -0.41      99.39
  data required time                                                99.39
  --------------------------------------------------------------------------
  data required time                                                99.39
  data arrival time                                                 -2.43
  --------------------------------------------------------------------------
  slack (MET)                                                       96.96


  Startpoint: Domain_1_TOP_U0/SYS_CTRL_U3/cur_state_reg[1]
              (rising edge-triggered flip-flop clocked by scan_clk)
  Endpoint: Domain_1_TOP_U0/RegFile_U2/regArr_reg[8][5]
            (rising edge-triggered flip-flop clocked by scan_clk)
  Path Group: scan_clk
  Path Type: max

  Point                                                   Incr       Path
  --------------------------------------------------------------------------
  clock scan_clk (rise edge)                              0.00       0.00
  clock network delay (ideal)                             0.00       0.00
  Domain_1_TOP_U0/SYS_CTRL_U3/cur_state_reg[1]/CK (SDFFRQX2M)
                                                          0.00       0.00 r
  Domain_1_TOP_U0/SYS_CTRL_U3/cur_state_reg[1]/Q (SDFFRQX2M)
                                                          0.43       0.43 r
  Domain_1_TOP_U0/SYS_CTRL_U3/U105/Y (INVX2M)             0.07       0.51 f
  Domain_1_TOP_U0/SYS_CTRL_U3/U41/Y (NOR3X2M)             0.36       0.86 r
  Domain_1_TOP_U0/SYS_CTRL_U3/U67/Y (NAND2X2M)            0.24       1.10 f
  Domain_1_TOP_U0/SYS_CTRL_U3/U46/Y (AND3X2M)             0.26       1.36 f
  Domain_1_TOP_U0/SYS_CTRL_U3/U98/Y (NOR2X2M)             0.22       1.59 r
  Domain_1_TOP_U0/SYS_CTRL_U3/Address[3] (SYS_CTRL_test_1)
                                                          0.00       1.59 r
  Domain_1_TOP_U0/RegFile_U2/Address[3] (RegFile_test_1)
                                                          0.00       1.59 r
  Domain_1_TOP_U0/RegFile_U2/U197/Y (AND2X2M)             0.18       1.77 r
  Domain_1_TOP_U0/RegFile_U2/U178/Y (AND2X2M)             0.19       1.96 r
  Domain_1_TOP_U0/RegFile_U2/U168/Y (NAND2X2M)            0.20       2.16 f
  Domain_1_TOP_U0/RegFile_U2/U249/Y (OAI2BB2X1M)          0.28       2.43 f
  Domain_1_TOP_U0/RegFile_U2/regArr_reg[8][5]/D (SDFFRQX2M)
                                                          0.00       2.43 f
  data arrival time                                                  2.43

  clock scan_clk (rise edge)                            100.00     100.00
  clock network delay (ideal)                             0.00     100.00
  clock uncertainty                                      -0.20      99.80
  Domain_1_TOP_U0/RegFile_U2/regArr_reg[8][5]/CK (SDFFRQX2M)
                                                          0.00      99.80 r
  library setup time                                     -0.41      99.39
  data required time                                                99.39
  --------------------------------------------------------------------------
  data required time                                                99.39
  data arrival time                                                 -2.43
  --------------------------------------------------------------------------
  slack (MET)                                                       96.96


  Startpoint: Domain_1_TOP_U0/SYS_CTRL_U3/cur_state_reg[1]
              (rising edge-triggered flip-flop clocked by scan_clk)
  Endpoint: Domain_1_TOP_U0/RegFile_U2/regArr_reg[8][4]
            (rising edge-triggered flip-flop clocked by scan_clk)
  Path Group: scan_clk
  Path Type: max

  Point                                                   Incr       Path
  --------------------------------------------------------------------------
  clock scan_clk (rise edge)                              0.00       0.00
  clock network delay (ideal)                             0.00       0.00
  Domain_1_TOP_U0/SYS_CTRL_U3/cur_state_reg[1]/CK (SDFFRQX2M)
                                                          0.00       0.00 r
  Domain_1_TOP_U0/SYS_CTRL_U3/cur_state_reg[1]/Q (SDFFRQX2M)
                                                          0.43       0.43 r
  Domain_1_TOP_U0/SYS_CTRL_U3/U105/Y (INVX2M)             0.07       0.51 f
  Domain_1_TOP_U0/SYS_CTRL_U3/U41/Y (NOR3X2M)             0.36       0.86 r
  Domain_1_TOP_U0/SYS_CTRL_U3/U67/Y (NAND2X2M)            0.24       1.10 f
  Domain_1_TOP_U0/SYS_CTRL_U3/U46/Y (AND3X2M)             0.26       1.36 f
  Domain_1_TOP_U0/SYS_CTRL_U3/U98/Y (NOR2X2M)             0.22       1.59 r
  Domain_1_TOP_U0/SYS_CTRL_U3/Address[3] (SYS_CTRL_test_1)
                                                          0.00       1.59 r
  Domain_1_TOP_U0/RegFile_U2/Address[3] (RegFile_test_1)
                                                          0.00       1.59 r
  Domain_1_TOP_U0/RegFile_U2/U197/Y (AND2X2M)             0.18       1.77 r
  Domain_1_TOP_U0/RegFile_U2/U178/Y (AND2X2M)             0.19       1.96 r
  Domain_1_TOP_U0/RegFile_U2/U168/Y (NAND2X2M)            0.20       2.16 f
  Domain_1_TOP_U0/RegFile_U2/U248/Y (OAI2BB2X1M)          0.28       2.43 f
  Domain_1_TOP_U0/RegFile_U2/regArr_reg[8][4]/D (SDFFRQX2M)
                                                          0.00       2.43 f
  data arrival time                                                  2.43

  clock scan_clk (rise edge)                            100.00     100.00
  clock network delay (ideal)                             0.00     100.00
  clock uncertainty                                      -0.20      99.80
  Domain_1_TOP_U0/RegFile_U2/regArr_reg[8][4]/CK (SDFFRQX2M)
                                                          0.00      99.80 r
  library setup time                                     -0.41      99.39
  data required time                                                99.39
  --------------------------------------------------------------------------
  data required time                                                99.39
  data arrival time                                                 -2.43
  --------------------------------------------------------------------------
  slack (MET)                                                       96.96


  Startpoint: Domain_1_TOP_U0/SYS_CTRL_U3/cur_state_reg[1]
              (rising edge-triggered flip-flop clocked by scan_clk)
  Endpoint: Domain_1_TOP_U0/RegFile_U2/regArr_reg[8][3]
            (rising edge-triggered flip-flop clocked by scan_clk)
  Path Group: scan_clk
  Path Type: max

  Point                                                   Incr       Path
  --------------------------------------------------------------------------
  clock scan_clk (rise edge)                              0.00       0.00
  clock network delay (ideal)                             0.00       0.00
  Domain_1_TOP_U0/SYS_CTRL_U3/cur_state_reg[1]/CK (SDFFRQX2M)
                                                          0.00       0.00 r
  Domain_1_TOP_U0/SYS_CTRL_U3/cur_state_reg[1]/Q (SDFFRQX2M)
                                                          0.43       0.43 r
  Domain_1_TOP_U0/SYS_CTRL_U3/U105/Y (INVX2M)             0.07       0.51 f
  Domain_1_TOP_U0/SYS_CTRL_U3/U41/Y (NOR3X2M)             0.36       0.86 r
  Domain_1_TOP_U0/SYS_CTRL_U3/U67/Y (NAND2X2M)            0.24       1.10 f
  Domain_1_TOP_U0/SYS_CTRL_U3/U46/Y (AND3X2M)             0.26       1.36 f
  Domain_1_TOP_U0/SYS_CTRL_U3/U98/Y (NOR2X2M)             0.22       1.59 r
  Domain_1_TOP_U0/SYS_CTRL_U3/Address[3] (SYS_CTRL_test_1)
                                                          0.00       1.59 r
  Domain_1_TOP_U0/RegFile_U2/Address[3] (RegFile_test_1)
                                                          0.00       1.59 r
  Domain_1_TOP_U0/RegFile_U2/U197/Y (AND2X2M)             0.18       1.77 r
  Domain_1_TOP_U0/RegFile_U2/U178/Y (AND2X2M)             0.19       1.96 r
  Domain_1_TOP_U0/RegFile_U2/U168/Y (NAND2X2M)            0.20       2.16 f
  Domain_1_TOP_U0/RegFile_U2/U247/Y (OAI2BB2X1M)          0.28       2.43 f
  Domain_1_TOP_U0/RegFile_U2/regArr_reg[8][3]/D (SDFFRQX2M)
                                                          0.00       2.43 f
  data arrival time                                                  2.43

  clock scan_clk (rise edge)                            100.00     100.00
  clock network delay (ideal)                             0.00     100.00
  clock uncertainty                                      -0.20      99.80
  Domain_1_TOP_U0/RegFile_U2/regArr_reg[8][3]/CK (SDFFRQX2M)
                                                          0.00      99.80 r
  library setup time                                     -0.41      99.39
  data required time                                                99.39
  --------------------------------------------------------------------------
  data required time                                                99.39
  data arrival time                                                 -2.43
  --------------------------------------------------------------------------
  slack (MET)                                                       96.96


  Startpoint: Domain_1_TOP_U0/SYS_CTRL_U3/cur_state_reg[1]
              (rising edge-triggered flip-flop clocked by scan_clk)
  Endpoint: Domain_1_TOP_U0/RegFile_U2/regArr_reg[8][2]
            (rising edge-triggered flip-flop clocked by scan_clk)
  Path Group: scan_clk
  Path Type: max

  Point                                                   Incr       Path
  --------------------------------------------------------------------------
  clock scan_clk (rise edge)                              0.00       0.00
  clock network delay (ideal)                             0.00       0.00
  Domain_1_TOP_U0/SYS_CTRL_U3/cur_state_reg[1]/CK (SDFFRQX2M)
                                                          0.00       0.00 r
  Domain_1_TOP_U0/SYS_CTRL_U3/cur_state_reg[1]/Q (SDFFRQX2M)
                                                          0.43       0.43 r
  Domain_1_TOP_U0/SYS_CTRL_U3/U105/Y (INVX2M)             0.07       0.51 f
  Domain_1_TOP_U0/SYS_CTRL_U3/U41/Y (NOR3X2M)             0.36       0.86 r
  Domain_1_TOP_U0/SYS_CTRL_U3/U67/Y (NAND2X2M)            0.24       1.10 f
  Domain_1_TOP_U0/SYS_CTRL_U3/U46/Y (AND3X2M)             0.26       1.36 f
  Domain_1_TOP_U0/SYS_CTRL_U3/U98/Y (NOR2X2M)             0.22       1.59 r
  Domain_1_TOP_U0/SYS_CTRL_U3/Address[3] (SYS_CTRL_test_1)
                                                          0.00       1.59 r
  Domain_1_TOP_U0/RegFile_U2/Address[3] (RegFile_test_1)
                                                          0.00       1.59 r
  Domain_1_TOP_U0/RegFile_U2/U197/Y (AND2X2M)             0.18       1.77 r
  Domain_1_TOP_U0/RegFile_U2/U178/Y (AND2X2M)             0.19       1.96 r
  Domain_1_TOP_U0/RegFile_U2/U168/Y (NAND2X2M)            0.20       2.16 f
  Domain_1_TOP_U0/RegFile_U2/U246/Y (OAI2BB2X1M)          0.28       2.43 f
  Domain_1_TOP_U0/RegFile_U2/regArr_reg[8][2]/D (SDFFRQX2M)
                                                          0.00       2.43 f
  data arrival time                                                  2.43

  clock scan_clk (rise edge)                            100.00     100.00
  clock network delay (ideal)                             0.00     100.00
  clock uncertainty                                      -0.20      99.80
  Domain_1_TOP_U0/RegFile_U2/regArr_reg[8][2]/CK (SDFFRQX2M)
                                                          0.00      99.80 r
  library setup time                                     -0.41      99.39
  data required time                                                99.39
  --------------------------------------------------------------------------
  data required time                                                99.39
  data arrival time                                                 -2.43
  --------------------------------------------------------------------------
  slack (MET)                                                       96.96


  Startpoint: Domain_1_TOP_U0/SYS_CTRL_U3/cur_state_reg[1]
              (rising edge-triggered flip-flop clocked by scan_clk)
  Endpoint: Domain_1_TOP_U0/RegFile_U2/regArr_reg[8][1]
            (rising edge-triggered flip-flop clocked by scan_clk)
  Path Group: scan_clk
  Path Type: max

  Point                                                   Incr       Path
  --------------------------------------------------------------------------
  clock scan_clk (rise edge)                              0.00       0.00
  clock network delay (ideal)                             0.00       0.00
  Domain_1_TOP_U0/SYS_CTRL_U3/cur_state_reg[1]/CK (SDFFRQX2M)
                                                          0.00       0.00 r
  Domain_1_TOP_U0/SYS_CTRL_U3/cur_state_reg[1]/Q (SDFFRQX2M)
                                                          0.43       0.43 r
  Domain_1_TOP_U0/SYS_CTRL_U3/U105/Y (INVX2M)             0.07       0.51 f
  Domain_1_TOP_U0/SYS_CTRL_U3/U41/Y (NOR3X2M)             0.36       0.86 r
  Domain_1_TOP_U0/SYS_CTRL_U3/U67/Y (NAND2X2M)            0.24       1.10 f
  Domain_1_TOP_U0/SYS_CTRL_U3/U46/Y (AND3X2M)             0.26       1.36 f
  Domain_1_TOP_U0/SYS_CTRL_U3/U98/Y (NOR2X2M)             0.22       1.59 r
  Domain_1_TOP_U0/SYS_CTRL_U3/Address[3] (SYS_CTRL_test_1)
                                                          0.00       1.59 r
  Domain_1_TOP_U0/RegFile_U2/Address[3] (RegFile_test_1)
                                                          0.00       1.59 r
  Domain_1_TOP_U0/RegFile_U2/U197/Y (AND2X2M)             0.18       1.77 r
  Domain_1_TOP_U0/RegFile_U2/U178/Y (AND2X2M)             0.19       1.96 r
  Domain_1_TOP_U0/RegFile_U2/U168/Y (NAND2X2M)            0.20       2.16 f
  Domain_1_TOP_U0/RegFile_U2/U245/Y (OAI2BB2X1M)          0.28       2.43 f
  Domain_1_TOP_U0/RegFile_U2/regArr_reg[8][1]/D (SDFFRQX2M)
                                                          0.00       2.43 f
  data arrival time                                                  2.43

  clock scan_clk (rise edge)                            100.00     100.00
  clock network delay (ideal)                             0.00     100.00
  clock uncertainty                                      -0.20      99.80
  Domain_1_TOP_U0/RegFile_U2/regArr_reg[8][1]/CK (SDFFRQX2M)
                                                          0.00      99.80 r
  library setup time                                     -0.41      99.39
  data required time                                                99.39
  --------------------------------------------------------------------------
  data required time                                                99.39
  data arrival time                                                 -2.43
  --------------------------------------------------------------------------
  slack (MET)                                                       96.96


  Startpoint: Domain_1_TOP_U0/SYS_CTRL_U3/cur_state_reg[1]
              (rising edge-triggered flip-flop clocked by scan_clk)
  Endpoint: Domain_1_TOP_U0/RegFile_U2/regArr_reg[8][0]
            (rising edge-triggered flip-flop clocked by scan_clk)
  Path Group: scan_clk
  Path Type: max

  Point                                                   Incr       Path
  --------------------------------------------------------------------------
  clock scan_clk (rise edge)                              0.00       0.00
  clock network delay (ideal)                             0.00       0.00
  Domain_1_TOP_U0/SYS_CTRL_U3/cur_state_reg[1]/CK (SDFFRQX2M)
                                                          0.00       0.00 r
  Domain_1_TOP_U0/SYS_CTRL_U3/cur_state_reg[1]/Q (SDFFRQX2M)
                                                          0.43       0.43 r
  Domain_1_TOP_U0/SYS_CTRL_U3/U105/Y (INVX2M)             0.07       0.51 f
  Domain_1_TOP_U0/SYS_CTRL_U3/U41/Y (NOR3X2M)             0.36       0.86 r
  Domain_1_TOP_U0/SYS_CTRL_U3/U67/Y (NAND2X2M)            0.24       1.10 f
  Domain_1_TOP_U0/SYS_CTRL_U3/U46/Y (AND3X2M)             0.26       1.36 f
  Domain_1_TOP_U0/SYS_CTRL_U3/U98/Y (NOR2X2M)             0.22       1.59 r
  Domain_1_TOP_U0/SYS_CTRL_U3/Address[3] (SYS_CTRL_test_1)
                                                          0.00       1.59 r
  Domain_1_TOP_U0/RegFile_U2/Address[3] (RegFile_test_1)
                                                          0.00       1.59 r
  Domain_1_TOP_U0/RegFile_U2/U197/Y (AND2X2M)             0.18       1.77 r
  Domain_1_TOP_U0/RegFile_U2/U178/Y (AND2X2M)             0.19       1.96 r
  Domain_1_TOP_U0/RegFile_U2/U168/Y (NAND2X2M)            0.20       2.16 f
  Domain_1_TOP_U0/RegFile_U2/U244/Y (OAI2BB2X1M)          0.28       2.43 f
  Domain_1_TOP_U0/RegFile_U2/regArr_reg[8][0]/D (SDFFRQX2M)
                                                          0.00       2.43 f
  data arrival time                                                  2.43

  clock scan_clk (rise edge)                            100.00     100.00
  clock network delay (ideal)                             0.00     100.00
  clock uncertainty                                      -0.20      99.80
  Domain_1_TOP_U0/RegFile_U2/regArr_reg[8][0]/CK (SDFFRQX2M)
                                                          0.00      99.80 r
  library setup time                                     -0.41      99.39
  data required time                                                99.39
  --------------------------------------------------------------------------
  data required time                                                99.39
  data arrival time                                                 -2.43
  --------------------------------------------------------------------------
  slack (MET)                                                       96.96


  Startpoint: Domain_1_TOP_U0/SYS_CTRL_U3/cur_state_reg[1]
              (rising edge-triggered flip-flop clocked by scan_clk)
  Endpoint: Domain_1_TOP_U0/RegFile_U2/regArr_reg[13][7]
            (rising edge-triggered flip-flop clocked by scan_clk)
  Path Group: scan_clk
  Path Type: max

  Point                                                   Incr       Path
  --------------------------------------------------------------------------
  clock scan_clk (rise edge)                              0.00       0.00
  clock network delay (ideal)                             0.00       0.00
  Domain_1_TOP_U0/SYS_CTRL_U3/cur_state_reg[1]/CK (SDFFRQX2M)
                                                          0.00       0.00 r
  Domain_1_TOP_U0/SYS_CTRL_U3/cur_state_reg[1]/Q (SDFFRQX2M)
                                                          0.43       0.43 r
  Domain_1_TOP_U0/SYS_CTRL_U3/U105/Y (INVX2M)             0.07       0.51 f
  Domain_1_TOP_U0/SYS_CTRL_U3/U41/Y (NOR3X2M)             0.36       0.86 r
  Domain_1_TOP_U0/SYS_CTRL_U3/U67/Y (NAND2X2M)            0.24       1.10 f
  Domain_1_TOP_U0/SYS_CTRL_U3/U46/Y (AND3X2M)             0.26       1.36 f
  Domain_1_TOP_U0/SYS_CTRL_U3/U98/Y (NOR2X2M)             0.22       1.59 r
  Domain_1_TOP_U0/SYS_CTRL_U3/Address[3] (SYS_CTRL_test_1)
                                                          0.00       1.59 r
  Domain_1_TOP_U0/RegFile_U2/Address[3] (RegFile_test_1)
                                                          0.00       1.59 r
  Domain_1_TOP_U0/RegFile_U2/U197/Y (AND2X2M)             0.18       1.77 r
  Domain_1_TOP_U0/RegFile_U2/U192/Y (AND2X2M)             0.19       1.96 r
  Domain_1_TOP_U0/RegFile_U2/U173/Y (NAND2X2M)            0.20       2.16 f
  Domain_1_TOP_U0/RegFile_U2/U325/Y (OAI2BB2X1M)          0.27       2.43 f
  Domain_1_TOP_U0/RegFile_U2/regArr_reg[13][7]/D (SDFFRQX2M)
                                                          0.00       2.43 f
  data arrival time                                                  2.43

  clock scan_clk (rise edge)                            100.00     100.00
  clock network delay (ideal)                             0.00     100.00
  clock uncertainty                                      -0.20      99.80
  Domain_1_TOP_U0/RegFile_U2/regArr_reg[13][7]/CK (SDFFRQX2M)
                                                          0.00      99.80 r
  library setup time                                     -0.41      99.39
  data required time                                                99.39
  --------------------------------------------------------------------------
  data required time                                                99.39
  data arrival time                                                 -2.43
  --------------------------------------------------------------------------
  slack (MET)                                                       96.96


  Startpoint: Domain_1_TOP_U0/SYS_CTRL_U3/cur_state_reg[1]
              (rising edge-triggered flip-flop clocked by scan_clk)
  Endpoint: Domain_1_TOP_U0/RegFile_U2/regArr_reg[13][6]
            (rising edge-triggered flip-flop clocked by scan_clk)
  Path Group: scan_clk
  Path Type: max

  Point                                                   Incr       Path
  --------------------------------------------------------------------------
  clock scan_clk (rise edge)                              0.00       0.00
  clock network delay (ideal)                             0.00       0.00
  Domain_1_TOP_U0/SYS_CTRL_U3/cur_state_reg[1]/CK (SDFFRQX2M)
                                                          0.00       0.00 r
  Domain_1_TOP_U0/SYS_CTRL_U3/cur_state_reg[1]/Q (SDFFRQX2M)
                                                          0.43       0.43 r
  Domain_1_TOP_U0/SYS_CTRL_U3/U105/Y (INVX2M)             0.07       0.51 f
  Domain_1_TOP_U0/SYS_CTRL_U3/U41/Y (NOR3X2M)             0.36       0.86 r
  Domain_1_TOP_U0/SYS_CTRL_U3/U67/Y (NAND2X2M)            0.24       1.10 f
  Domain_1_TOP_U0/SYS_CTRL_U3/U46/Y (AND3X2M)             0.26       1.36 f
  Domain_1_TOP_U0/SYS_CTRL_U3/U98/Y (NOR2X2M)             0.22       1.59 r
  Domain_1_TOP_U0/SYS_CTRL_U3/Address[3] (SYS_CTRL_test_1)
                                                          0.00       1.59 r
  Domain_1_TOP_U0/RegFile_U2/Address[3] (RegFile_test_1)
                                                          0.00       1.59 r
  Domain_1_TOP_U0/RegFile_U2/U197/Y (AND2X2M)             0.18       1.77 r
  Domain_1_TOP_U0/RegFile_U2/U192/Y (AND2X2M)             0.19       1.96 r
  Domain_1_TOP_U0/RegFile_U2/U173/Y (NAND2X2M)            0.20       2.16 f
  Domain_1_TOP_U0/RegFile_U2/U324/Y (OAI2BB2X1M)          0.27       2.43 f
  Domain_1_TOP_U0/RegFile_U2/regArr_reg[13][6]/D (SDFFRQX2M)
                                                          0.00       2.43 f
  data arrival time                                                  2.43

  clock scan_clk (rise edge)                            100.00     100.00
  clock network delay (ideal)                             0.00     100.00
  clock uncertainty                                      -0.20      99.80
  Domain_1_TOP_U0/RegFile_U2/regArr_reg[13][6]/CK (SDFFRQX2M)
                                                          0.00      99.80 r
  library setup time                                     -0.41      99.39
  data required time                                                99.39
  --------------------------------------------------------------------------
  data required time                                                99.39
  data arrival time                                                 -2.43
  --------------------------------------------------------------------------
  slack (MET)                                                       96.96


  Startpoint: Domain_1_TOP_U0/SYS_CTRL_U3/cur_state_reg[1]
              (rising edge-triggered flip-flop clocked by scan_clk)
  Endpoint: Domain_1_TOP_U0/RegFile_U2/regArr_reg[13][5]
            (rising edge-triggered flip-flop clocked by scan_clk)
  Path Group: scan_clk
  Path Type: max

  Point                                                   Incr       Path
  --------------------------------------------------------------------------
  clock scan_clk (rise edge)                              0.00       0.00
  clock network delay (ideal)                             0.00       0.00
  Domain_1_TOP_U0/SYS_CTRL_U3/cur_state_reg[1]/CK (SDFFRQX2M)
                                                          0.00       0.00 r
  Domain_1_TOP_U0/SYS_CTRL_U3/cur_state_reg[1]/Q (SDFFRQX2M)
                                                          0.43       0.43 r
  Domain_1_TOP_U0/SYS_CTRL_U3/U105/Y (INVX2M)             0.07       0.51 f
  Domain_1_TOP_U0/SYS_CTRL_U3/U41/Y (NOR3X2M)             0.36       0.86 r
  Domain_1_TOP_U0/SYS_CTRL_U3/U67/Y (NAND2X2M)            0.24       1.10 f
  Domain_1_TOP_U0/SYS_CTRL_U3/U46/Y (AND3X2M)             0.26       1.36 f
  Domain_1_TOP_U0/SYS_CTRL_U3/U98/Y (NOR2X2M)             0.22       1.59 r
  Domain_1_TOP_U0/SYS_CTRL_U3/Address[3] (SYS_CTRL_test_1)
                                                          0.00       1.59 r
  Domain_1_TOP_U0/RegFile_U2/Address[3] (RegFile_test_1)
                                                          0.00       1.59 r
  Domain_1_TOP_U0/RegFile_U2/U197/Y (AND2X2M)             0.18       1.77 r
  Domain_1_TOP_U0/RegFile_U2/U192/Y (AND2X2M)             0.19       1.96 r
  Domain_1_TOP_U0/RegFile_U2/U173/Y (NAND2X2M)            0.20       2.16 f
  Domain_1_TOP_U0/RegFile_U2/U323/Y (OAI2BB2X1M)          0.27       2.43 f
  Domain_1_TOP_U0/RegFile_U2/regArr_reg[13][5]/D (SDFFRQX2M)
                                                          0.00       2.43 f
  data arrival time                                                  2.43

  clock scan_clk (rise edge)                            100.00     100.00
  clock network delay (ideal)                             0.00     100.00
  clock uncertainty                                      -0.20      99.80
  Domain_1_TOP_U0/RegFile_U2/regArr_reg[13][5]/CK (SDFFRQX2M)
                                                          0.00      99.80 r
  library setup time                                     -0.41      99.39
  data required time                                                99.39
  --------------------------------------------------------------------------
  data required time                                                99.39
  data arrival time                                                 -2.43
  --------------------------------------------------------------------------
  slack (MET)                                                       96.96


  Startpoint: Domain_1_TOP_U0/SYS_CTRL_U3/cur_state_reg[1]
              (rising edge-triggered flip-flop clocked by scan_clk)
  Endpoint: Domain_1_TOP_U0/RegFile_U2/regArr_reg[13][4]
            (rising edge-triggered flip-flop clocked by scan_clk)
  Path Group: scan_clk
  Path Type: max

  Point                                                   Incr       Path
  --------------------------------------------------------------------------
  clock scan_clk (rise edge)                              0.00       0.00
  clock network delay (ideal)                             0.00       0.00
  Domain_1_TOP_U0/SYS_CTRL_U3/cur_state_reg[1]/CK (SDFFRQX2M)
                                                          0.00       0.00 r
  Domain_1_TOP_U0/SYS_CTRL_U3/cur_state_reg[1]/Q (SDFFRQX2M)
                                                          0.43       0.43 r
  Domain_1_TOP_U0/SYS_CTRL_U3/U105/Y (INVX2M)             0.07       0.51 f
  Domain_1_TOP_U0/SYS_CTRL_U3/U41/Y (NOR3X2M)             0.36       0.86 r
  Domain_1_TOP_U0/SYS_CTRL_U3/U67/Y (NAND2X2M)            0.24       1.10 f
  Domain_1_TOP_U0/SYS_CTRL_U3/U46/Y (AND3X2M)             0.26       1.36 f
  Domain_1_TOP_U0/SYS_CTRL_U3/U98/Y (NOR2X2M)             0.22       1.59 r
  Domain_1_TOP_U0/SYS_CTRL_U3/Address[3] (SYS_CTRL_test_1)
                                                          0.00       1.59 r
  Domain_1_TOP_U0/RegFile_U2/Address[3] (RegFile_test_1)
                                                          0.00       1.59 r
  Domain_1_TOP_U0/RegFile_U2/U197/Y (AND2X2M)             0.18       1.77 r
  Domain_1_TOP_U0/RegFile_U2/U192/Y (AND2X2M)             0.19       1.96 r
  Domain_1_TOP_U0/RegFile_U2/U173/Y (NAND2X2M)            0.20       2.16 f
  Domain_1_TOP_U0/RegFile_U2/U322/Y (OAI2BB2X1M)          0.27       2.43 f
  Domain_1_TOP_U0/RegFile_U2/regArr_reg[13][4]/D (SDFFRQX2M)
                                                          0.00       2.43 f
  data arrival time                                                  2.43

  clock scan_clk (rise edge)                            100.00     100.00
  clock network delay (ideal)                             0.00     100.00
  clock uncertainty                                      -0.20      99.80
  Domain_1_TOP_U0/RegFile_U2/regArr_reg[13][4]/CK (SDFFRQX2M)
                                                          0.00      99.80 r
  library setup time                                     -0.41      99.39
  data required time                                                99.39
  --------------------------------------------------------------------------
  data required time                                                99.39
  data arrival time                                                 -2.43
  --------------------------------------------------------------------------
  slack (MET)                                                       96.96


  Startpoint: Domain_1_TOP_U0/SYS_CTRL_U3/cur_state_reg[1]
              (rising edge-triggered flip-flop clocked by scan_clk)
  Endpoint: Domain_1_TOP_U0/RegFile_U2/regArr_reg[13][3]
            (rising edge-triggered flip-flop clocked by scan_clk)
  Path Group: scan_clk
  Path Type: max

  Point                                                   Incr       Path
  --------------------------------------------------------------------------
  clock scan_clk (rise edge)                              0.00       0.00
  clock network delay (ideal)                             0.00       0.00
  Domain_1_TOP_U0/SYS_CTRL_U3/cur_state_reg[1]/CK (SDFFRQX2M)
                                                          0.00       0.00 r
  Domain_1_TOP_U0/SYS_CTRL_U3/cur_state_reg[1]/Q (SDFFRQX2M)
                                                          0.43       0.43 r
  Domain_1_TOP_U0/SYS_CTRL_U3/U105/Y (INVX2M)             0.07       0.51 f
  Domain_1_TOP_U0/SYS_CTRL_U3/U41/Y (NOR3X2M)             0.36       0.86 r
  Domain_1_TOP_U0/SYS_CTRL_U3/U67/Y (NAND2X2M)            0.24       1.10 f
  Domain_1_TOP_U0/SYS_CTRL_U3/U46/Y (AND3X2M)             0.26       1.36 f
  Domain_1_TOP_U0/SYS_CTRL_U3/U98/Y (NOR2X2M)             0.22       1.59 r
  Domain_1_TOP_U0/SYS_CTRL_U3/Address[3] (SYS_CTRL_test_1)
                                                          0.00       1.59 r
  Domain_1_TOP_U0/RegFile_U2/Address[3] (RegFile_test_1)
                                                          0.00       1.59 r
  Domain_1_TOP_U0/RegFile_U2/U197/Y (AND2X2M)             0.18       1.77 r
  Domain_1_TOP_U0/RegFile_U2/U192/Y (AND2X2M)             0.19       1.96 r
  Domain_1_TOP_U0/RegFile_U2/U173/Y (NAND2X2M)            0.20       2.16 f
  Domain_1_TOP_U0/RegFile_U2/U321/Y (OAI2BB2X1M)          0.27       2.43 f
  Domain_1_TOP_U0/RegFile_U2/regArr_reg[13][3]/D (SDFFRQX2M)
                                                          0.00       2.43 f
  data arrival time                                                  2.43

  clock scan_clk (rise edge)                            100.00     100.00
  clock network delay (ideal)                             0.00     100.00
  clock uncertainty                                      -0.20      99.80
  Domain_1_TOP_U0/RegFile_U2/regArr_reg[13][3]/CK (SDFFRQX2M)
                                                          0.00      99.80 r
  library setup time                                     -0.41      99.39
  data required time                                                99.39
  --------------------------------------------------------------------------
  data required time                                                99.39
  data arrival time                                                 -2.43
  --------------------------------------------------------------------------
  slack (MET)                                                       96.96


  Startpoint: Domain_1_TOP_U0/SYS_CTRL_U3/cur_state_reg[1]
              (rising edge-triggered flip-flop clocked by scan_clk)
  Endpoint: Domain_1_TOP_U0/RegFile_U2/regArr_reg[13][2]
            (rising edge-triggered flip-flop clocked by scan_clk)
  Path Group: scan_clk
  Path Type: max

  Point                                                   Incr       Path
  --------------------------------------------------------------------------
  clock scan_clk (rise edge)                              0.00       0.00
  clock network delay (ideal)                             0.00       0.00
  Domain_1_TOP_U0/SYS_CTRL_U3/cur_state_reg[1]/CK (SDFFRQX2M)
                                                          0.00       0.00 r
  Domain_1_TOP_U0/SYS_CTRL_U3/cur_state_reg[1]/Q (SDFFRQX2M)
                                                          0.43       0.43 r
  Domain_1_TOP_U0/SYS_CTRL_U3/U105/Y (INVX2M)             0.07       0.51 f
  Domain_1_TOP_U0/SYS_CTRL_U3/U41/Y (NOR3X2M)             0.36       0.86 r
  Domain_1_TOP_U0/SYS_CTRL_U3/U67/Y (NAND2X2M)            0.24       1.10 f
  Domain_1_TOP_U0/SYS_CTRL_U3/U46/Y (AND3X2M)             0.26       1.36 f
  Domain_1_TOP_U0/SYS_CTRL_U3/U98/Y (NOR2X2M)             0.22       1.59 r
  Domain_1_TOP_U0/SYS_CTRL_U3/Address[3] (SYS_CTRL_test_1)
                                                          0.00       1.59 r
  Domain_1_TOP_U0/RegFile_U2/Address[3] (RegFile_test_1)
                                                          0.00       1.59 r
  Domain_1_TOP_U0/RegFile_U2/U197/Y (AND2X2M)             0.18       1.77 r
  Domain_1_TOP_U0/RegFile_U2/U192/Y (AND2X2M)             0.19       1.96 r
  Domain_1_TOP_U0/RegFile_U2/U173/Y (NAND2X2M)            0.20       2.16 f
  Domain_1_TOP_U0/RegFile_U2/U320/Y (OAI2BB2X1M)          0.27       2.43 f
  Domain_1_TOP_U0/RegFile_U2/regArr_reg[13][2]/D (SDFFRQX2M)
                                                          0.00       2.43 f
  data arrival time                                                  2.43

  clock scan_clk (rise edge)                            100.00     100.00
  clock network delay (ideal)                             0.00     100.00
  clock uncertainty                                      -0.20      99.80
  Domain_1_TOP_U0/RegFile_U2/regArr_reg[13][2]/CK (SDFFRQX2M)
                                                          0.00      99.80 r
  library setup time                                     -0.41      99.39
  data required time                                                99.39
  --------------------------------------------------------------------------
  data required time                                                99.39
  data arrival time                                                 -2.43
  --------------------------------------------------------------------------
  slack (MET)                                                       96.96


  Startpoint: Domain_1_TOP_U0/SYS_CTRL_U3/cur_state_reg[1]
              (rising edge-triggered flip-flop clocked by scan_clk)
  Endpoint: Domain_1_TOP_U0/RegFile_U2/regArr_reg[13][1]
            (rising edge-triggered flip-flop clocked by scan_clk)
  Path Group: scan_clk
  Path Type: max

  Point                                                   Incr       Path
  --------------------------------------------------------------------------
  clock scan_clk (rise edge)                              0.00       0.00
  clock network delay (ideal)                             0.00       0.00
  Domain_1_TOP_U0/SYS_CTRL_U3/cur_state_reg[1]/CK (SDFFRQX2M)
                                                          0.00       0.00 r
  Domain_1_TOP_U0/SYS_CTRL_U3/cur_state_reg[1]/Q (SDFFRQX2M)
                                                          0.43       0.43 r
  Domain_1_TOP_U0/SYS_CTRL_U3/U105/Y (INVX2M)             0.07       0.51 f
  Domain_1_TOP_U0/SYS_CTRL_U3/U41/Y (NOR3X2M)             0.36       0.86 r
  Domain_1_TOP_U0/SYS_CTRL_U3/U67/Y (NAND2X2M)            0.24       1.10 f
  Domain_1_TOP_U0/SYS_CTRL_U3/U46/Y (AND3X2M)             0.26       1.36 f
  Domain_1_TOP_U0/SYS_CTRL_U3/U98/Y (NOR2X2M)             0.22       1.59 r
  Domain_1_TOP_U0/SYS_CTRL_U3/Address[3] (SYS_CTRL_test_1)
                                                          0.00       1.59 r
  Domain_1_TOP_U0/RegFile_U2/Address[3] (RegFile_test_1)
                                                          0.00       1.59 r
  Domain_1_TOP_U0/RegFile_U2/U197/Y (AND2X2M)             0.18       1.77 r
  Domain_1_TOP_U0/RegFile_U2/U192/Y (AND2X2M)             0.19       1.96 r
  Domain_1_TOP_U0/RegFile_U2/U173/Y (NAND2X2M)            0.20       2.16 f
  Domain_1_TOP_U0/RegFile_U2/U319/Y (OAI2BB2X1M)          0.27       2.43 f
  Domain_1_TOP_U0/RegFile_U2/regArr_reg[13][1]/D (SDFFRQX2M)
                                                          0.00       2.43 f
  data arrival time                                                  2.43

  clock scan_clk (rise edge)                            100.00     100.00
  clock network delay (ideal)                             0.00     100.00
  clock uncertainty                                      -0.20      99.80
  Domain_1_TOP_U0/RegFile_U2/regArr_reg[13][1]/CK (SDFFRQX2M)
                                                          0.00      99.80 r
  library setup time                                     -0.41      99.39
  data required time                                                99.39
  --------------------------------------------------------------------------
  data required time                                                99.39
  data arrival time                                                 -2.43
  --------------------------------------------------------------------------
  slack (MET)                                                       96.96


  Startpoint: Domain_1_TOP_U0/SYS_CTRL_U3/cur_state_reg[1]
              (rising edge-triggered flip-flop clocked by scan_clk)
  Endpoint: Domain_1_TOP_U0/RegFile_U2/regArr_reg[13][0]
            (rising edge-triggered flip-flop clocked by scan_clk)
  Path Group: scan_clk
  Path Type: max

  Point                                                   Incr       Path
  --------------------------------------------------------------------------
  clock scan_clk (rise edge)                              0.00       0.00
  clock network delay (ideal)                             0.00       0.00
  Domain_1_TOP_U0/SYS_CTRL_U3/cur_state_reg[1]/CK (SDFFRQX2M)
                                                          0.00       0.00 r
  Domain_1_TOP_U0/SYS_CTRL_U3/cur_state_reg[1]/Q (SDFFRQX2M)
                                                          0.43       0.43 r
  Domain_1_TOP_U0/SYS_CTRL_U3/U105/Y (INVX2M)             0.07       0.51 f
  Domain_1_TOP_U0/SYS_CTRL_U3/U41/Y (NOR3X2M)             0.36       0.86 r
  Domain_1_TOP_U0/SYS_CTRL_U3/U67/Y (NAND2X2M)            0.24       1.10 f
  Domain_1_TOP_U0/SYS_CTRL_U3/U46/Y (AND3X2M)             0.26       1.36 f
  Domain_1_TOP_U0/SYS_CTRL_U3/U98/Y (NOR2X2M)             0.22       1.59 r
  Domain_1_TOP_U0/SYS_CTRL_U3/Address[3] (SYS_CTRL_test_1)
                                                          0.00       1.59 r
  Domain_1_TOP_U0/RegFile_U2/Address[3] (RegFile_test_1)
                                                          0.00       1.59 r
  Domain_1_TOP_U0/RegFile_U2/U197/Y (AND2X2M)             0.18       1.77 r
  Domain_1_TOP_U0/RegFile_U2/U192/Y (AND2X2M)             0.19       1.96 r
  Domain_1_TOP_U0/RegFile_U2/U173/Y (NAND2X2M)            0.20       2.16 f
  Domain_1_TOP_U0/RegFile_U2/U318/Y (OAI2BB2X1M)          0.27       2.43 f
  Domain_1_TOP_U0/RegFile_U2/regArr_reg[13][0]/D (SDFFRQX2M)
                                                          0.00       2.43 f
  data arrival time                                                  2.43

  clock scan_clk (rise edge)                            100.00     100.00
  clock network delay (ideal)                             0.00     100.00
  clock uncertainty                                      -0.20      99.80
  Domain_1_TOP_U0/RegFile_U2/regArr_reg[13][0]/CK (SDFFRQX2M)
                                                          0.00      99.80 r
  library setup time                                     -0.41      99.39
  data required time                                                99.39
  --------------------------------------------------------------------------
  data required time                                                99.39
  data arrival time                                                 -2.43
  --------------------------------------------------------------------------
  slack (MET)                                                       96.96


1
